article_header,author,category,content,date_parsed,date_raw,sub_category,subcription,title,url
"El movimiento de mercancías no se detiene, y con él crece la demanda de talento en bodegas y transporte. Así puede aprovechar las oportunidades."," Johan García Blandón
                     ",Empleos,"Encontrar empleo es un empleo en sí mismo se suele escuchar por ahí, pero el sector logístico y de transporte en Colombia se ha vuelto una puerta abierta para miles de personas, pues  actualmente hay cerca de 16.000 vacantes activas , de las cuales  10.000 ofrecen contratación inmediata.
Esta cifra refleja la fuerza de una industria que sostiene gran parte del comercio y que hoy busca manos que mantengan en movimiento las bodegas, almacenes y rutas de distribución del país.
Le puede interesar:  Gimnasios y empresas en Colombia necesitan entrenadores: estas son las ciudades con más vacantes
Los perfiles que lideran la demanda incluyen auxiliar de bodega, auxiliar de inventarios, operario de tienda, operario de almacén y ayudante de distribución y transporte. Los salarios para estas posiciones oscilan entre $1.423.500 y $2.000.000, según el cargo y la experiencia.

Además,  1.941 de las vacantes no requieren experiencia previa,  una gran oportunidad para quienes buscan su primer empleo formal o desean cambiar de sector.
Las ofertas se concentran en Bogotá, Medellín, Cali, Barranquilla y Bucaramanga, aunque también hay oportunidades en regiones industriales y municipios intermedios del país.
Esta amplitud geográfica permite que personas de diferentes zonas accedan a trabajos estables y con posibilidad de crecimiento.
Lea más:  Empresas que más están contratando en Bogotá: hay más de 65.000 ofertas y así puede aplicar
Salario:  $ 1.423.500 a $ 1.900.000.
Responsabilidades:

- Realizar labores de cargue y descargue.
- Gestionar el almacenamiento adecuado de productos.
- Manejar inventarios con precisión.
- Alistar pedidos y coordinar su entrega al cliente.
- Mantener la organización y aseo en la bodega.
Requerimientos:
- Mínimo seis meses de experiencia en bodega.
- Experiencia en cargue descargue y almacenamiento.
- Conocimientos básicos en inventarios.
- Bachillerato culminado (ideal).
- Residir en Bello o poblaciones aledañas.
Aplique aquí.
Salario a convenir.
Responsabilidades:
- Recibir almacenar y despachar materias primas y repuestos garantizando el nivel óptimo de servicio.
- Utilizar sistemas y herramientas para registrar y ubicar materiales en el almacén de manera precisa.
- Despachar órdenes de fabricación y pedidos siguiendo la programación establecida.
- Seleccionar y recoger productos para cada pedido asegurando exactitud y eficiencia.
- Rotular y embalar materias primas para su entrega asegurando identificación clara.
- Recibir y verificar devoluciones inspeccionando calidad y documentando casos.
- Participar en programas de mejoramiento continuo proponiendo soluciones.
- Realizar inventarios cíclicos y generales para asegurar la confiabilidad de registros.
Requerimientos:
- Bachillerato completo.
- Experiencia mínima de 6 meses en manejo de almacenes o logística.
- Conocimiento básico de sistemas de gestión de inventario.
- Habilidad para trabajar en equipo y comunicarse efectivamente.
- Capacidad para manejar físicamente cargas y estar de pie por largos periodos.
- Disponibilidad en rotar horarios de lunes a sabado 3 turnos.
Postúlese en este enlace.
Salario:  $ 1.992.000.
Responsabilidades:

- Entregar producto a los diferentes clientes según la ruta asignada.
- Realizar recaudo y custodia del dinero correspondiente.
- Radicación de facturas y servicio al cliente.
- Verificar que el producto físico a entregar corresponda al programado en la lista picking.
- Realizar entregas del producto en calidad cantidad y oportunidad.
- Apoyar las estrategias AIDA (Planimetría) al surtir congeladores.
- Monitorear condiciones de la cadena de frío para garantizar calidad del producto.
- Realizar devoluciones según el estado del producto.
Requerimientos:
- Bachillerato completo.
- Un año de experiencia en distribución de productos atención a clientes y manejo de dinero.
Envíe la hoja de vida.
Salario: $ 2.088.000.
Responsabilidades:

- Gestionar y supervisar las operaciones logísticas diarias.
- Coordinar y monitorizar el transporte y la distribución de productos.
- Colaborar con proveedores y clientes para optimizar el flujo logístico.
- Controlar el inventario y asegurar la adecuada rotación de productos.
- Desarrollar estrategias para mejorar la eficiencia operativa.
Requerimientos:
- Tecnico, Tecnólogo o Profesional en Logística Administración o afines.
- Experiencia mínima de 1 año en coordinación logística o roles similares.
- Habilidad para trabajar bajo presión y resolver problemas.
- Conocimientos en sistemas de gestión de inventarios y ERP.
- Excelentes habilidades de comunicación y liderazgo.
Postúlese ahora mismo.
Para aplicar a estas oportunidades por medio de Magneto Empleos, puede seguir estos pasos sencillos:
1. Ingrese al portal  Magneto Empleos  y cree una cuenta o inicie sesión.
2. Complete su perfil con datos actualizados: educación, experiencia (si la tiene) y habilidades relevantes como manejo de inventarios o logística.
3. En el buscador, escriba palabras clave como “auxiliar de bodega” o “logística y transporte” para filtrar las ofertas disponibles.
4. Revise los requisitos de cada vacante y haga clic en “Aplicar” en las que coincidan con su perfil.
5. Esté atento a las notificaciones de entrevistas o pruebas para avanzar en el proceso.
Conozca también:  S&A ofrece más de 400 vacantes a nivel nacional: todas presenciales y buenos beneficios laborales",2025-09-22, 18 de septiembre de 2025 ,negocios,,Más de 16.000 ofertas laborales en bodegas y transporte: vacantes hasta $2 millones y sin experiencia previa,https://www.elcolombiano.com/empleos/contenidos/mas-de-15-mil-ofertas-de-empleo-bodega-logistica-y-transporte-KM29256084
"Be to bee, reconocida por su respaldo y cumplimiento en la gestión de talento humano, tiene abiertas oportunidades en contabilidad, confección, soldadura y producción."," Johan García Blandón
                     ",Empleos,"Be to bee, empresa con más de 25 años de experiencia en la gestión del talento humano, anunció nuevas  oportunidades laborales en Bogotá y Funza.  Reconocida por su cercanía y acompañamiento, la compañía es un aliado estratégico para grandes y pequeñas empresas, ofreciendo estabilidad, cumplimiento de prestaciones y respaldo permanente a sus colaboradores.
Actualmente,  hay vacantes activas para auxiliar contable, operarios de confección, soldador y operario de producción , todas publicadas en Magneto Empleos.
Le puede interesar:  S&A ofrece más de 400 vacantes a nivel nacional: todas presenciales y buenos beneficios laborales
Los interesados pueden postularse a través de los siguientes enlaces:

- Auxiliar contable en Bogotá.
- Operario de confección - Bogotá.
- Soldador - Bogotá.
- Operario de producción en Funza.
- Operario de confección en Puente Aranda.
“En Be to bee sabemos que las personas son el motor de toda organización, por eso nos comprometemos a brindar estabilidad laboral,  cumplimiento total de prestaciones y un acompañamiento constante a nuestros colaboradores”, destacó Juliana González, Gerente General.
La compañía invita a los candidatos a aplicar en línea y destaca que ofrece procesos claros, asesoría permanente y un entorno laboral confiable, lo que permite a cada trabajador concentrarse en su desarrollo profesional.
Lea más:  Requeridos con urgencia: empresas abren más de 100 mil ofertas con selección rápida
1- Ingrese a la página web: Diríjase a  www.magneto365.com.
2- Cree una cuenta o inicie sesión: Si es la primera vez, registre su correo y complete sus datos básicos. Si ya tiene cuenta, solo debe iniciar sesión.
3- Complete su perfil: Actualice su hoja de vida con información de contacto, experiencia laboral, estudios y habilidades. Un perfil completo aumenta las posibilidades de ser seleccionado.
4- Busque la vacante: Use el buscador ingresando palabras clave como “Be to bee” o el cargo deseado (por ejemplo: auxiliar contable, operario de confección).
5- Filtre los resultados: Seleccione la ciudad o el tipo de contrato que mejor se ajuste a su interés.
6- Postúlese: Haga clic en la oferta, lea los requisitos y, si cumple con el perfil, presione “Aplicar”.
Haga seguimiento: Revise con frecuencia su correo o las notificaciones de la plataforma para conocer el estado de su postulación y responder oportunamente a entrevistas o pruebas.
Conozca también:  Trabaje en Naf Naf: la empresa busca talento en Medellín y el Valle de Aburrá, ¿cómo aplicar?",2025-09-22, 18 de septiembre de 2025 ,negocios,,Be to bee busca talento para sus vacantes: conozca los cargos y requisitos,https://www.elcolombiano.com/empleos/contenidos/be-to-bee-ofertas-laborales-colombia-2025-KP29260974
"La iniciativa se someterá a votación en asamblea, el 30 de septiembre."," El Colombiano
                     ",Economía,"El Grupo Argos, principal accionista de Cementos Argos, solicitó convocar una  reunión extraordinaria de accionistas para proponer una distribución de US$230 millones  de los beneficios obtenidos de la desinversión en Summit Materials en febrero de este año.
Según se explicó dicha distribución se realizaría  a través de una oferta de readquisición de acciones  para todos los tenedores de especies de Cementos Argos.
Igualmente, se aclaró que esta oferta de readquisición sería adicional e independiente al programa vigente de recompra de acciones que ha venido ejecutando la empresa cementera.
La  holding  de infraestructura destacó que se trata de un  esquema simple, eficiente y equitativo que permite agilizar la recepción de los recursos  por parte de los accionistas, ya que se propondrá materializarlo antes de que finalice el año. La asamblea será el 30 de septiembre.

Vale recordar que  la venta de Summit Materials a Quickrete representó para Cementos Argos un valor en efectivo cercano a US$2.875 millones,  adicionales al valor generado en 2024 por la combinación de los activos de Argos USA con Summit Materials.
Cementos Argos recibió por estas dos transacciones, la combinación con Summit Materials y la posterior venta a Quickrete, un valor aproximado de US$4.071 millones, con lo cual esta distribución representaría el 5,65% del mismo.
La  oferta se realizaría a través del mecanismo independiente regulado por la Bolsa de Valores de Colombia (BVC).  El precio que se propone es de $13.659 por acción.
Este precio se determinó con base en el punto medio del rango de valoración estimado por Inverlink para el negocio operativo de Cementos Argos en el proyecto de escisión aprobado por la asamblea de accionistas el pasado 25 de marzo, y el número actualizado de acciones en circulación de la compañía.
En la rueda bursátil de ayer celebrada en la BVC,  la especie de la compañía cementera se cotizó a $9.700.
Con esta propuesta el Grupo Argos apuesta por reafirmar su compromiso con la creación y transferencia de valor para todos los accionistas de Cementos Argos.",2025-09-22, 18 de septiembre de 2025 ,negocios,,"Argos distribuirá US$230 millones a sus accionistas, ¿cómo lo hará?",https://www.elcolombiano.com/negocios/argos-distribuira-us-230-millones-a-sus-accionistas-JP29264195
"Mario Yepes, Francisco Maturana, Faryd Mondragón y Óscar Córdoba, junto a la referente de la Selección femenina Daniela Montoya, se unen con periodistas como Hernán Peláez, Nicolás Samper y Javier Fernández.",,Empresas,"El regreso de la Copa Mundial de la FIFA 2026™ comienza a sentirse en el país, no solo como un evento deportivo, sino como una celebración cultural que promete unir generaciones alrededor de la pasión por el fútbol.
Una campaña nacional reunirá a grandes referentes del balompié colombiano y a reconocidos periodistas para revivir el espíritu que caracteriza a la hinchada. Leyendas como Mario Yepes, Francisco Maturana, Faryd Mondragón y Óscar Córdoba, junto con Daniela Montoya, referente de la Selección femenina, se unirán a voces icónicas como Hernán Peláez, Nicolás Samper y Javier Fernández. La propuesta busca rescatar la esencia de lo que significa vivir el Mundial en familia: compartir, cantar y emocionarse más allá de los 90 minutos.
En otras noticias:  Atentos en el FPC: Fifa le pagará millonaria cifra a los clubes que cedan a sus jugadores para el Mundial 2026
La iniciativa contempla una serie de experiencias en las principales ciudades del país, con actividades en espacios públicos y privados para que los colombianos revivan memorias de glorias pasadas y creen nuevas alrededor de la cita deportiva más grande del planeta.

“Después de ocho años, Colombia vuelve a esta fiesta y lo haremos como sabemos: en familia”, señaló Erick Strauss, director de Marketing e Innovación de Diageo Colombia y vocero de la campaña, destacando el papel del fútbol como punto de encuentro cultural y social.
Con este anuncio de que Buchanan’s llega como promotor oficial de la Copa del Mundo FIFA 26, el camino hacia el Mundial 2026 se abre no solo para la Selección, sino también para los millones de hinchas que esperan vivir esta celebración como un recordatorio de que el fútbol, más que un deporte, es un lazo que une al país entero.",2025-09-22, 19 de septiembre de 2025 ,negocios,,Voces y leyendas del balompié nacional invitan a vivir el Mundial como una gran familia,https://www.elcolombiano.com/negocios/empresas/voces-y-leyendas-del-balompie-nacional-invitan-a-vivir-el-mundial-como-una-gran-familia-AB29284712
La Superintendencia emitió una circular dirigida a las empresas del sector fintech con algunas instrucciones para el tratamiento de datos personales a la hora de prestar sus servicios.," Brian Ferney Valencia Ríos
                     ",Economía,"A través de una circular, la  Superintendencia de Industria y Comercio (SIC)  ha dado a conocer una serie de instrucciones relacionadas con el tratamiento de datos para las empresas del sector fintech.
Esta circular va dirigida a compañías como  Nequi , Daviplata, RappiPay,  Nubank  y otras empresas que combinan las finanzas y la tecnología para ofrecer sus servicios .
Lea también:  ¿Le enviaron un comprobante de Nequi? Con este truco sabrá si es falso o verdadero
Para evitar un abuso en la recolección de datos personales por parte de estas billeteras digitales, la SIC expidió un documento en donde enumera unas acciones que se deben de tener en cuenta a la hora de solicitarle información a sus usuarios.

Dentro de esas instrucciones,  las compañías de este sector deberán informarle a sus usuarios la finalidad de cada acceso a información personal y cuáles datos serán recolectados, además de su especialidad.  También es la persona quien decide si brinda el acceso o no a información como la ubicación o la cámara.
La SIC también le indició a estas empresas que los titulares de los servicios tienen derecho a recibir una explicación clara y comprensible sobre cualquier decisión que se tome de forma automatizada y sea desfavorable para el usuario.
En la circular se menciona las gestiones de cobranza y  desde la SIC se le ordena a estas compañías financieras que deben abstenerse de contactar tanto a las referencias personales suministradas por los usuarios como a personas relacionadas en la lista de contactos , salvo se cuenta con la debida autorización.
Las fintech establecidas en Colombia también deben tener en cuenta que los titulares que hagan una transferencia u operación al exterior, el destinatario debe estar en un Estado que cuente con un nivel adecuado de protección de datos personales.
Otra de las directrices establecidas por la SIC es que  las empresas deben contar con mecanismos sencillos y ágiles que estén disponibles para conocer, rectificar, actualizar y suprimir datos personales.
Finalmente, se le hace un llamado a las billeteras digitales para que  se limiten a solicitar los datos que sean idóneos y necesarios para cumplir con lo legalmente establecido  en donde no podrán acceder, por ejemplo, a galería de imágenes o listas de contactos para fines de cobranza.
De acuerdo con datos de la última edición del  Finnovista Fintech Radar Colombia 2025 ,  en Colombia operan 678 startups de las cuales 410 son colombianas y 268 provienen del extranjero,  representando esto un crecimiento en las compañías fintech locales del 4,1 % respecto al 2024.
Dentro de los países que más tienen presencia en Colombia a través de sus startups,  México  toma la delantera con 62 empresas, seguido de Chile con 57 y tercero Estados Unidos con 43 compañías.
Siga leyendo:  SIC inició investigación a Caracol Radio y Canal 1 por presunta integración empresarial no autorizada",2025-09-22, 21 de septiembre de 2025 ,negocios,,"Esta es la advertencia de la SIC a Nequi, Daviplata y otras billeteras digitales sobre el tratamiento de datos",https://www.elcolombiano.com/negocios/advertencia-de-la-sic-a-empresas-fintech-nequi-daviplata-nubank-rappipay-IJ29317492
"La compañía del sector cárnico busca personal para áreas de bodega, logística, transporte, producción y servicio al cliente, con contratos indefinidos."," Johan García Blandón
                     ",Empleos,"Si busca una empresa que le brinde estabilidad laboral y crecimiento en el sector cárnico,  De la Granja Antioquia S.A.S abrió más de 30 vacantes para diferentes áreas en Medellín y municipios del Valle de Aburrá . La compañía ofrece contratos indefinidos y busca personal comprometido para fortalecer su operación.
Los sectores con mayor demanda de talento son bodega, logística y transporte; producción, operarios y manufactura; y servicio al cliente. La empresa destaca que estos perfiles son esenciales para garantizar la calidad de sus productos y la eficiencia de sus procesos.
Le puede interesar:  Maquila busca talento en Medellín: hay ofertas laborales en diversos sectores
De la Granja Antioquia S.A.S se describe como  “un equipo apasionado, que procesa y comercializa productos cárnicos de alta calidad,  buscando la satisfacción de nuestros clientes, mediante la mejora continua, el cumplimiento y la oferta competitiva”.

Lea más:  ¡Aproveche! Alkosto y Ktronix ofrecen más de 380 empleos en varias ciudades de Colombia
Salario: $ 1.543.000.
Responsabilidades:

- Apoyo en labores de deshuese de pechuga fileteo pesaje y empaque.
- Apoyo en procesos de derivados carnicos, embutido, corte de carne
- Cumplir estrictamente los protocolos de higiene inocuidad y seguridad establecidos.
- Garantizar orden disciplina y calidad en cada etapa del proceso productivo.
Requerimientos:
- Experiencia mínima de 6 meses en la industria cárnica preferiblemente en deshuese fileteo pesaje y empaque; corte, embutido...
- Carnet vigente de Manipulador de Alimentos.
- Disponibilidad para trabajar en ambientes fríos y cavas de proceso.
- Compromiso con el cumplimiento de protocolos de inocuidad y calidad.
Postúlese en este enlace.
Salario: $ 2.400.000.
Responsabilidades:
- Ejecutar labores de mantenimiento preventivo y correctivo en equipos electromecánicos (motores, tableros, bombas, compresores, reductores, transportadores, entre otros).
- Diagnosticar fallas en sistemas eléctricos, mecánicos, neumáticos e hidráulicos de los equipos de planta.
- Apoyar en la calibración, instalación y puesta en marcha de maquinaria de procesamiento y refrigeración cárnica.
- Realizar conexiones eléctricas seguras conforme a normatividad RETIE y protocolos internos.
- Garantizar el cumplimiento de BPM (Buenas Prácticas de Manufactura) en las intervenciones.
- Documentar los mantenimientos realizados en software (mantum).
- Participar en la elaboración y ejecución de planes de mantenimiento preventivo y predictivo.
- Mantener la limpieza y orden en el área de trabajo, cuidando herramientas y equipos.
- Velar por la seguridad propia, de los compañeros y de los alimentos durante las intervenciones.
Requisitos:
- Formación: técnico o tecnólogo en electromecánica, mecatrónica, electricidad industrial o áreas afines.
- Experiencia: mínimo dos años en mantenimiento electromecánico en plantas de alimentos o industria afín.
Conocimientos específicos:
- Electricidad industrial y normativa RETIE.
- Mecánica industrial y soldadura básica (deseable).
- Neumática e hidráulica.
- Equipos de refrigeración industrial y túneles de congelación (deseable).
- BPM y normatividad de seguridad alimentaria.
Envíe la hoja de vida.
Salario: $ 2.200.000 a $ 2.500.000.
Responsabilidades:

- Supervisar la recepción de productos en bodega.
- Garantizar el adecuado almacenamiento y organización de mercancía.
- Coordinar la separación y despacho eficiente de pedidos.
- Utilizar el sistema WMS para optimizar operaciones logísticas.
- Liderar y motivar al equipo de trabajo en turnos rotativos.
- Asegurar el cumplimiento de normas de seguridad en cavas de refrigeración y congelación.
Requerimientos:
- Tecnólogo en logística o carreras afines.
- Experiencia mínima de un año en cargos similares.
- Conocimiento avanzado en sistemas WMS.
- Capacidad de liderazgo y manejo de personal.
- Disponibilidad para trabajar en turnos rotativos incluyendo nocturnos.
Edad entre 25 y 45 años.
Conozca más detalles.
Salario a convenir.
Responsabilidades:

- Mantener el vehículo en buen estado
- Asegurar la entrega oportuna de pedidos
- Recaudar correctamente el dinero de los clientes
- Cumplir con las normas de tránsito y seguridad vial
Requerimientos:
- Dos años de experiencia en conducción de vehículos de 5 a 8 toneladas.
- Licencia categoría C2.
- Ausencia de infracciones de tránsito.
- Certificación en manipulación de alimentos.
Postúlese ahora mismo.
Las personas interesadas pueden consultar y  aplicar a las vacantes disponibles a través de la plataforma de empleo Magneto.  Es recomendable preparar una hoja de vida actualizada y verificar los requisitos de cada puesto antes de aplicar.
Con esta convocatoria, De la Granja reafirma su apuesta por el talento local, ofreciendo oportunidades de trabajo formal y estable en la región.
Conozca también:  ¿Quiere trabajar desde casa? Buscan digitadores en Bogotá; bachilleres sin experiencia",2025-09-22, 19 de septiembre de 2025 ,negocios,,¡Aplique pues! De la Granja ofrece más de 30 empleos en Medellín y el Valle de Aburrá,https://www.elcolombiano.com/empleos/contenidos/de-la-granja-antioquia-empleos-medellin-valle-aburra-BO29278696
"Según el Consejo de Estado, imponer sanciones solo porque un vehículo figure en el RUNT con documentos vencidos, sin demostrar que transitaba en vías públicas, constituye una vulneración del marco legal."," Alejandra Zapata Quinchía
                     ",Economía,"El  Consejo de Estado  profirió un fallo que modifica la manera en que las autoridades de tránsito podrán aplicar sanciones relacionadas con el Seguro Obligatorio de Accidentes de Tránsito (SOAT) y la revisión técnico-mecánica.
Con esta decisión, quedaron anulados apartes de varias circulares del  Ministerio de Transporte  que permitían la imposición de comparendos automáticos basados únicamente en la información registrada en el RUNT, aun cuando los vehículos no estuvieran en circulación.
Puede leer:  De cada 100 carros nuevos, 11 ya son eléctricos: así Medellín pisa el acelerador entre sus lomas
A partir de ahora,  para imponer una multa por falta de SOAT o revisión técnico-mecánica será indispensable contar con evidencias de que el vehículo estaba en movimiento . Entre estas pruebas se incluyen registros tecnológicos que certifiquen su circulación al momento de la infracción.

El fallo aclaró que la ley sí permite el uso de medios tecnológicos, como  cámaras o consultas en bases de datos,  para verificar infracciones de tránsito. Sin embargo,  esta facultad solo procede cuando se comprueba que el vehículo estaba circulando  sin portar el SOAT o sin contar con la revisión técnico-mecánica vigente.
Entérese:  Venta de carros en Colombia creció 29% en agosto y los eléctricos marcan récord histórico
De esta manera, imponer sanciones únicamente porque un automotor figure en el RUNT con documentos vencidos, sin demostrar que transitaba en vías públicas, constituye una vulneración del marco legal, según lo establecido por la alta corte.
Con esta decisión, el tribunal reafirmó el principio de legalidad en materia sancionatoria, al señalar que  el Ministerio de Transporte no tiene facultades para ordenar multas con base únicamente en registros administrativos.
Le interesa:  ¿Vendió el carro y no legalizó el traspaso? Tendrá plazo para hacerlo hasta diciembre
Finalmente, la sentencia también recordó que la revisión técnico-mecánica es fundamental para la seguridad vial, ya que evalúa componentes clave como frenos, dirección, llantas, suspensión, luces, cinturones de seguridad y niveles de emisiones contaminantes.",2025-09-22, 19 de septiembre de 2025 ,negocios,,Tránsito ya no podrá imponer multas automáticas por falta de SOAT y tecnomecánica si el vehículo no está en circulación,https://www.elcolombiano.com/negocios/multas-soat-tecnomecanica-transito-no-podra-imponer-multas-vehiculo-sin-circulacion-OB29281186
"Según el Ministerio de Minas, esto permitirá transportar energía limpia y garantizar la seguridad energética."," Colprensa
                     ",Economía,"El Ministerio de Minas y Energía señaló que el país está listo para i mpulsar el proyecto de interconexión eléctrica con Panamá.
Según lo mencionado, esto permitirá transportar energía limpia y garantizar la seguridad energética.
El anuncio se dio en una reunión del Parlamento Latinoamericano y Caribeño.
Edwin Palma, ministro de Minas y Energía,  indicó que ya existe una hoja de ruta clara para que el proyecto avance al siguiente nivel, y que se busca destrabar en Panamá los procesos necesarios para que siga en marcha.

La ministra de Ambiente encargada, Irene Vélez, señaló que  este proyecto es clave para transportar energía limpia proveniente del sur del continente , rico en energía solar, eólica e hidroeléctrica.
Además, destacó que contribuirá a la reducción de emisiones de dióxido de carbono.
Se informó que la interconexión contempla una línea de corriente continua de alta tensión de 500 kilómetros entre Cerro Matoso (Córdoba) y Panamá II (provincia de Panamá), con una capacidad de 400 megavatios.
La cartera energética aseguró que  el país cuenta con un esquema definido para brindar un sistema regulatorio que otorgue certidumbre  a los inversionistas.
También indicó que se han instalado mesas técnicas entre la Autoridad Nacional de Licencias Ambientales (Anla), parques nacionales y la empresa ISA para atender los requerimientos institucionales.
Agregó que en agosto y septiembre  se realizaron consultas previas con comunidades étnicas y autoridades ambientales  para avanzar en materia energética, y concluyó que ISA asumió el compromiso de entregar, a más tardar en enero de 2026, los estudios de impacto ambiental completos del proyecto.",2025-09-22, 19 de septiembre de 2025 ,negocios,,El Gobierno e ISA avanzan en el proyecto de interconexión eléctrica con Panamá,https://www.elcolombiano.com/negocios/avance-interconexion-electrica-colombia-panama-EB29282017
"La demanda de personal operativo en limpieza y vigilancia sigue fuerte en todo el país. Bogotá, Cali y Medellín concentran la mayor oferta."," Johan García Blandón
                     ",Empleos,"La operación diaria de las empresas depende en gran medida del personal de  servicios generales, aseo y seguridad,  un sector que sostiene la limpieza y la protección de los recintos. Esta área, además de ser una de las más numerosas, mantiene una demanda constante de talento en todo el país.
De acuerdo con la plataforma  Magneto Empleos, actualmente hay más de 7.000 vacantes disponibles para estos oficios.  Las ciudades con mayor oferta son Bogotá, con más de 2.000 oportunidades; Cali, con 1.350 cupos; Medellín, con 536 vacantes; y Barranquilla, con 64 ofertas laborales.
Entre los perfiles más solicitados se encuentran  operarios de aseo, vigilantes, recepcionistas, auxiliares de recepción y operarios de tienda , entre otros cargos clave para el funcionamiento de las empresas.
Le puede interesar:  Be to bee busca talento para sus vacantes: conozca los cargos y requisitos

Salario a convenir.
Responsabilidades:

- Vigilar las instalaciones y el personal para prevenir robos o alteraciones.
- Controlar el acceso de personas a las instalaciones.
- Responder rápidamente a las alarmas y otras situaciones de emergencia.
- Mantener registros detallados de las actividades diarias.
- Cooperar con la policía u otros servicios de emergencia cuando sea necesario.
Requerimientos:

- Bachillerato completo.
- Mínimo 6 meses de experiencia como Vigilante Guarda de Seguridad o Custodio.
- Curso de seguridad vigente y actualizado.
- Disponibilidad para trabajar en turnos rotativos.
- Buena condición física.
Aplique aquí.
Salario:  $ 1.697.300.
Responsabilidades:

- Revisar la ficha técnica de los productos para asegurar su calidad.
- Alistar la materia prima necesaria para la elaboración de productos.
- Revisar la programación de producción para confirmar las necesidades del almacén respecto al surtido real.
- Elaborar los productos programados cumpliendo con los estándares de calidad.
- Empacar marcar y surtir los productos para su disponibilidad al cliente.
- Asesorar e impulsar los productos al cliente para garantizar su satisfacción.
- Garantizar el cumplimiento de normas de higiene personal y buenas prácticas de manufactura.
- Registrar diariamente las averías en una planilla para garantizar confiabilidad en inventarios.
- Realizar inventarios diarios y mensuales de materia prima y producto terminado.
- Conocer el manejo de pedidos de materia prima y suministros para asegurar el surtido del producto final.
Lea más : ¡Aplique pues! De la Granja ofrece más de 30 empleos en Medellín y el Valle de Aburrá
Requerimientos:
- Nivel académico: 9° aprobado - Bachiller - Técnico.
- Experiencia mínima de 6 meses en panadería o áreas afines.
Postúlese en este enlace.
Salario: $ 1.500.000 a $ 2.000.000.
Responsabilidades:

- Realizar recorridos internos para recolectar residuos aprovechables y ordinarios.
- Transportar los residuos al centro de acopio para almacenamiento y procesamiento.
- Ubicar correctamente los residuos para evitar derrames.
- Realizar el cargue y descargue de residuos peligrosos.
- Clasificar los diferentes tipos de residuos.
- Mantener ordenadas y limpias las áreas de almacenamiento.
- Registrar las salidas de material del centro de acopio.
Requerimientos:
- Bachillerato.
- Mínimo 6 meses de experiencia en funciones relacionadas.
- Conocimiento básico en manejo de residuos.
- Capacidad para realizar tareas físicas.
Envíe su hoja de vida.
Salario:  $ 1.798.500 a $ 2.166.000.
Responsabilidades:

- Atención al cliente de manera amable.
- Responder por manejo de Caja registradora.
- Surtir y Exhibir mercancía en la estantería.
- Asegurar control Operativo y Calidad de los productos y procesos.
- Mantener orden y limpieza de la tienda.
- Asegurar el control de inventarios.
Requerimientos:
- Disponibilidad para trabajar en turnos rotativos de domingo a domingo (mañana, tarde noche).
- Experiencia previa en atención al cliente o retail.
Conozca más detalles en este enlace.
Salario a convenir.
Responsabilidades:

- Apoyar con las actividades de mantenimiento de limpieza de fachadas y estado de cebras.
- Encargarse de las reparaciones menores en fontanería y electricidad.
- Realizar pequeñas obras civiles y reparación de mobiliarios y sanitarios.
- Elaborar e instalar acabados en infraestructura física incluyendo trabajo con drywall.
- Pintar resanar y estucar muros en mampostería y drywall.
- Alistar pisos e instalar enchapes.
- Instalar cuadros revisar sillas e instalar guarda escobas.
- Realizar la instalación de puntos de toma hidráulica.
Requerimientos:
- Técnico o Tecnólogo en mantenimiento o carreras afines.
- Experiencia mínima de 1 año en cargos similares.
Postúlese ahora mismo aquí.
1 - Ingresar a  Magneto Empleos  y buscar las vacantes de servicios generales, aseo o seguridad.
2- Utilizar los filtros por ciudad, tipo de contrato o experiencia para refinar la búsqueda.
3- Registrarse o iniciar sesión y mantener el perfil y la hoja de vida actualizados.
4- Revisar los requisitos de cada oferta y seleccionar “Aplicar” en la vacante elegida.
5- Confirmar la postulación y realizar seguimiento desde el perfil de usuario en la plataforma.",2025-09-22, 19 de septiembre de 2025 ,negocios,,"Empleos en servicios generales, aseo y seguridad: más de 7.000 vacantes a nivel nacional, ¿cómo aplicar?",https://www.elcolombiano.com/empleos/contenidos/empleos-servicios-generales-aseo-seguridad-colombia-KB29281568
"La multinacional de alimentos ofrece buenos salarios, más comisiones y prestaciones de ley para repartidores con experiencia en consumo masivo."," Johan García Blandón
                     ",Empleos,"Bimbo, una de las compañías de alimentos más reconocidas a nivel mundial, anunció una  convocatoria para contratar conductores y entregadores en Bogotá , incluyendo municipios cercanos como Cajicá, Facatativá, Funza, Mosquera y Tenjo.  La oferta ofrece buenos salarios,   más comisiones y todas las prestaciones de ley.
El proceso de selección se realizará el lunes 22 de septiembre en la Zona Industrial de Montevideo, Bogotá.  Los aspirantes deberán contar con al menos 18 meses de experiencia como repartidores en empresas de consumo masivo,  licencia de conducción C1 o C2 vigente, y no tener comparendos ni acuerdos de pago pendientes.
Le puede interesar:  Be to bee busca talento para sus vacantes: conozca los cargos y requisitos
Entre las principales funciones del cargo están la  entrega de productos en la ruta asignada, garantizar la carga y descarga segura, mantener el vehículo en buen estado y ofrecer un excelente servicio al cliente.  Los conductores también deberán cumplir con las normas de tránsito y reportar cualquier incidente durante el recorrido.

La empresa busca personas con habilidades en seguridad vial, comunicación efectiva, gestión del tiempo y resolución de problemas.  El nivel de estudios requerido va desde bachillerato completo hasta tecnólogo . Es indispensable la disponibilidad para trabajar de lunes a sábado desde las 6:00 a. m. y facilidad de transporte hacia la Zona Industrial de Montevideo.
Lea más:  Oportunidad laboral: Acepalma ofrece 30 oportunidades de empleo en ciudades estratégicas del país
Bimbo, presente en Colombia desde 1996, destaca por su compromiso con el desarrollo humano y la sostenibilidad.
“Trabajamos con pasión para llevar alimentos deliciosos y nutritivos a millones de hogares, mientras creamos un lugar donde las personas pueden crecer, trascender y dejar huella” , señaló la compañía en su  landing  de Magneto.
Quienes cumplan con los requisitos y busquen estabilidad laboral en una empresa global tienen en esta convocatoria una oportunidad para hacer parte de un equipo que cree en el talento de su gente.
Conozca también:  Requeridos con urgencia: empresas abren más de 100 mil ofertas con selección rápida
1. Acceda al enlace de la vacante:
Entra a la oferta titulada  “Gran convocatoria Conductores BIMBO – BOGOTÁ”  en Magneto Empleos.
2. Regístrese o inicia sesión
Si aún no tienes cuenta en Magneto, debes crear una. Si ya la tienes, solamente inicia sesión.
3. Revise los requisitos

Asegúrese de cumplir con todos los siguientes requisitos antes de aplicar: licencia vigente C1 o C2 con al menos 18 meses de expedición, experiencia mínima de 18 meses en conducción en empresas de consumo masivo, disponibilidad de lunes a sábado desde las 6:00 a. m., facilidad para llegar a la Zona Industrial de Montevideo, y no tener comparendos ni acuerdos de pago pendientes.
4. Haga clic en “Aplicar”
En la página de la oferta, verás un botón que dice  “Aplicar” . Al presionarlo, te permitirán enviar tu hoja de vida, datos personales y posiblemente otra información que soliciten.
5. Complete su perfil
En algunos casos, Magneto te pedirá completar o actualizar tu perfil con datos como nivel de estudios, experiencia, documentos, licencias, entre otros. Tener tu perfil bien actualizado aumenta tus posibilidades.
6. Confirme su postulación
Verifica que tu aplicación se haya enviado correctamente. Magneto suele mostrar un mensaje de confirmación o un estado de “postulado” en la vacante.
7. Prepararse para el día de la convocatoria
Si su aplicación es aceptada, recuerde que la empresa  convoca el lunes 22 de septiembre en la Zona Industrial de Montevideo.  Lleve sus documentos: licencia, certificados de experiencia, y cualquier otro requisito que pidan para comprobar lo solicitado
8. Evita fraudes
Magneto advierte que  nunca solicita dinero  para aplicar a vacantes. Si alguien te pide algo así, denúncialo.",2025-09-22, 19 de septiembre de 2025 ,negocios,,Bimbo busca conductores entregadores en Bogotá y municipios aledaños: así puede postularse,https://www.elcolombiano.com/empleos/contenidos/empleo-bimbo-conductores-bogota-funza-mosquera-KO29273449
"El presidente de la Cámara envió a la Corte Constitucional las actas del trámite pensional, mientras oposición denuncia vicios y Gobierno defiende legalidad."," Miguel Orlando Alguero
                     ",Economía,"En un movimiento decisivo para el futuro de la  reforma pensional , el presidente de la Cámara,  Julián David López Tenorio  (La U), confirmó este viernes 19 de septiembre que  remitió a la Corte Constitucional las actas de las sesiones extraordinarias del 27 y 28 de junio de 2025 , en las que se subsanaron los vicios de trámite del proyecto.
“Un paso más hacia la justicia social.  Entregamos la respuesta sobre las actas de la Reforma Pensional a la Corte Constitucional. No es un simple documento, es la esperanza del pueblo , la voz de quienes piden justicia social. Que la Ley 2381 de 2024 sea el inicio de una Colombia más justa e igualitaria”, afirmó López en su cuenta de X.
Lea más:  Reforma pensional en suspenso: Cámara pide más plazo a la Corte Constitucional para entregar actas clave
Según el oficio,  el Acta 257 del 28 de junio de 2025 fue votada y aprobada en la sesión plenaria del 26 de agosto de 2025 , registrada en el Acta 266, publicada en la Gaceta del Congreso N.º 1676 del 11 de septiembre de 2025.

El Acta 256 del 27 de junio de 2025 también fue certificada como aprobada ese mismo 26 de agosto . López informó que durante la sesión del 27 de junio estuvieron presentes 176 representantes:
72 votaron por el Sí.
4 votaron por el No.
97 dejaron constancia de no votación.
En total,  la plenaria avaló el acta con un quórum deliberatorio,  según el documento remitido.
Desde la oposición, el representante Juan Espinal aseguró que  persiste un vicio insubsanable en el trámite, pues el 27 de junio “nunca se configuró el quórum decisorio para aprobar el orden del día,  donde estaba el anuncio de la reforma pensional”.
Espinal  pidió a la  Corte  declarar inexequible la ley  y señaló que la Cámara no puede enviar constancias válidas porque el procedimiento inicial no cumplió la Ley Quinta.
Conozca aquí:  Corte da tres días más a la Cámara para entregar actas de la reforma pensional y definir el futuro de la ley
En la misma línea, la representante Katherine Miranda cuestionó la validez del Acta 256.
“ Se afirma que el 26 de agosto el acta fue aprobada con 76 votos, una cifra que no constituye quórum decisorio.  Además, esa misma votación ya se había repetido el 30 de julio y el 5 y 20 de agosto, siempre con idénticos resultados.  Esto evidencia un vicio de procedimiento y, más grave aún, el documento final podría constituir falsedad en documento público y abrir la puerta a sanciones disciplinarias ”.
Por su parte, el representante Víctor Manuel Salcedo ( La U ) sostuvo que  más allá de subsanar, “se ahondaron los vicios, no se discutieron proposiciones ni el articulado restante,  y lo que se hizo fue poner nuevamente a consideración el texto del Senado”.
Entérese:  Reforma pensional de Petro, otra vez en el limbo: Corte publica auto sobre demanda por posibles vicios
El Gobierno defendió el envío de las actas. El representante Gabriel Becerra ( Pacto Histórico ) aseguró que l as decisiones plenarias reflejan un debate amplio y democrático.
“ Confiamos en que la Corte valore este debate y garantice el derecho a la pensión de millones de colombianos,  especialmente mediante el pilar solidario”.
El ministro del Interior,  Armando Benedetti , fue más crítico y acusó al magistrado Jorge Enrique Ibáñez de la Corte Constitucional de obstaculizar el proceso.
“Esta es la tercera subsanación que se hace a la reforma pensional por los caprichos del magistrado Ibáñez. ¡ Ojo! Esto nunca había pasado. Por favor, independencia y respeto de poderes”.
Además:  Nuevo fondo pensional: al Banco de la República le entrarían hasta $2 billones mensuales",2025-09-22, 19 de septiembre de 2025 ,negocios,,Cámara envía a la Corte actas de la reforma pensional en medio de disputa por vicios de trámite,https://www.elcolombiano.com/negocios/reforma-pensional-camara-entrega-actas-a-corte-constitucional-NB29287039
Los intentos de fraude que aprovechan el nuevo sistema Bre-B y las llaves virtuales ya circulan en Colombia; aprenda algunos tips de expertos para no caer.," Leonardo Bautista Romero
                     ",Tecnología,"El nuevo  sistema para pagos interbancarios Bre-B  promete transferencias en segundos y un menor tiempo de espera entre transacciones, pero  la masiva inscripción de “llaves” ya está siendo aprovechada por ciberdelincuentes  para campañas de  phishing  vía mensajes SMS y páginas web clonadas, con las que capturan credenciales y vacían cuentas, según alertas del propio Banco de la República y especialistas en seguridad digital.
Bre-B es el modelo de interoperabilidad de pagos inmediatos impulsado por el Banco de la República  para que cualquier persona o comercio en Colombia pueda enviar y recibir dinero en segundos entre diferentes entidades financieras y billeteras.
El regulador ha precisado que las llamadas “llaves” (identificadores como correo electrónico, número telefónico, número de documento o un código alfanumérico)  sirven para localizar una cuenta y no son, en ningún caso, la contraseña de acceso a la banca.  Según un comunicado de la entidad financiera, el registro de llaves es gratuito y debe hacerse únicamente desde la aplicación o la página web de la entidad financiera.
Pese a esas garantías institucionales,  investigadores documentan ya campañas activas que explotan la novedad . Desde el laboratorio de ciberseguridad Kaspersky informaron a EL COLOMBIANO que  han detectado más de diez dominios vinculados a esquemas de suplantación visual : mensajes con enlaces cortos que redirigen a páginas que replican la interfaz de bancos reales y solicitan credenciales o códigos de verificación.

“Se reproduce la suplantación visual y se obliga a la víctima a ingresar credenciales o códigos”, dijo Leandro Cuozzo, analista de Kaspersky para América Latina. La empresa añadió que  los atacantes aplican filtros de geolocalización para que la estafa funcione  principalmente desde dispositivos móviles en Colombia.
La técnica de  phishing  con páginas clonadas no es novedosa, pero sí su adaptación al contexto de Bre-B. Paula Rojas, Sales Director para la empresa de telecomunicaciones Infobip Latam, explica que  los delincuentes han “reconfigurado” el engaño para aprovechar la confusión que genera la masiva campaña de registro de llaves.
“A los usuarios les dicen que deben autorizar una transferencia, pero eso ya no es necesario en Bre-B. Solo deben recibir la notificación; ahí es donde están cayendo”, dice.
Entidades financieras y el Banco de la República han elevado la alerta pública y desplazado recursos a la detección y bloqueo . El regulador subrayó que no es necesario aceptar ni autorizar transacciones por llave a través de SMS, WhatsApp, correo u otros canales externos, y reiteró que Bre-B no tiene aplicación propia ni cuentas oficiales en redes sociales.
Actores de ciberseguridad ya trabajan sobre la infraestructura del ataque.  Kaspersky y equipos de seguridad internos de entidades financieras han venido reportando dominios fraudulentos a registradores y proveedores de alojamiento con el objetivo de derribar páginas clonadas y limitar la ventana de exposición. No obstante, investigadores advierten que, mientras el ciclo de detección y bloqueo no sea inmediato, los atacantes podrán rotar dominios y mantener ese esquema durante varias semanas.
Desde Infobip Latam comentan que en redes y foros de usuarios circulan relatos de víctimas que describen haber ingresado en sitios falsos tras recibir un SMS y haber perdido fondos, lo grave en estos casos es que  las posibilidades de reverso y recuperación dependen en buena medida de la velocidad con que el usuario notifique  el incidente y aporte pruebas.
Lo cierto es que, de acuerdo a especialistas, la arquitectura de Bre-B no presenta hasta ahora fallas estructurales que permitan el fraude por diseño. En realidad,  la vulnerabilidad radica en la cadena humana  y el uso de canales externos que redirigen a páginas clonadas.
Para contrarrestar estos riesgos hay una serie de medidas prácticas y urgentes que todos los usuarios deberían seguir:
1- No haga clic en enlaces recibidos por SMS, WhatsApp o redes sociales. Si recibe un aviso sospechoso, cierre la conversación y abra la app oficial de su banco o escriba la URL en el navegador.
2- No autorice ni confirme nada que le pidan por mensajería. Con Bre-B el receptor no necesita aprobar transferencias; cualquier solicitud de “aceptación” es señal de fraude.
3- Registre llaves solo desde la app o la web del banco. El proceso es gratuito y no se realiza por terceros ni por llamada telefónica.
4- Active métodos de autenticación robustos. Use biometría o tokens si su banco los ofrece.
5- Proteja su dispositivo. Es clave mantener el sistema operativo actualizado y usar soluciones de seguridad que detecten enlaces maliciosos.
6- Desconfíe de mensajes que exijan acción inmediata. La urgencia es la técnica clásica de la ingeniería social.
Por otro lado, si sospecha que fue víctima también hay una serie de pasos a seguir:
1- Contacte a su banco por los canales oficiales y solicite bloqueo de operaciones.
2- Corte el acceso del dispositivo si sospecha malware y cambie contraseñas.
3- Recoja pruebas (capturas, mensajes) y denuncie ante la autoridad competente.
4- Solicite reversos y seguimiento a la entidad bancaria; cuanto antes actúe, mayores posibilidades de mitigación.",2025-09-22, 19 de septiembre de 2025 ,negocios,,Ojo: delincuentes ya usan Bre-B y llaves virtuales para robar; siga estas claves para no caer,https://www.elcolombiano.com/tecnologia/ojo-delincuentes-ya-usan-bre-b-y-llaves-virtuales-para-robar-siga-estas-claves-para-no-caer-LB29289938
"Donald Trump lanzó la “Tarjeta Dorada”, un programa que permite obtener visas aceleradas en EE. UU. pagando hasta US$2 millones. ¿Cómo funciona, a quién beneficia y qué impacto tendrá en empresas y migrantes? Aquí los detalles clave."," Agencia AFP
                     ",Economía,"El presidente de Estados unidos,   Donald Trump ,  firmó este viernes una orden ejecutiva en materia migratoria para implementar la denominada  “Tarjeta Dorada” , un mecanismo   dirigido a quienes deseen agilizar la obtención de una visa a cambio de una tarifa más elevada.
De acuerdo con el anuncio, este programa de residencia permitirá a los solicitantes pagar  US$ 1 millón  para acelerar el trámite. Del mismo modo, las empresas tendrán la opción de pagar  US$ 2 millones  a fin de patrocinar   a un extranjero que desee traer a Estados Unidos. Respecto a la  visa H-1B  (trabajos especializados), habrá un incremento de  100.000 dólares  cada año en lugar de los 1.000 dólares actuales.
Lea también:  EE. UU. actualiza reglas para renovar visas sin entrevistas en visas: esto es lo que debe saber
Las visas H-1B tienen una duración determinada, inicialmente de tres años, prorrogables hasta seis años, para extranjeros patrocinados por un empleador. “Creo que va a ser tremendamente exitoso”, dijo Trump a periodistas en el Despacho Oval, en alusión a esa “tarjeta dorada”, que hace parte de su política de incentivar el empleo de calidad en Estados Unidos.

“Mediante un pago de un millón de dólares al Tesoro de los Estados Unidos, o si una corporación los está patrocinando, dos millones, [esos aspirantes] tendrán acceso a un tratamiento acelerado de visas como parte de este nuevo programa de Tarjeta Dorada”, dijo Will Scharf, asistente de Trump.
Desde su primer mandato, Trump ha mostrado su intención de limitar esos permisos de trabajo para priorizar a los trabajadores estadounidenses. El número de solicitudes de visas H1-B ha aumentado significativamente en los últimos años y llegó a un pico de aprobaciones en 2022 bajo la presidencia del demócrata  Joe Biden .
En contraste, el pico de rechazos se registró en 2018, durante el primer mandato de Trump en la Casa Blanca. Estados Unidos aprobó aproximadamente 400.000 visas H1-B en 2024, de las cuales dos tercios fueron renovaciones.
India representa alrededor de tres cuartos de los beneficiarios. Las grandes empresas tecnológicas dependen de trabajadores indios que se trasladan a los Estados Unidos o viajan entre ambos países.
Empresarios del sector tecnológico, incluido el exaliado de Trump, Elon Musk, han advertido contra la focalización de las visas H-1B, argumentando que Estados Unidos no cuenta con suficiente talento local para cubrir vacantes importantes en el sector tecnológico.
Estos anuncios complementan la masiva operación contra la inmigración ilegal en todo el país, que ha recibido grandes fondos aprobados por el Congreso.
Siga leyendo:  Con maniobras militares: así se prepara Venezuela para mostrarse “invencible” ante EE. UU.",2025-09-22, 20 de septiembre de 2025 ,negocios,,Donald Trump instauró la “Tarjeta Dorada” para otorgar visas a cambio de altas sumas de dinero,https://www.elcolombiano.com/negocios/donald-trump-tarjeta-dorada-visas-eeuu-NA29297749
"Claro abrió convocatoria de prácticas 2026 en Bogotá, Medellín y otras ciudades. Jóvenes universitarios podrán aplicar para ganar experiencia laboral, ingresos y fortalecer su perfil profesional en una de las compañías líderes en telecomunicaciones del país."," Johan García Blandón
                     ",Empleos,"Claro  Colombia anunció la apertura de su programa de prácticas profesionales para el primer semestre de 2026,  una iniciativa que busca conectar el aprendizaje académico de los estudiantes universitarios con la experiencia de un entorno laboral real. La compañía, líder en telecomunicaciones y tecnología en el país, busca formar a jóvenes que deseen fortalecer sus habilidades, establecer contactos profesionales y dar sus primeros pasos en el mundo del trabajo.
La convocatoria está dirigida a:
- Estudiantes de Administración de Empresas.
- Ingeniería de Sistemas.

- Ingeniería Industrial.
- Mercadeo.
- Comunicación Social.
- Psicología.
La convocatoria está dirigida a estudiantes de  Bogotá, Medellín y otras ciudades del país.
Claro resalta que “esta experiencia les permitirá integrarse a equipos de expertos, generar ingresos y explorar sus fortalezas y áreas de mejora dentro de una de las compañías más importantes de Colombia y la región”.
Le puede interesar:  Bimbo busca conductores entregadores en Bogotá y municipios aledaños: así puede postularse
Contar con la autorización de la institución educativa para iniciar el proceso de prácticas profesionales.
Tener disponibilidad para cumplir con el horario laboral establecido.
No haber tenido un contrato de aprendizaje previo.
“Buscamos a las personas adecuadas, personas que deseen innovar, crear, liderar, transformar!  Queremos atraerte, pero más allá de eso queremos contar con el mejor talento, estamos comprometidos con el desarrollo profesional de cada uno de nuestros colaboradores.  Queremos que experimentes los desafíos, recompensas y oportunidades de trabajar con la mejor empresa de telecomunicaciones del país ¿Te atreves?”, fue la invitación de Claro en la convocatoria a los jóvenes.
Lea más:  ¡Aplique pues! De la Granja ofrece más de 30 empleos en Medellín y el Valle de Aburrá

1- Ingrese al siguiente enlace:  Ofertas de trabajo como practicantes de Claro en Bogotá.

2- Cree su perfil en la plataforma o inicie sesión si ya está registrado.
3- Complete la información solicitada, adjunte su hoja de vida y postúlese.
4- Espere el contacto del equipo de selección de Claro para continuar con el proceso.
“Con esta iniciativa, Claro reafirma su compromiso con el desarrollo profesional de los jóvenes colombianos, brindándoles apoyo y herramientas para fortalecer su perfil y adquirir experiencia en una empresa referente en innovación y tecnología”, finalizó la compañía en su convocatoria.
Conozca también:  ¿Quiere estudiar un posgrado en las mejores universidades del mundo? Colfuturo le explica cómo hacerlo",2025-09-22, 20 de septiembre de 2025 ,negocios,,"Oportunidad para estudiantes: Claro busca practicantes en Bogotá, Medellín y otras ciudades",https://www.elcolombiano.com/empleos/contenidos/claro-practicas-2026-bogota-medellin-FI29300072
,,,,2025-09-22, ,negocios,,,https://www.elcolombiano.com/empleos/contenidos
"La Bolsa de Valores aumentó sus operaciones en 68% este año frente a 2024, en parte por el buen comportamiento de varias acciones empresariales. Aquí el top 15 de mayor crecimiento."," Andrés Villamizar
                     ",,"La  Bolsa de Valores de Colombia  está registrando comportamientos por encima de algunos mercados bursátiles más reconocidos del mundo como el europeo y el estadounidense. Eso obedece a varios factores, pero también  al buen momento por el que están cruzando varias de las compañías más prestigiosas del país  y que han estado en la mira de los inversores.
Puede leer:  Argos distribuirá US$230 millones a sus accionistas, ¿cómo lo hará?
La lista de compañías con mayor rendimiento en la bolsa local es encabezada por  Mineros . A corte de agosto de este año, ese título registró un crecimiento en su valorización de 139,7% (ver infografía). En enero se negociaba a tan solo $4.255 y pasó a un precio de cierre de $10.200 en tan solo 8 meses.
La compañía ha tenido varios cambios en el año:  la firma suiza Sun Valley Investments asumió la administración de forma mayoritaria con un ambicioso plan de expansión. Además, Mineros adelantó una recompra de 3.956.885 acciones por 12 millones de dólares entre el 1 y 5 de septiembre.

En teoría, esa recompra reduce la cantidad de títulos en circulación, lo que aumenta el valor de los restantes y beneficia a los accionistas. Adicional, esto envía una señal positiva y de confianza sobre el futuro de la empresa.
Más noticias:  Estas son las tres empresas que comprarían a TikTok en Estados Unidos
El segundo puesto lo ocupó la preferencial del  Grupo Aval Acciones y Valores S.A., con un repunte de casi el 50%.  El conglomerado financiero posee varios de los bancos más fuertes del país, lo que es garantía de confianza para los inversores que han mostrado un mayor apetito bursátil ante la moderación de la rentabilidad en el mercado de tasas fijas.
Además, sus filiales han mostrado un mejor comportamiento financiero este año, por ejemplo, Banco de Bogotá, aumentó sus utilidades en 17,2% a corte de julio de este año y se ubicó como el tercero con mayores ganancias en el país.
La información compartida por la Bolsa de Valores puso en la casilla tres a  Davivienda . Su acción preferencial ganó 37,8% de valor a corte de agosto, cuando cotizó en $24.200.  Aunque no se ha concretado, hay que recordar que está aprobado un proceso de unión entre en “La Casita Roja” y Scotiabank Colpatria,  lo que consolidará a Davivienda como la segunda entidad bancaria del país. De hecho, en agosto esta acción fue seleccionada como la favorita por el 61,5% de los analistas consultados en la Encuesta de Opinión Financiera de Fedesarrollo.
Vea también:  Wall Street cierra al alza, con nuevos récords antes de la reunión de la FED
La cuarta de mayor valorización es la preferencial del  Grupo Sura,  con un repunte del 36,9% entre enero y agosto. A pesar de la caída natural en el mercado bursátil tras el histórico desenroque con Grupo Argos, en julio pasado,  dicho título pasó de tener un valor de $26.020 a $35.640 a cierre del octavo mes de 2025.
Hay que decir que  los inversores de los grupos Sura y Argos vieron con buenos ojos la separación al diversificar sus portafolios  con acciones de los dos conglomerados.
Ahora, el caso Bancolombia es particular.  Hay que recordar que el 19 de mayo, tras una reorganización societaria, la acción del Grupo Cibest debutó en la BVC, dejando atrás el nombre de Grupo Bancolombia.  Eso, porque Cibest se convirtió en la nueva casa matriz del banco con mayores ganancias y mayor cobertura del país.
Entérese:  Oracle, la empresa que rompió récord en Wall Street y convirtió a su fundador en el hombre más rico del mundo
Entre enero y mayo de este año, el título bursátil ordinario de la anterior casa matriz tuvo un rendimiento del 36,4%; y el preferencial un 21,2%.  Tras el cambio, Cibest se valorizó 15% y su preferencial un 17,5% a corte de agosto.
Otras acciones con notables rendimientos han sido  Bogotá (30,75%), ISA (30,54%), Celsia (30,16), Grupo Bolívar (26%), Terpel (25,91%) y para cerrar el top 10, la ordinaria de Grupo Sura (24,6%).
El buen momento de esas acciones ha hecho que la bolsa colombiana atraviese por uno de sus mejores registros en la última década.  El principal indicador de la BVC, el MSCI Colcap, registró un retorno en precio de 33,8% a agosto.  Si se incluye el dividendo promedio de las empresas que integran la canasta, el retorno total supera el 40%, ubicando a Colombia entre las bolsas más rentables a nivel global.
Le interesa:  El paisa David Vélez vende el 3,5% de su participación en Nubank tras reportar utilidades récord
“Estamos por encima de referentes como el S&P 500, el Nasdaq y varios mercados europeos”, explicó Nicolás Sánchez, subgerente de Renta Variable e Instrumentos Derivados de Nuam. No obstante, hay que decir que la tendencia no es exclusiva de Colombia: en Chile, por ejemplo, también se reportan apreciaciones significativas en sus índices bursátiles.
Sánchez sostuvo que uno de los elementos más relevantes ha sido la mayor liquidez del mercado y el incremento en los volúmenes de negociación.  En 2025, la BVC ha aumentado sus operaciones en 140% frente a 2023 y un 68% respecto a 2024, alcanzando un promedio diario de $140.000 millones,  cuando hace apenas dos años esa cifra era de $59.000 millones.
El entorno macroeconómico también ha jugado un papel fundamental. La inflación ha cedido y el  Banco de la República  ha iniciado un ciclo de reducción de tasas de interés, lo que ha incrementado el atractivo de la renta variable  frente a instrumentos tradicionales de ahorro como los CDT, que hoy resultan menos rentables para los inversionistas por su disminución en la tasa fija.
Más noticias:  El mercado accionario colombiano fue el de mayor valorización en julio, ¿qué lo impulsó?
Sin embargo, hay que tener en cuenta que instituciones como Corficolombiana pronostican que  la junta directiva del Banco de la República no logrará consensos para aliviar más las tasas de interés  en función de las presiones inflacionarias que vienen experimentando el país, ya que a corte de julio se aceleró al 5,10% y acumuló dos meses al alza.
Otro factor es el  sólido desempeño de las compañías listadas en el Colcap.  Varias de ellas han reportado utilidades robustas y distribuciones más generosas de dividendos, lo que ha elevado el atractivo del mercado. Actualmente, el índice presenta un dividend yield promedio superior al 7%, uno de los más altos de América Latina.
Por ejemplo, empresas como  Cementos Argos, Bancolombia, Grupo Argos y Grupo Sura han implementado recompras de acciones y ofertas públicas de adquisición (OPA),  medidas que han incrementado la liquidez y contribuido a corregir la subvaloración de varios títulos en el mercado.
Lea aquí:  ¿Quiénes controlarán a los grupo Sura y Argos tras el desenroque?
No se puede dejar de lado que el auge de las  plataformas digitales  de trading ha impulsado la participación de personas naturales en el mercado accionario. Este dinamismo del segmento retail ha favorecido mayores volúmenes de negociación y ha atraído también flujos de capital extranjero e interés de inversionistas institucionales, consolidando el crecimiento del mercado local.
Para Juan David Ballén, director de Análisis y Estrategia de Aval Casa de Bolsa, hay que considerar que los precios de las acciones están en niveles muy bajos frente al crecimiento de las utilidades de la compañías, lo que abrió un espacio a la actual valorización que está experimentando el mercado.
“A esto se suma la expectativa de los inversionistas a la posibilidad de un giro político hacia un líder con políticas más promercado al final del actual mandato”, añadió Ballén.
Vea también:  Tesla ya se negocia en la Bolsa de Colombia
La petrolera estatal es la empresa más grande del país, pese a que viene sufriendo pérdidas en sus ganancias: una caída superior al 46% en el segundo trimestre del año.
Sus buenos resultados y ganancias la llevaron por años a ser una negociación segura en la BVC y a obtener por varios periodos las valorizaciones más jugosas del universo bursátil colombiano.  Hoy figura fuera del top 10 de las compañías con los crecimientos más sólidos en la bolsa local.
Siga leyendo:  Ecopetrol confirma acuerdo con Canacol Energy: detalles del pacto de confidencialidad
César Pabón, director ejecutivo de Investigaciones Económicas de Corficolombiana, considera que la situación de Ecopetrol es más compleja: “Más allá del mal momento financiero de la empresa, el nivel reputacional y el gobierno corporativo han sido golpeados y eso está afectando el desempeño de la acción en el mercado”, dijo.
Las acciones no solo han demostrado un rendimiento superior al del ahorro tradicional, sino que también  permiten a los ciudadanos convertirse en socios de empresas que generan valor en la economía nacional.
“Invertir en acciones puede ser una estrategia financiera atractiva, sobre todo con visión de largo plazo y diversificación. Además de rentabilidad, el mercado accionario puede ser una herramienta clave para alcanzar metas como la compra de vivienda, la educación de los hijos o la jubilación”, aseguró el subgerente Sánchez.
Le puede interesar:  Mineros invierte US$6,5 millones para aumentar su producción de oro, ¿cómo lo hará?
Con retornos que superan el 40% en lo corrido del año,  la Bolsa de Valores de Colombia se consolida como un destino competitivo para inversionistas locales y extranjeros  que buscan rentabilidad en medio de un entorno global desafiante por la incertidumbre de conflictos globales y la guerra arancelaria.",2025-09-22, hace 23 horas ,negocios,,"Mineros, Grupo Aval y Davivienda, entre las acciones más fuertes del año",https://www.elcolombiano.com/negocios/acciones-mas-fuertes-ano-mineros-aval-davivienda-NI29306193
La entrada en vigor de aranceles de 50% a las importaciones de café brasileño en EE. UU. frena los acuerdos comerciales y redibuja el mapa cafetero global.," Miguel Orlando Alguero
                     ",Economía,"Los  compradores de café  en Estados Unidos  están evitando cerrar nuevos contratos con Brasil, el mayor productor mundial, luego de que entraran en vigor aranceles del 50%  decretados por el presidente  Donald Trump .
La medida, que comenzó a aplicarse el 6 de agosto,  ha paralizado los acuerdos comerciales y empujado a las empresas a buscar alternativas en países como Vietnam, Colombia, México, Honduras e incluso Uganda .
Lea más:  Ante el arancel del 10% de Trump al café colombiano, así es la estrategia de la Federación de Cafeteros
Según una docena de corredores, tostadores y exportadores consultados por  Bloomberg ,  muchas empresas están renegociando plazos de envío o pidiendo mayor flexibilidad en los contratos  con la esperanza de que la política sea temporal y los gravámenes bajen más adelante.

Sin embargo,  la realidad del mercado apunta a una desaceleración en la llegada del café brasileño a Estados Unidos .
Un tercio del café sin tostar que se consume en EE. UU. proviene normalmente de Brasil .
Sin embargo, la disputa comercial tiene tintes políticos,  Trump ha criticado al presidente Luiz Inácio Lula da Silva y acusa de “persecución política” a su aliado Jair Bolsonaro,  quien enfrenta un juicio por un intento de golpe de Estado en 2022.
En abril,  Trump había anunciado un arancel del 10% a varios países, incluido Brasil, pero en agosto elevó el gravamen hasta 50%  contra la potencia agrícola sudamericana, en  un movimiento que sacude de lleno la cadena global del café .
El impacto ya se siente en empresas tostadoras de Florida como Zaza Coffee, que obtiene una cuarta parte de sus granos de Brasil . Con inventarios asegurados para entre 14 y 16 semanas, la compañía explora proveedores en Centroamérica, México y Perú.
“Tenemos un margen de maniobra dentro de estas 14 semanas para que algo pueda cambiar con respecto a los aranceles. Pero  si se mantienen, probablemente no pediremos café brasileño ”, explicó JP Juárez, director de innovación de la empresa, a  Bloomberg .
Otros tostadores, sin embargo, se resisten a modificar sus mezclas.  El grano brasileño, con su volumen dominante y perfil de sabor suave, resulta casi insustituible .  Starbucks , por ejemplo, utiliza exclusivamente arábica brasileño para sus mezclas.
Conozca más:  Producción de café en julio alcanzó 1,37 millones de sacos, la más alta en una década
“Los tostadores tienen mezclas que les gusta mantener lo más consistentes posible en cualquier entorno de costos determinado”, advirtió Jim Watson, analista de Rabobank.
Con la caída del flujo brasileño,  Vietnam  aparece como una alternativa, aunque su producción se concentra en robusta, variedad más barata y asociada al café instantáneo.
Aun así,  las importaciones de robusta vietnamita podrían alcanzar récords este año, ya que enfrentan aranceles de apenas 20% .
Colombia y Honduras también figuran como proveedores clave,  aunque la limitada oferta hondureña ya se negocia con sobreprecios de 30 a 40 centavos por libra respecto al mercado de futuros.  Exportadores colombianos, por su parte, prefieren esperar antes de fijar precios, anticipando que la tensión comercial pueda seguir encareciendo el mercado .
“Las limitadas ofertas hondureñas ya están más caras y  Colombia no está cotizando por ahora, esperando una mejor oportunidad ”, explicó Tomás Araujo, de la firma StoneX.
Entérese aquí:  Flores, café y petróleo, los productos colombianos que salen ganando con los nuevos aranceles de Trump
Frente a este escenario, el gerente de la FNC, Germán Bahamón, aseguró en entrevista con  Bloomberg Línea : “Lo que sí debemos hacer es aprovechar este momento para  mejorar la  exportación  a EE. UU. de café que tenga diferenciación, como los cafés de especialidad . Ahí hemos concentrado recursos importantes para atacar ese mercado y no solo vender producto estándar, sino mejorar nuestra diferenciación”.
La estrategia de la FNC  no se limita a enviar café verde como materia prima . Según Bahamón, la apuesta es clara:  industrializar el café en Colombia y exportar cada vez más café tostado en origen .
En ese sentido, las marcas vinculadas al gremio se convierten en punta de lanza.  La icónica marca Juan Valdez sigue consolidándose en estados como Florida, mientras que la alianza con Sofía Vergara y Walmart ya garantiza la presencia de café colombiano  en 1.700 puntos de venta bajo la marca ¡ Dios Mío! Coffee.
El café brasileño que deje de entrar a Estados Unidos encontrará destino en Europa , donde los tostadores necesitan granos trazables para cumplir las nuevas normas de deforestación de la  Unión Europea.
También una mayor parte podría redirigirse al creciente mercado chino, aunque aún no alcanza el peso de Estados Unidos.
“ El abandono del café brasileño en EE. UU. desviará más suministro a Europa y China.  Eso dejará a los tostadores estadounidenses con un mercado más caro”, explicó Dave Behrends, director de operaciones de Sucafina SA.
Siga leyendo:  “Nuestra meta es cerrar 2025 con cinco tiendas en Medellín”: así es el plan de expansión de Café Quindío
Algunas empresas tuvieron suerte de adelantarse al golpe.  Gregorys Coffee, de Nueva York, recibió su último embarque desde Brasil el 2 de agosto, justo antes de la entrada en vigor de los aranceles , lo que le garantiza inventario hasta mediados de noviembre. Sin embargo, el siguiente lote ya tendrá el impuesto del 50%.
Para tostadores más pequeños, como Ritual Coffee Roasters, de San Francisco, el panorama es crítico. “ Asumir un arancel de 10% es casi imposible para una pequeña empresa por sí sola. Parte de eso debe trasladarse a los clientes, y 50% parece abrumador e insuperable ”, señaló Daria Whalen, directora de café de la firma, a medios económicos.
Los efectos de la disputa se suman a un mercado ya ajustado.  Brasil exportó 22,2 millones de sacos de 60 kilos entre enero y julio, una caída del 21,4%  en volumen frente al mismo periodo de 2024.
No obstante, l os ingresos subieron 36%, hasta 8.555 millones de dólares,  impulsados por los altos precios internacionales tras problemas climáticos en  Brasil , Vietnam e Indonesia.
Lea aquí:  ¿Colombia la sacó barata con los nuevos aranceles de Trump? Sectores que ganan y pierden
“Ya teníamos previsto una reducción de embarques este año tras el récord de 2024 y con inventarios bajos.  El clima también ha limitado la cosecha ”, explicó Márcio Ferreira, presidente de Cecafé, quien insiste en que  el alza de precios refleja un “apretado equilibrio” global entre oferta y demanda.
Solo en julio, Brasil exportó 2,7 millones de sacos, un 27,6% menos que un año antes, aunque con ingresos 10,4% superiores.  Pese a la tensión,  Estados Unidos siguió siendo el mayor comprador hasta julio, con 3,7 millones de sacos, equivalentes al 16,8%  de los embarques totales.
Cecafé trabaja con el Gobierno brasileño y con importadores estadounidenses para que el café quede exento de los aranceles,  argumentando que el grano no se produce a gran escala en EE. UU. y es clave para su industria.
Por ahora, lo que se observa es una serie de aplazamientos de embarques, que afectan directamente a los productores brasileños.
“ Lo que estamos percibiendo por ahora son pedidos de aplazamiento, muy perjudiciales para el sector ”, dijo Ferreira. Aunque Brasil explora nuevos destinos,  descarta que China pueda reemplazar de inmediato a Estados Unidos como comprador de referencia.
Además:  Café de Colombia, ¿el más afectado por los aranceles de Trump?",2025-09-22, 20 de agosto de 2025 ,negocios,,Tostadores de EE. UU. rechazan café de Brasil tras aranceles del 50% y buscan alternativas en otros países como Colombia,https://www.elcolombiano.com/negocios/aranceles-de-trump-frenan-cafe-brasil-en-estados-unidos-colombia-opcion-DF28695798
La red forestal y de la madera aboga por soluciones que les permitan crecer.," El Colombiano
                     ",Economía,"La  inseguridad en los territorios forestales está frenando el desarrollo normal de actividades productivas  de la red forestal y de agroindustria de la madera.
Así lo denunció la  Federación Nacional de Industriales de la Madera (Fedemaderas),  al señalar que las extorsiones en el Magdalena, el control guerrillero en departamentos del Caquetá y Guaviare, el narcotráfico en el Cauca, o la minería ilegal en Antioquia, son solo muestra de las acciones ilegales que paralizan las actividades productivas del sector.
Y es que como lo afirmó Juan Miguel Vásquez, director nacional del gremio, preocupa la  limitada y, en algunos casos, desatendida atención institucional  que repercute en esta actividad productiva en todos los niveles.
De hecho, Fedemaderas conoció que varios inversionistas internacionales, que creyeron en Colombia como un país para incidir en un escenario de triple valor (social, económico y ambiental), hoy en día  han tomado la decisión de elevar consultas con sus casas matrices para abandonar sus inversiones locales.  La agremiación no detalló cuáles inversionistas iniciaron el proceso de consultas.

A las  extorsiones en el departamento del Magdalena,  específicamente en la región de Sabanas de San Ángel, por cuenta de las amenazas, y otros hechos de violencia que vienen en aumento, las operaciones han tenido que ser suspendidas para proteger la seguridad física, tanto de los trabajadores como colaboradores de las empresas forestales perjudicando más de 300 empleos directos y reportando pérdidas de más de 1.000, que se suman al  control militar de la guerrilla en los departamentos del Caquetá y Guaviare,  el narcotráfico en el Cauca y la minería ilegal en Antioquia, que minan la capacidad de la red sectorial y afectan de manera directa empleo, bienestar y aportes para el desarrollo de estas regiones.
Esta realidad, como lo aseguró el dirigente gremial, además, limita el ejercicio de los Núcleos de Desarrollo Forestal y de la Biodiversidad, que hoy no solo facilitan la economía sino la sostenibilidad del bosque natural, generando un efecto negativo en los flujos comerciales, tanto para atender la demanda interna, como para expandir las exportaciones del país.
De los 28 Núcleos de Desarrollo Forestal y de la Biodiversidad que tiene el país, como pioneros en su estrategia para la contención de la deforestación, 19 de ellos tienen asiento en Guaviare, Caquetá y Meta.
Estas iniciativas gestionadas por las Corporaciones CDA y Corpoamazonía, las instituciones Humboldt, Sinchi y MinAmbiente y el programa Visión Amazonía, que bien aportan a una actividad productiva para más de 3.000 familias, también se ven amenazadas al hacer casi imposible la extracción de los productos maderables de la región, debido a la pérdida del control del territorio por las fuerzas militares.
Otra de las grandes afectaciones por esta inseguridad reinante en el país, está asociada con las exportaciones. En productos de madera y sus manufacturas,  Colombia ha exportado a la India en lo corrido de este año US$2,1 millones,  de los cuales un 90% corresponden a exportaciones de Teca, cuando en 2023 se exportaban casi US$4 millones en los mismos tipos de productos, y la inseguridad en la región Caribe amenaza con llevar esta cifra a menos de la mitad.
“Primero, solucionemos los problemas de seguridad para que las actividades de proveeduría del recurso forestal se normalicen, y posteriormente, y no menos importante, solucionemos las trabas administrativas que no ha subsanado el mismo Gobierno Nacional para volver a dinamizar las exportaciones de Teca”, añadió Vásquez, recordando una vez más la  limitación que tienen estas exportaciones por una resolución que no ha querido derogar el Ministerio de Salud  desde hace casi dos años, la Resolución 2152 de 1996.
Hoy  Antioquia cultiva el 70% de las plantaciones forestales comerciales de la región Andina,  moviliza el 76% de la madera en la misma región y exporta US$164,2 millones en productos y derivados de la madera, el 39% hacia Brasil. Este impacto también se ve amenazado al contar hoy con patrimonios forestales a los que los trabajadores y empresarios no pueden llegar, pues han sido víctimas de amenazas contra su vida.
La red forestal y de la madera, así como muchos otros sectores económicos, tiene más problemas a ser solucionados para su crecimiento, que soluciones a la vista, pero, sin seguridad, ninguna posibilidad tendrá de crecer su aporte a la bioeconomía nacional.
“El gremio les ha planteado estas situaciones a las autoridades de la Fuerza Pública, gobernaciones del país y entidades responsables de promover la inversión en los territorios, pero desafortunadamente, la respuesta no ha sido inmediata, y en algunos casos, nula. Estamos a la espera de un encuentro positivo con el señor ministro de Defensa, que nos permita llegar a  soluciones rápidas y efectivas que protejan este sector clave para el desarrollo, empleo y economía  de muchas regiones del país”, concluyó Vásquez.",2025-09-22, 20 de agosto de 2025 ,negocios,,¿Por qué están en peligro las exportaciones de madera colombiana?,https://www.elcolombiano.com/negocios/inseguridad-pone-en-riesgo-sector-maderero-colombiano-EF28699269
Brasil provee 32% del café en Estados Unidos y paga aranceles del 50%. Esa coyuntura abre espacio para mayores exportaciones colombianas.," Miguel Orlando Alguero
                     ",Economía,"El  mercado mundial del café  vive una sacudida histórica desde que  Estados Unidos  impuso nuevos  aranceles , en especial al grano brasileño y al procesado suizo. En apenas 18 días,  la dinámica comercial está cambiando y Colombia aparece como uno de los grandes beneficiados.
En entrevista con Gustavo Andrés Gómez, presidente ejecutivo de Asoexport, el dirigente gremial explica cómo  esta coyuntura abre espacio para crecer en exportaciones tanto de café verde como de café tostado, generar más divisas  y, sobre todo, llevar mayores ingresos a los productores en las zonas cafeteras del país.
Lea más:  Tostadores de EE. UU. rechazan café de Brasil tras aranceles del 50% y buscan alternativas en otros países como Colombia
“Lo primero que hay que entender es que  Estados Unidos es nuestro principal mercado de exportación. Más del 40% de nuestras ventas de café —alrededor de 4 millones de sacos— van a ese destino , lo que nos convierte en el segundo origen más importante para ellos.

Cuando analizamos los competidores,  el principal proveedor de café a Estados Unidos es  Brasil , que concentra cerca del 32% de las compras, equivalentes a unos 7,3 o 7,4 millones de sacos de 60 kilos . Ese es el café que hoy tiene un mayor impacto, porque Brasil ya venía con un arancel base del 10%, se le sumó un 40% por temas políticos relacionados con Bolsonaro y  aún podría enfrentar un 10% adicional por ser parte del bloque BRICS.  En este momento,  Brasil está pagando un arancel del 50%, lo que lo hace más costoso que el café colombiano.
Dado que el café de Colombia tiene una calidad muy superior al de Brasil, lo que estamos viendo es  un mayor apetito por parte de los compradores estadounidenses hacia nuestro producto  y también hacia el café de Centroamérica”.
Siga leyendo:  Ante el arancel del 10% de Trump al café colombiano, así es la estrategia de la Federación de Cafeteros
“Una de las preguntas que más me han hecho es si Colombia puede exportar más café. Básicamente,  nosotros enviamos al exterior más del 90% de lo que producimos,  y esto no funciona como una fábrica en la que uno oprime un botón y de inmediato aumenta la producción. De un mes para otro, el volumen de exportaciones no va a cambiar significativamente.
Donde sí se nota la diferencia es en el precio. Todos los orígenes de café arábica están ligados al  contrato C de Nueva York  y, de hecho, ya se evidencia un aumento importante en las últimas jornadas de la bolsa.  Hemos tenido varios días con incrementos superiores a 10 centavos, y hoy la libra de café supera los 3,75 dólares.
Lo que está pasando, entonces, es que se están pagando mejores precios por nuestro café, lo que se traduce en un impacto directo en tres frentes:  más divisas para el país, un aporte al crecimiento de las exportaciones no mineras de Colombia  y, lo más importante, mayores ingresos que llegan directamente a los  productores de café ”.
“La calidad siempre ha sido el gran diferenciador del  café colombiano , eso no está en discusión y debemos seguir apostándole a ella.  Lo que cambia en esta coyuntura es que nuestro café de mayor calidad hoy está prácticamente al mismo precio, o incluso por debajo, que el café de Brasil, que tiene una calidad mucho menor .
Para ponerlo en una analogía, es como si en Colombia usted tuviera la opción de comprar un taxi y una camioneta al mismo precio. Normalmente la camioneta cuesta más, pero si al taxi le ponen un arancel que la encarece, queda al mismo nivel de la camioneta. Seguramente la gente optará por comprar más camionetas que taxis.
Eso es lo que está pasando,  Colombia sigue teniendo el distintivo de la calidad, pero al mismo tiempo, el mayor productor y exportador de café del mundo enfrenta un arancel que lo hace más costoso que otros orígenes . Ese desbalance obliga a los tostadores a buscar materia prima en otros países, y  ahí Colombia tiene una ventaja para capitalizar la oportunidad ”.
Conozca más:  Flores, café y petróleo, los productos colombianos que salen ganando con los nuevos aranceles de Trump
“Si el café de Brasil se hace económicamente inviable para Estados Unidos, es probable que busque otros destinos.  Uno de ellos es China, que ha venido aumentando su consumo, pero ese mercado todavía no es capaz de absorber toda la producción brasileña .
Lo más seguro es que  una parte importante de ese café termine desviándose hacia Europa y Asia, lo que podría reconfigurar la matriz comercial . En ese escenario, el café colombiano tendría una mayor proporción destinada a Estados Unidos, siempre y cuando las reglas del juego se mantengan, porque esta coyuntura cambia constantemente.
Lo que ya se empieza a ver es un desvío del café brasileño hacia otros destinos y, en consecuencia, una menor demanda en esos mercados por café colombiano.  Al mismo tiempo, Estados Unidos demandaría más de nuestro producto. La gran noticia es que este reacomodo puede traducirse en un incremento en los precios internacionales del café colombiano , lo que significa más divisas para el país y mayores ingresos para los productores”.
“El panorama es de alta incertidumbre. Casi todas las semanas surge una noticia nueva o un cambio en alguna regulación, y eso genera mucha volatilidad en el mercado.  Hemos visto variaciones de 10 centavos arriba o abajo, que en el tamaño de un lote de café representan ingresos muy significativos .
Una volatilidad de este nivel no se veía desde hace tiempo. Toda esa incertidumbre plantea una dificultad, o mejor, un reto enorme en la administración del riesgo para el sector”.
“Por ahora, con las reglas de juego actuales, si se observan los cinco principales proveedores de café hacia Estados Unidos, el panorama es interesante.  Brasil, que es el mayor proveedor con un 32%, enfrenta un arancel del 50%. Vietnam tiene un arancel del 20% y, en el caso de Suiza, sus exportaciones de café procesado hacia Estados Unidos pagan un 39% .
Eso abre  una oportunidad importante para que Colombia incremente el porcentaje de café con valor agregado que puede enviar a ese mercado . En medio de tanta volatilidad e incertidumbre, también se generan oportunidades que hoy juegan a favor del café colombiano”.
Lea más aquí:  Café colombiano llega a récord histórico en exportaciones, pero producción y precios caen: ¿cómo va el negocio?
“Cuando hablo de valor agregado me refiero principalmente a café procesado: tostado, molido, soluble, entre otros. El ejemplo más claro es  Suiza, que no es un gran productor, pero sí un gran exportador de café hacia Estados Unidos. No lo hace en volumen, sino en valor, más de 1.100 millones de dólares en café procesado .
Ese café ahora tendrá más arancel. Allí surge una  oportunidad muy interesante para Colombia, que puede producir, procesar y exportar ese mismo tipo de café hacia Estados Unidos . Esto permitiría crecer en  industria nacional , generar empleo y aumentar  exportaciones  con valor agregado”.
“Para explicarlo de manera sencilla: así como Suiza exporta café tostado y molido que va a pagar más impuestos,  la industria colombiana puede reemplazar parte de esa oferta fabricando aquí el producto final . Eso significa más divisas y más empleo.
Además, se abren oportunidades en los dos frentes,  podemos crecer tanto en exportaciones de café verde como en café procesado.  Brasil, que es el mayor proveedor de café verde para Estados Unidos, enfrenta un arancel del 50%, mientras Suiza, principal exportador de café procesado, tendrá un 40%. Esa coyuntura abre una ventana para que Colombia gane espacio en ambos segmentos”.
“Es muy importante entender que el café se produce en más de 20 departamentos y en más de 600 municipios del país. A diferencia de lo que pasa con el  petróleo , donde las divisas se traducen en regalías para el Estado,  en el caso del café los ingresos llegan directamente a los productores , y cuando eso sucede se convierte en un dinamizador de la economía.
Cuando el productor recibe más ingresos, aumenta su consumo, compra mercado, ropa, invierte en sus necesidades, y eso mueve de manera positiva la economía local. Por eso  el impacto es especialmente fuerte en las zonas cafeteras, como Antioquia, el Eje Cafetero, Huila o Nariño.
En ese sentido, no solo se beneficia el productor —que ya es muy importante—, sino también toda la economía a su alrededor. Es una cadena virtuosa,  mayores ingresos para el caficultor significan más movimiento en la economía regional  y, al final, crecimiento económico para el país.
Ahora bien,  el consumidor en Colombia no necesariamente verá un incremento inmediato en el precio de la bolsa de café o del tinto que se toma en la tienda . El impacto se siente más en el mercado internacional, en la generación de divisas y en la mejora del ingreso de los productores, lo cual repercute en desarrollo local. Esa es la diferencia frente a otros sectores como petróleo o carbón, donde las divisas no llegan directamente a las manos de quienes producen”.
En contexto:  Café de Colombia, ¿el más afectado por los aranceles de Trump?
“Veníamos de una tendencia de caída importante en los precios,  habíamos superado los 4 dólares por libra y luego el mercado corrigió por debajo de los 3 . Todo este escenario de aranceles generó un repunte que hoy nos tiene en 3,70 dólares.
La incertidumbre es total, sobre todo en precios, donde más se ha sentido la volatilidad, pero también en materia de reglamentaciones.  Todavía no es claro, por ejemplo, cómo se redistribuirá en la cadena el pago de los aranceles,  qué tanta inflación podrían generar, entendiendo que Brasil es el principal proveedor de café a Estados Unidos , ni qué tanto se mantendrá la ventaja actual para Colombia o hacia dónde terminará yendo ese café brasileño.
En este momento hay más preguntas que respuestas, porque las medidas siguen siendo muy recientes. Sin embargo, dentro de este panorama de alta incertidumbre, lo cierto es que  hoy la cancha nos favorece y tenemos la posibilidad de incrementar tanto nuestras exportaciones de café verde como las de café tostado ”.",2025-09-22, 25 de agosto de 2025 ,negocios,,"“Hoy la cancha nos favorece en aranceles, Colombia tiene la posibilidad de vender más café a EE. UU.”: Asoexport",https://www.elcolombiano.com/negocios/aranceles-cafe-colombia-exportaciones-eeuu-ventaja-brasil-asoexport-GI28759942
La Organización Internacional del Café señaló que una alternativa para mejorar la competitividad del sector es la diversificación a través de los cafés de especialidad.," Colprensa
                     ",Economía,"En un encuentro organizado por la Federación Nacional de Cafeteros y que contó con la participación de  Vanuisa Nogueira, directora ejecutiva de la Organización Internacional del Café,  se dialogó sobre las perspectivas globales del sector caficultor, los retos ante un nuevo escenario arancelario y las perspectivas para Colombia.
El principal mensaje de la directora de la OIC se centró en  la competitividad a la que debe apostar el sector caficultor del país.  Señaló que los esfuerzos por la diversificación de los mercados del café es clave para continuar con el buen momento que vive el grano colombiano.
Esto bajo la expectativa de que  la demanda mundial de café alcance 200 millones de sacos para 2030 . Se trataría de 23 millones de sacos más, que se añadirían a la demanda de 2024, de 177 millones.
De cara a la nueva perspectiva arancelaria que propuso Estados Unidos, Nogueira es optimista sobre el futuro del café. Recordó que  EE. UU. se mantiene como el principal demandante del grano en el mundo  y que, en un escenario de negociación bilateral, debe primar el diálogo y el encuentro de puntos comunes.

En la antesala del encuentro, el gerente de la FNC y la directora ejecutiva de la OIC se reunieron con Martha Carvajalino, ministra de Agricultura, para discutir temas como “las perspectivas, la actualidad y los retos de la caficultura, en el que resaltamos cómo el café ha sido ejemplo de transferencia de valor, de encadenamiento productivo y de comercialización para enfrentar los mercados internacionales”, dijo Germán Bahamón.
En la reunión con la jefa de la cartera del agro, también se tocaron puntos como la identificación de otras líneas de cultivos en las mismas áreas y la competitividad del sector. “Vietnam es un ejemplo en este sentido, con el durian y la pimienta negra”, explicó Nogueira.
El gerente de la Federación Nacional de Cafeteros agregó que, del encuentro, salió la propuesta de  inclusión de las zonas cafeteras en medio del conflicto a través del Café por la Paz.  Busca el reemplazo productivo de los cultivos ilícitos por los lícitos en zonas como el Cañón del Micay o Catatumbo.
A propósito de las expectativas de la producción cafetera, la Federación Nacional de Cafeteros espera que las mayores precipitaciones del primer trimestre y las condiciones fisiológicas de la siembra (agotamiento) luego de los picos de producción del último semestre traerán una merma de 11,25% en la producción de julio a diciembre.
“Esperamos que se produzcan 7,1 millones de sacos en el segundo semestre frente a ocho millones que se registraron el año pasado. Las lluvias de febrero y marzo no han aportado al estrés calórico que necesitan las plantas”, concluyó  Germán Bahamón, gerente general de la FNC;  la reducción sería de 900.000 sacos en 12 meses.",2025-09-22, 26 de agosto de 2025 ,negocios,,"“Se requerirán 200 millones de sacos en 2030, hay que apostarle a la competitividad”",https://www.elcolombiano.com/negocios/demanda-global-de-cafe-a-2030-AF28786305
"Para Manuel Naranjo, secretario de Desarrollo Económico de Antioquia, existen otros mecanismos para incentivar la producción de alimentos sin afectar la autonomía de las entidades territoriales."," Alejandra Zapata Quinchía
                     ",Economía,"El campo colombiano ha sido, por décadas, la base de la seguridad alimentaria del país. No obstante, a pesar de su enorme potencial, el agro aún no despega al ritmo que se espera: hoy aporta el 8,4% al PIB nacional, pero de las 40 millones de hectáreas con vocación agrícola, apenas 7 millones están cultivadas.
A esta realidad se suman problemas estructurales que se repiten año tras año:  altos niveles de informalidad, precios poco justos para los productores, cadenas de intermediación que restan rentabilidad y una marcada escasez de mano de obra calificada.
Puede leer:  Desde el Suroeste se levantan voces contra Áreas de Protección para la Producción de Alimentos
En entrevista con EL COLOMBIANO,  Manuel Naranjo, secretario de Desarrollo Económico de Antioquia,  explicó las estrategias e inversiones que se están impulsando desde la administración, los principales retos que enfrenta hoy el agro antioqueño, la apuesta para convertir al departamento en un  hub  de innovación agropecuaria y las razones de la oposición a las Áreas de Protección para la Producción de Alimentos (APPA).

“Desde la construcción del programa de gobierno quedó claro que en el campo se evidencian muchas necesidades. Sin embargo, la más inminente es la conectividad física, porque la entendemos como un bien público en el que deben concentrarse los recursos del Estado.
Claro está, existen dificultades en varias cadenas productivas.  El agro, por su naturaleza, es un sector cíclico: cuando los precios de un producto están altos, los productores se vuelcan a sembrar, lo que genera una gran cosecha que, a su vez, tiende a reducir los precios.  Ese comportamiento se refleja en distintos cultivos: hoy hay dificultades con la papa, el limón y el arroz; hace unos años fue el café el que atravesó una crisis, aunque ahora vive un buen momento con precios altos y los productores están felices.
Entérese:  La crisis detrá s del  boom  del limón Tahití: productores están al borde de arrancar sus cultivos
Por eso creemos que las políticas públicas deben centrarse en garantizar bienes públicos como la conectividad física, además de promover la digitalización y la innovación, que son los frentes en los que estamos trabajando”.
“Hemos establecido, por ejemplo, una alianza con Fedepapa para adelantar un proceso de compra pública de papa. Estos recursos provienen tanto del nivel nacional como del gremio y, en buena medida, están soportados por los aportes parafiscales que deben realizar los productores. El objetivo principal es generar una nivelación en el mercado.
De la mano de los municipios productores también venimos impulsando proyectos productivos que fortalezcan a las pequeñas organizaciones campesinas y a los agricultores, mediante estrategias que faciliten el acceso a insumos de siembra y fertilizantes, contribuyendo a estabilizar su actividad.  Uno de los grandes retos actuales es la mano de obra, ya que muchos jóvenes no se sienten motivados a vincularse con la producción agropecuaria” .
“Frente a este desafío tenemos dos líneas de trabajo.  La primera es promover el uso de la ciencia, la tecnología y la innovación, con herramientas como la inteligencia artificial, para involucrar a más jóvenes en el sector.  La segunda,  la creación de un fondo de ciencia, tecnología, innovación y emprendimiento, cuyo lanzamiento se hará en las próximas semanas.
Le puede interesar:  SIC autorizó creación de un acuerdo para fijar precios mínimos al arroz paddy verde
Este fondo está diseñado para apoyar a emprendedores del sector agroalimentario, startups y pequeños empresarios que buscan no solo acompañamiento técnico, sino también incentivos públicos para fortalecer y expandir sus proyectos productivos”.
“Cuando hablo de un  hub  de innovación agropecuaria me refiero, en particular, a  Agcenter, que es una plataforma de conexión que busca, a través de retos de innovación abierta, llevar soluciones a las diversas brechas y desafíos que enfrenta el sector agropecuario.
Esta estrategia, incubada con recursos de la Gobernación, tiene dos objetivos principales: primero, conectar a los grandes empresarios y corporativos con los pequeños productores; y segundo, promover el uso de la ciencia, la tecnología y la innovación en el sector agropecuario.
Estas iniciativas están jalonadas por grandes empresas que sirven de ejemplo, como Alpina, Alquería y Colanta en el sector lechero; Uniban en la producción de banano y plátano; o el Grupo Bios en diversas áreas del agro. El reto central es  transferir esas buenas prácticas a los pequeños productores,  tanto en términos de asociatividad como en la incorporación de procesos de innovación que fortalezcan su competitividad y sostenibilidad”.
Vea también:  “Hoy la cancha nos favorece en aranceles, Colombia tiene la posibilidad de vender más café a EE. UU.”: Asoexport
“Sí, estamos hablando de  cerca de $23.000 millones destinados específicamente a la innovación en el sector agroalimentario.  Pero es importante que los productores comprendan que, cuando hablamos de ciencia, tecnología e innovación, no nos referimos únicamente al uso de nuevas tecnologías en la actividad productiva.
El mensaje es que la innovación también puede traducirse en mejores ideas, nuevos procesos y formas de organización más eficientes.  Claro está, buscamos avanzar con mayor fuerza hacia la tecnificación y la agricultura 4.0, pero insistimos: no se trata solo de tecnología, sino de integrar instancias de ciencia e innovación. Esto requiere una interacción más estrecha con el sector académico, las universidades, los centros de innovación y productividad”.
“Ese es, sin duda, otro reto absolutamente clave: el ordenamiento social de la propiedad rural en Antioquia, como en el resto del país.
Uno de los factores que más dificultan la inversión en proyectos productivos es la tenencia de la tierra, y en las zonas rurales esta problemática se agudiza aún más.  En particular, en el Suroeste enfrentamos una gran incertidumbre por el tema de las áreas de protección para la producción de alimentos.
Desde la Gobernación estamos trabajando en dos frentes. Primero,  nos hemos opuesto con todo el empeño y con toda la certeza a esa regulación que establece el nivel nacional, tanto en relación con las áreas de protección para la producción de alimentos como en el caso de las zonas de reserva temporal.  Creemos que hay otros mecanismos de trabajo para incentivar la producción de alimentos y la producción agropecuaria en general,  que no impliquen meterse con la autonomía de las entidades territoriales,  como los municipios y los concejos.
Y segundo, para avanzar en el ordenamiento social de la propiedad rural, todo comienza con el catastro multipropósito.  En Antioquia estamos invirtiendo cerca de $200.000 millones en este proceso y, para este 2025, se espera tener actualizado aproximadamente el 65% del territorio departamental.  Este esfuerzo se complementa con ejercicios técnicos como la ortofotografía y el uso de herramientas de planificación basadas en inteligencia artificial, que generan insumos valiosos para las corporaciones autónomas regionales y los municipios, responsables directos del ordenamiento territorial.
De esta manera, buscamos que los planes de ordenamiento de los municipios puedan ser actualizados y revisados con información precisa y confiable. En síntesis, estamos trabajando en la primera fase de esa cadena de valor: el catastro multipropósito, como base para que los municipios avancen en el ordenamiento social de la propiedad”.
Lea aquí:  “Colombia es el tercer país del mundo donde más se consume huevo”: Fenavi
“Estamos convencidos de que la diversificación y la integración con las diferentes cadenas productivas son la esencia de la generación de valor.
Antes, la Secretaría de Productividad y Competitividad asumía todos los temas relacionados con valor agregado, productividad y competitividad, incluyendo ciencia, tecnología e innovación. Hoy, desde las áreas de Agricultura y Desarrollo Rural, en articulación con Productividad y Competitividad, trabajamos precisamente sobre esos pilares.
La Secretaría de Agricultura se dedicaba anteriormente, de manera muy preponderante, al establecimiento de proyectos productivos. Hoy decimos: “manejemos el establecimiento de proyectos productivos, pero con propósito y generación de valor”. Y la instancia fundamental para lograrlo es la ciencia, la tecnología y la innovación.
Entonces, por ejemplo, un mecanismo a través del cual hemos cambiado la dinámica de lo que ocurría en las anteriores secretarías es considerar a los actores del sector agropecuario y turístico como verdaderos empresarios que deben impulsar una estrategia de desarrollo productivo, y no simplemente como productores que siembran, cosechan y venden sin contar con una estructura empresarial ni con un acompañamiento de base”.",2025-09-22, 02 de septiembre de 2025 ,negocios,,“Hay incertidumbre en el Suroeste por áreas de protección para producción de alimentos”: secretario de Desarrollo Económico,https://www.elcolombiano.com/negocios/agro-areas-de-proteccion-produccion-alimentos-secretario-desarrollo-economico-antioquia-AB28921032
"La producción de café en agosto subió 19% frente al año pasado. En 12 meses se produjeron 14,79 millones de sacos, impulsando exportaciones."," Miguel Orlando Alguero
                     ",Economía,"La caficultura colombiana cerró agosto con cifras en verde. Según la  Federación Nacional de Cafeteros  (FNC),  la producción del mes alcanzó 1,24 millones de sacos de 60 kg, lo que representó un crecimiento del 19%  frente a agosto de 2024.
El gerente general de la FNC,  Germán Bahamón , explicó que  este comportamiento se debe a un “ciclo productivo desplazado” , generado por las lluvias persistentes del primer semestre que movieron la cosecha hacia el inicio del segundo.
Conozca más:  Precio del café arábica roza los US$4 por libra, mientras Colombia reportó récord en exportaciones
Con este resultado,  el acumulado de los últimos 12 meses (septiembre 2024 – agosto 2025) ascendió a 14,79 millones de sacos , un aumento del 18% frente al periodo anterior, cuando se registraron 12,53 millones.

En lo corrido del año (enero – agosto 2025), la producción suma 8,83 millones de sacos, creciendo un 10%  interanual.
La  dinámica exportadora  también mostró fortaleza.  En agosto, Colombia vendió al exterior 1,13 millones de sacos, un 10% más  que en el mismo mes de 2024.
En el acumulado de 12 meses, las exportaciones alcanzaron 13,23 millones de sacos, con un incremento del 13%  frente al ciclo previo.
De este total, 2,59 millones de sacos correspondieron a exportaciones de la Federación (+18%) , mientras que otros exportadores sumaron 10,63 millones de sacos (+12%).
Puede leer:  “Petro no conoce el negocio del café”: así le respondieron tras sus ataques contra la Federación de Cafeteros
Bahamón destacó que esta dinámica confirma la fortaleza del sistema cafetero, al tiempo que resaltó que “las exportaciones superan los 13,2 millones en el año móvil”.
En contraste con la fortaleza productiva,  las importaciones preliminares en agosto fueron de 146 mil sacos, acumulando 776 mil sacos  en los últimos 12 meses.
Por su parte, el consumo interno se mantiene relativamente estable.  En el último año cafetero, se estimó en 2,25 millones de sacos, mientras que en agosto el consumo pasó de 173 mil a 186 mil sacos , equivalente a un crecimiento del 7%.
Entérese:  Ante el arancel del 10% de Trump al café colombiano, así es la estrategia de la Federación de Cafeteros
A pesar de la buena racha de los últimos meses, el gremio advierte que  el cierre de 2025 traerá un descenso.
La FNC estima que en  el trimestre octubre–diciembre la producción nacional se reducirá en un millón de sacos menos respecto a 2024 , un ajuste que moderará las cifras positivas logradas durante el año cafetero.
El gerente Bahamón lanzó una advertencia sobre la presión que generan las importaciones de café en el país.
Pidió a las autoridades  fortalecer el seguimiento, pues las diferencias arancelarias entre cafés de distintos orígenes fijadas por Estados Unidos están incentivando lo que calificó como una “nociva dinámica de importaciones” , con riesgos para la competitividad del café de colombia.
Además:  Tostadores de EE. UU. rechazan café de Brasil tras aranceles del 50% y buscan alternativas en otros países como Colombia",2025-09-22, 04 de septiembre de 2025 ,negocios,,"Colombia produjo 14,7 millones de sacos en el último año cafetero, pero se avecina una reducción: ¿de cuánto?",https://www.elcolombiano.com/negocios/cafe-colombia-produccion-subio-agosto-2025-pero-perderia-un-millon-sacos-JG28959347
"A junio se apreció una reducción de más de 4.000 hectáreas en cultivos de fríjol, arveja y maíz."," El Colombiano
                     ",Economía,"La participación de la  Federación Nacional de Cultivadores de Cereales, Leguminosas y Soya (Fenalce)  en Expo Agrofuturo 2025 mostró el panorama actualizado de la producción y comercialización de granos en Antioquia en 2024 (datos cerrados) y las proyecciones para el primer semestre de 2025 (datos estimados).
El gremio precisó que durante 2024, este departamento obtuvo una producción total de 50.251 toneladas en 26.883 hectáreas, con rendimientos promedio de 2,6 toneladas por hectárea (todos los granos).
El fríjol voluble y el fríjol arbustivo concentraron el 34,6% del área sembrada, mientras que el maíz amarillo y blanco tradicional sumaron más de 15.000 hectáreas (56%).
Para el primer semestre de 2025, en comparación con el primer semestre de 2024, los datos preliminares observaron una  reducción del área sembrada a 11.636 hectáreas (4.097 hectáreas menos) y una producción de tan solo 19.306 toneladas (10.768 toneladas menos),  reflejando caídas en todos los granos: maíz, fríjol y arveja, debido a factores climáticos y a la menor intención de siembra.

En el caso del fríjol Cargamanto, cultivo emblemático del oriente antioqueño, la producción ha tenido altibajos asociados a la variabilidad climática.  Durante 2024 se reportaron reducciones en precio por mayor oferta desde municipios como Sonsón, Marinilla, San Vicente Ferrer y El Santuario , pero hacia finales de año las  lluvias afectaron la calidad, y los precios reaccionaron al alza.
Para este año, el mercado ha mostrado caídas en el precio por el abastecimiento nacional, con el inicio de las cosechas en Dabeiba y el oriente antioqueño.
En cuanto a la  arveja, la producción local también se ha visto afectada por el clima.  En 2024 se observó una disminución de rendimientos por  exceso de lluvias , repuntando en el precio para las cosechas en 2025.
El mercado del  maíz en  Antioquia  se caracteriza por la mezcla de oferta nacional e importada.  Durante 2024, el maíz blanco trillado aumentó su precio por la menor producción en departamentos como Córdoba y Sucre, mientras que el maíz amarillo presentó estabilidad relativa con ingresos desde Cesar y Valle del Cauca.
En lo corrido de 2025, el precio del maíz nacional se ha mantenido estable, aunque con presión de la oferta importada.
La industria sigue mostrando preferencia por el maíz de Córdoba, Meta y Tolima.
“El departamento de Antioquia, con tradición en cultivos de fríjol, arveja y maíz, muestra cifras que reflejan tanto los retos climáticos y productivos del último año, como las tendencias en precios y abastecimiento”, afirmó  Arnulfo Trujillo, gerente de Fenalce.
Lea también:  “Hay incertidumbre en el Suroeste por áreas de protección para producción de alimentos”: secretario de Desarrollo Económico
Este viernes, 12 de septiembre,  Fenalce inaugurará su oficina regional de Antioquia , que estará ubicada en el municipio de Itagüí, en la Central Mayorista de Antioquia, bloque 31, primer piso.
El evento de apertura de esta nueva oficina regional de la Federación está previsto para las 3 de la tarde.
“Con esta nueva oficina estaremos más cerca de los productores de cereales y leguminosas de este importante departamento del país, ofreciendo acompañamiento técnico, transferencia de tecnología y asesoría en cuota de fomento y semillas certificadas”, indicó el gerente de Fenalce.",2025-09-22, 11 de septiembre de 2025 ,negocios,,"Se reduce la producción de granos en Antioquia, ¿por qué?",https://www.elcolombiano.com/negocios/baja-la-produccion-de-frijol-maiz-y-arveja-en-antioquia-esta-es-la-razon-KD29082338
"A julio, las exportaciones marítimas refrigeradas de banano sumaron 60.412 contenedores."," El Colombiano
                     ",Economía,"El primer semestre de 2025 ha traído un  nuevo aire para el cultivo de banano  de exportación en Colombia.
Tras un 2024 marcado por la baja rentabilidad, las afectaciones climáticas, el aumento en los costos de insumos y la limitada participación en instrumentos como el Incentivo al Seguro Agropecuario, hoy las cifras muestran una recuperación significativa, según resaltó la  Asociación de Bananeros del Magdalena y La Guajira (Asbama).

De enero a junio de este año, Colombia exportó 67,4 millones de cajas de 20 kilos,  lo que representa 12,1 millones de cajas más que en el mismo periodo de 2024, lo que equivale a un crecimiento nacional del 22%.

En la región Caribe, los resultados también son positivos: se enviaron al exterior 24,6 millones de cajas, lo que representa un crecimiento del 18%, y una contribución del 36,4% al total nacional.
“Desde Asbama estamos muy satisfechos con este repunte y confiamos en cerrar el año con cifras positivas. Sin embargo, insistimos en la necesidad del acompañamiento del Gobierno Nacional para fortalecer la competitividad del sector, garantizar condiciones de mercado estables y avanzar en la sanidad de los cultivos, factores esenciales para que este crecimiento se sostenga en el tiempo”, manifestó  José Francisco Zúñiga Cotes, presidente ejecutivo de Asbama.

Según este gremio, el acompañamiento del Gobierno es aún más relevante en medio del debate político y arancelario con Estados Unidos, país que se consolidó como el principal destino del banano colombiano.
Durante el primer semestre de 2025 se exportaron hacia este mercado casi 12 millones de cajas, lo que significó un crecimiento del 39% a nivel nacional y del 45% en la región Caribe.
“Para los productores del Magdalena y La Guajira  el mercado estadounidense es estratégico,  ya que hacia ese país se va cerca del 40% del banano cosechado en la costa norte de Colombia. De ahí la importancia de mantener relaciones diplomáticas estables que aseguren la continuidad de este flujo comercial, vital para la economía y el empleo de la región”, agregó Zúñiga.
Más allá de Estados Unidos, otros mercados europeos mantienen un papel fundamental.
Se hizo un énfasis en Alemania y Países Bajos, dado que estos con una participación del 11% y 8% respectivamente, representan un flujo comercial importante, pero su mayor relevancia radica en que estos países lideran iniciativas relacionadas con exigencias ambientales, laborales y sociales, promovidas desde la política de debida diligencia europea.
Estas exigencias plantean nuevos retos para la estructura de costos y la rentabilidad del sector bananero colombiano, sin que estos costos adicionales sean reconocidos en un mejor precio y en un verdadero compromiso de valor compartido por parte de los supermercados.
Desde el  Grupo Puerto de Cartagena se detalló que a julio de 2025, las exportaciones marítimas refrigeradas de banano sumaron 60.412 contenedores,  lo que representó un crecimiento de 27,1% frente al mismo período de 2024.
Este desempeño fue determinante en el incremento de 24,6% registrado por el segmento  reefer .
Entre enero y julio del año 2025, las exportaciones contenerizadas de banano mostraron una dinámica destacada en destinos como Italia y Eslovenia, donde la demanda por esta fruta colombiana aumentó 101,3% y 83,2%, respectivamente. Europa es una región clave para este sector.
Al cierre del primer semestre de 2025,  las exportaciones agro totalizaron 1,71 millones de toneladas, un 4,1% más que en 2024.
El banano, que concentra el 77% de este sector,  creció 1,3% en sus exportaciones, sosteniendo el optimismo de la dinámica exportadora hacia fin de año gracias a un posible aumento en la producción.",2025-09-22, 15 de septiembre de 2025 ,negocios,,Exportaciones de banano repuntaron en el primer semestre de 2025,https://www.elcolombiano.com/negocios/balance-exportaciones-de-banano-colombiano-2025-LO29140579
El precio de la carga de café de 125 kilos se paga en promedio alrededor de los tres millones de pesos.," El Colombiano
                     ",Economía,"Las 74.827 familias cafeteras de Antioquia se preparan para recoger la  cosecha de fin de año,  para lo que requerirán contratar a unos 59.000 trabajadores.
Según  Álvaro Jaramillo Guzmán, director del Comité de Cafeteros de Antioquia,  las mejores condiciones climáticas hacen que los cafetales estén mostrando por está época una florescencia interesante, que hace pensar que para el año entrante, la traviesa o la cosecha de mitaca de febrero, marzo y abril, vaya a estar buena, porque este año estuvo muy afectada, casi que sin granos para recolectar.
¿Qué pasó? “ El año pasado fue atípico en cuanto a producción,  los árboles de café entregaron una producción muy buena y cada año no va a ocurrir lo mismo. Los árboles, como todo ser vivo, se cansan y al año siguiente tras una buena cosecha entrega menos, así lo fertilicen bien”.
Los  últimos meses del año son claves para la producción total café,  pues es cuando se recoge el mayor volumen en zonas históricamente cultivadoras del grano como Antioquia y el Eje Cafetero.

Desde la  gerencia de la Federación de Cafeteros, Germán Bahamón,  advirtió a comienzos de este mes que el país tendrá un declive en la producción, en el trimestre octubre - diciembre. “El pronóstico de cosecha estima un impacto de un millón de sacos menos, en comparación al 2024”, precisó.
Según Jaramillo de ese millón menos que se calcula,  Antioquia podría estar afectado en unos 200.000 sacos . “Este departamento ha tenido una producción que está del orden de los 2,2 millones de sacos de 60 kilos. Así las cosas  la cosecha paisa se mermaría a 2 millones o 1,9 millones de sacos,  manteniendo el segundo lugar a nivel nacional”, comentó el dirigente gremial.
Sobre la calidad del grano, las observaciones hechas a los primeros volúmenes recolectados señalan que es muy buena. En este punto vale detallar que el 90% del parque cafetero paisa está en variedades resistentes a la roya, por lo que el nivel de esa plaga es manejable y controlable por parte de los caficultores.
Y en cuanto a precios, la expectativa de los cultivadores también es favorable. Si bien, la tasa de cambio del dólar observa una reducción en los últimos días,  la libra de café Nueva York ha corregido hacia arriba pasando de los US$4 la libra,  por lo que el precio promedio de compra de la carga de 125 kilos ha estado alrededor de los $3 millones.
Los datos más recientes de la Federación de Cafeteros señalan que hoy la carga se paga en promedio a $2,96 millones, y la cotización de la libra en los mercados internacionales estuvo ayer en US$3,80.
Pese a la reducción estimada de 200.000 sacos en la cosecha antioqueña, el Comité de Cafeteros de Antioquia asegura que  se van a necesitar unos 59.000 recolectores , entre mano de obra local (36.000) y la que procede de otras zonas (23.000).
En ese contexto, la Gobernación de Antioquia, Migración Colombia, el Icbf, Policía, Ejército, autoridades locales e institucionalidad cafetera presentaron la semana anterior, en el municipio de Ciudad Bolívar, en el Suroeste antioqueño el “Plan Cosecha 2025”.
Esta es una estrategia que busca fortalecer la seguridad y dinamizar la economía cafetera de Antioquia.
La iniciativa aplica para los  94 municipios cafeteros del departamento,  con énfasis en 13 municipios que tienen concurrencia de recolectores debido a la alta producción de café.
De ese bloque hacen parte Andes, Anzá, Betania, Betulia, Caicedo, Ciudad Bolívar, Concordia, Fredonia, Santa Bárbara, Salgar, Abejorral, Toledo y San Andrés de Cuerquia.
La producción nacional de café en agosto alcanzó 1,24 millones de sacos, con un crecimiento del 19% frente a agosto de 2024.
“Este resultado prolonga el impulso observado en julio y refleja el desfase en la cosecha del primer semestre, originado por las lluvias persistentes que desplazaron la recolección hacia el inicio del segundo semestre”, explicó Bahamón.
Con ese desempeño,  la producción acumulada en los últimos 12 meses (septiembre de 2024 a agosto de 2025) totalizó 14,79 millones de sacos , lo que representó un incremento del 18%. En lo corrido del año (enero–agosto) la producción sumó 8,83 millones de sacos, 10% más.
En materia de comercio exterior, Colombia exportó en agosto 1,13 millones de sacos, lo que representó un aumento de 10% respecto a agosto 2024.
En esa línea, el café antioqueño duplicó sus exportaciones en el segundo trimestre de este año, gracias al mayor precio internacional.
Si bien hubo un crecimiento en volumen, la mayor parte del resultado favorable se explicó por los  altos niveles en la cotización externa, influenciada por las condiciones climáticas adversas en Brasil y Vietnam  que limitaron la oferta global, así como la incertidumbre generada por los aranceles de Estados Unidos y un mayor consumo mundial.
Los países con mayores incrementos en las compras de café al departamento fueron Estados Unidos, seguido de Alemania, Canadá y Japón, resaltó el Boletín Económico Regional del Banco de la República.",2025-09-22, 19 de septiembre de 2025 ,negocios,,Cosecha cafetera paisa caerá en unos 200.000 sacos este año,https://www.elcolombiano.com/negocios/cosecha-cafetera-de-antioquia-en-2025-DP29263437
"Nequi lanza una app exclusiva para negocios, ofreciendo más opciones de pago y control financiero, pensada para emprendedores jóvenes que buscan vender con seguridad."," Miguel Orlando Alguero
                     ",,"Si antes pedir el número de cuenta era la regla, hoy lo común es escuchar un “dame tu  Nequi ”. La aplicación se volvió parte del lenguaje cotidiano, tanto como un  sticker  o una frase de confianza.
Ahora, la compañía quiere dar un paso más con  Nequi Negocios, una aplicación pensada para quienes venden en la calle, administran una peluquería, atienden una tienda de barrio o emprenden en redes sociales .
Entérese más:  Nequi revela cómo 25 millones de colombianos mueven su plata en el 2025
María del Pilar Correa, líder de Estrategia de Negocios de Nequi, explicó, en conversación con  EL COLOMBIANO , que el objetivo es claro: “ lo que queremos con Nequi Negocios es darle a todas esas personas que ya usan la app para manejar su negocio más opciones de pago ”.

La nueva aplicación está  diseñada para que los pequeños negocios y emprendedores  puedan recibir pagos más allá de las transferencias y el QR. Desde ahora podrán:
-Recibir pagos con tarjeta física  gracias a la tecnología NFC, convirtiendo el celular en un datáfono.
-Generar links de pago  para clientes que compran por  WhatsApp , Instagram o redes sociales.
-Seguir usando el QR interoperable  con el que reciben pagos desde  Bancolombia  y otras entidades financieras del ecosistema.
Puede leer más:  ¿Usó Nequi o Daviplata por más de $65,8 millones? Así debe declarar renta en 2025
El proceso es sencillo: al entrar a Nequi tradicional, el usuario encontrará un ícono azul con forma de tiendita llamado  Mi negocio .
Allí podrá registrarse, dar información básica sobre su emprendimiento, e incluso recibir material impreso para mostrar en su local.  Luego deberá descargar la app Nequi Negocios, ingresar con el usuario enviado por correo, crear una contraseña y comenzar a cobrar .
Una ventaja adicional es que los empleados pueden usar la app para cobrar sin tener acceso al dinero, que siempre queda bajo control del dueño, explicó Correa.
1. Descarga la app Nequi Negocios desde la tienda de tu celular (Playstore o Appstore).
2. Abre la app e ingresa el usuario que llegó a tu correo al registrarte.
3. Digita la contraseña creada (diferente a la de Nequi normal).
4. Activa la huella o Face ID si tu celular lo permite.
Así de fácil,  los emprendedores pueden empezar a cobrar y manejar sus ventas  de forma más segura y organizada.
Conozca aquí:  Nequi dice que su separación de Bancolombia está “impactada”, ¿a qué se refiere?
Los números muestran la magnitud del fenómeno. Solo en Antioquia,  Nequi registra más de 2,7 millones de usuarios con corte a agosto de 2025 , de los cuales 1,3 millones están en Medellín.
Entre enero y junio de este año, la app registró más de 200 millones de transacciones en el departamento , un volumen equivalente a llenar más de 5.000 veces el estadio Atanasio Girardot.
Cuando se trata de negocios,  la app ya es clave para más de 111 mil emprendedores en Antioquia , principalmente jóvenes.  Un 31% está en el rango de 26 a 35 años y un 24% entre 15 y 25 años . Muchos de ellos son vendedores de comida,  moda  y calzado, o pequeños comercios minoristas.
Según Correa, “ vemos que son personas que salen todos los días a rebuscarse su ingreso, a luchar por su sueño, y Nequi se convirtió en la forma más sencilla para recibir pagos ”.
Lea aquí:  Usuarios de Nequi podrán recibir dólares y euros en su cuenta, ¿cómo funciona el nuevo servicio?
Aunque Nequi nació en Medellín, la capital paisa es, paradójicamente, uno de los lugares donde más resistencia hay a recibir pagos digitales.
“ Aquí se ha adoptado muchísimo el pago con QR, pero también surgieron problemas de desinformación por comprobantes falsos y supuestos reversos que en realidad no existen ”, explicó Correa.
Por eso,  Nequi insiste en que una vez el dinero entra a la cuenta, no se puede reversar sin autorización del dueño . Además, según Correo, han reforzado sus campañas de comunicación y programas de acompañamiento en barrios para desmontar mitos.
Le puede interesar:  Nequi absorbe a Bancolombia A la mano: qué pasará con los usuarios y cómo migrar su plata
Nequi Negocios busca también recuperar la confianza, reiteró Correa, al  centralizar pagos y generar reportes, los emprendedores no tendrán que andar tomando fotos a los comprobantes . Todo queda registrado en la app.
Con más de 26 millones de usuarios en el país, la mayoría (85%) ya son digitales, recargan desde la app, pagan facturas, hacen transferencias o usan la tarjeta virtual . Solo un 15% sigue dependiendo del  efectivo .
En el caso de los negocios, los datos son reveladores,  un 25% pertenece a comidas y bebidas, un 17% a moda y calzado, y el resto a tiendas minoristas y servicios .
Muchos usan la tarjeta Nequi Black para comprar mercancía en  e-commerce  chinos o pagar pauta digital en plataformas como Google o Instagram.
Además:  Ya puede invertir sus ahorros en acciones con Nequi y Trii y ganar plata; conozca cómo hacerlo",2025-09-22, 02 de septiembre de 2025 ,negocios,,Nequi Negocios: nueva app que busca revolucionar la manera en que emprendedores y comercios manejan su plata,https://www.elcolombiano.com/negocios/que-es-nequi-negocios-y-como-funciona-para-emprendedores-y-empresas-BC28914665
El 37% de los colombianos sigue atrapado en el ‘gota a gota’ y el 79% usa efectivo. Fintech pide un “tsunami regulatorio” para modernizar el sistema financiero.," Miguel Orlando Alguero
                     ",,"Arrancó el Latam Fintech Market 2025, y  Colombia Fintech  aprovechó para presentar el documento “Colombia Fintech 2026-2030: Hoja de ruta para un sistema financiero incluyente, competitivo e innovador”, en el que advierte que  el país necesita un “tsunami regulatorio” para modernizar y acelerar la transformación del sistema financiero.
La idea no es un ajuste marginal, sino un rediseño profundo. Como lo explicó Gabriel Santos, presidente ejecutivo de Colombia Fintech.
“Colombia tiene todo para convertirse en un referente global frente a la industria  fintech . Tenemos el voto de confianza de los consumidores, la tecnología y el talento.  Ahora, necesitamos de la regulación y de un gobierno con una visión decidida para impulsar un verdadero tsunami regulatorio. (...) La revolución  fintech  ya está aquí y es imparable ”.
Conozca más:  “Si aumentan los impuestos con la tributaria, Colombia podría enfrentar un éxodo de bancos digitales”: Gabriel Santos

La propuesta, elaborada de manera colaborativa con más de 50 miembros del gremio y que r eúne más de 120 iniciativas en 20 áreas estratégicas , se centra en tres objetivos clave:
1. Liberalizar la tasa de usura  para ampliar el acceso al crédito formal y combatir la exclusión.
2. Abrir y democratizar los datos financieros  de los consumidores para empoderarlos y dinamizar la competencia.
3. Consolidar un esquema de pagos inmediatos,  capaz de acelerar la inclusión y potenciar la innovación como motor del desarrollo económico y social.
Dentro de las medidas destacadas se incluyen  nuevas reglas frente a la tasa de usura, estrategias para reducir drásticamente el uso del efectivo,  el impulso a la industria cripto con una regulación balanceada y la consolidación del sistema de pagos interoperable  Bre-B .
El llamado no solo viene desde el gremio. Marcela Torres, gerente general de Nu Colombia, advirtió que  la inclusión financiera requiere decisiones firmes.
“En Nu hemos impulsado con fuerza lo que llamamos el triángulo de la inclusión, inspirado en la historia de éxito de Brasil.  Para que millones de colombianos puedan acceder al sistema financiero formal, es urgente poner en marcha un modelo de finanzas abiertas obligatorio y efectivo, consolidar un sistema de pagos interoperable, inmediato y libre de conflictos  de interés como el que está entrando en marcha con Bre-B y revisar la fórmula de la tasa de usura”.
Le puede interesar:  “Si aumentan los impuestos con la tributaria, Colombia podría enfrentar un éxodo de  bancos digitales ”: Gabriel Santos
Por su parte, Santos fue enfático en que  este cambio debe estar en la agenda prioritaria del próximo gobierno.
“ Este es el camino para generar productos financieros digitales  que respondan efectivamente a las necesidades de los consumidores con una oferta innovadora y mayor competencia”.
Las propuestas regulatorias son para afrontar un panorama complejo reflejado en estas cifras: por ejemplo, en Colombia,  el efectivo sigue mandando la parada, el   79% de las transacciones aún se hacen en billetes y monedas , pese al crecimiento de pagos digitales.
A la par,  la bancarización ya es masiva .  Hoy, el 95,8% de los adultos cuenta con al menos un producto financiero , desde cuentas de ahorro hasta tarjetas de crédito.
Pero el lado oscuro de la historia es que  el 37% de la población sigue atrapada en el gota a gota , un sistema de crédito informal que cobra intereses altísimos y perpetúa la exclusión financiera.
Durante el encuentro, que reúne a más de 2.000 asistentes en Barranquilla, se presentó un panorama actualizado del ecosistema.
Según cifras de Colombia Fintech, las verticales más representativas son  crédito digital con 38,1% de las empresas, pagos digitales con 33,3%, y crypto y blockchain con 8,7%.
Con más de 360 compañías afiliadas, la asociación busca dinamizar los servicios financieros digitales en torno a tres grandes frentes: inversión, talento e inclusión financiera digital.
Además:  ¿Redeban se adelantó al Banco de la República y capturó millones de llaves? Lulo encendió la polémica
1. Liberalización: Se busca la liberalización de tres elementos clave como  tasas, con el fin de combatir el “gota a gota”; datos, para usar la información como una herramienta para la inclusión; y dinero, para facilitar pagos inmediatos y accesibles para todos.
2. Se proponen  cambios en el impuesto de 4×1.000 , argumentando que fomenta la informalidad. También se busca repensar las retenciones para evitar que frenen la economía digital.
3. Se plantea la necesidad de  limitar el uso de efectivo y potenciar los pagos digitales para que cada transacción deje una huella.  También se busca optimizar el sistema de pagos de bajo valor, los pagos transfronterizos y el papel de las SEDPEs (Sociedades Especializadas en Depósitos y Pagos Electrónicos) y billeteras digitales.
4. Se propone  usar el crédito digital como un puente de la informalidad al progreso , incluyendo el crédito de consumo, empresarial, de vivienda y de libranza.
5. Propuestas específicas para las diferentes áreas del sector  fintech , como  neobancos, para aumentar la competencia en la era digital; instrumentos de inversión, para profundizar el acceso; seguros, para promover la intermediación digital y la sostenibilidad del sistema;  cripto y blockchain, para pasar “de los billetes a los bits”; y factoring y confirming, para acelerar el flujo de caja de las MiPymes (micro, pequeñas y medianas empresas).
“Colombia necesita de un tsunami regulatorio para transformar el sistema financiero... Para que esta revolución  fintech  tenga un mayor poder transformador necesitamos de un tsunami regulatorio que tenga la fuerza suficiente para:  remover obstáculos, inundar el mercado de oportunidades, y reconfigurar la industria en una más eficiente e inclusiva ”, se lee en el documento.
Para conocer más sobre la Hoja de Ruta puede  ingresar a este enlace.",2025-09-22, 11 de septiembre de 2025 ,negocios,,37% de los colombianos le deben al ‘gota a gota’ y 79% usan efectivo: piden un “tsunami regulatorio” para cambiar el sistema financiero,https://www.elcolombiano.com/negocios/colombia-gota-a-gota-efectivo-tsunami-regulatorio-AM29077447
"En el Latam Fintech Market, Roberto Campos Neto, vicepresidente de Nu, advirtió que Colombia necesita crédito accesible, interoperabilidad y regulación moderna para impulsar inclusión."," Miguel Orlando Alguero
                     ",,"Durante su intervención en el Latam Fintech Market 2025 en Barranquilla, Roberto de Oliveira Campos Neto, vicepresidente y director global de Políticas Públicas de Nu, lanzó un mensaje claro:  Colombia debe dar un salto regulatorio si quiere que la digitalización financiera no se quede solo en los pagos inmediatos.
El ejecutivo comparó los avances de Brasil con los retos de Colombia. “La bancarización en Colombia es bastante buena cuando miramos países de América Latina.  Pero la penetración de crédito es muy mala. En Brasil está en 80%, acá apenas en 36% ”.
Lea más:  37% de los colombianos le deben al ‘gota a gota’ y 79% usan efectivo: piden un “tsunami regulatorio” para cambiar el sistema financiero
Por otro lado, Campos Neto insistió en que la clave del sistema de pagos digitales es la confianza, que en Colombia se conoce como Bre-B.

“ La conexión tiene que tener padronizaciones de seguridad, porque estamos hablando de entrar en banco de datos en instituciones financieras distintas ”.
También hizo énfasis en que la calidad de los datos no puede deteriorarse en el proceso de apertura. “ Si la calidad de datos es buena para los incumbentes (grandes bancos), pero no para los pequeños, no vamos a conseguir hacer el análisis necesario para generar portabilidad ”.
Por eso, defendió que  la implementación de Bre-B debe ser gradual,  empezando con la división de datos antes de abrir el portafolio completo de productos.
Entérese:  El paisa David Vélez vende el 3,5% de su participación en Nubank tras reportar utilidades récord
Brasil se convirtió en un referente regional con Pix, el sistema de pagos inmediatos que hoy tiene cerca del 100% de penetración entre los bancarizados.
Según Campos Neto, la digitalización transformó los hábitos de pago. “ El uso de efectivo en Brasil bajó del 86% al 44% y la inclusión financiera pasó del 60% al 95-96% ”.
Además,  destacó que 71,5 millones de cuentas fueron abiertas gracias al Pix,  generando un círculo virtuoso entre formalización, crédito e inclusión financiera.
Conozca más:  Nubank fue reconocida como la empresa de finanzas más innovadora del mundo, ¿por qué?
En Colombia, el principal obstáculo no es el acceso a cuentas bancarias sino al  crédito . Campos Neto fue directo al decir: “ No podemos tener un sitio donde la bancarización se hizo bien, pero no tenemos acceso a crédito. No hace ningún sentido ”.
Criticó la tasa de usura, que en su opinión beneficia a los bancos tradicionales y excluye a los nuevos jugadores. “ La tasa de usura da una ventaja comparativa al incumbente, que ya tiene datos. Eso genera exclusión ”.
El directivo de Nu también respondió preguntas sobre la criminalidad y los riesgos del lavado de activos. Aseguró que  la digitalización ha reducido delitos asociados al efectivo, aunque reconoció que la ciberdelincuencia y el fraude digital son retos crecientes.
“La criminalidad es muy creativa, pero cuando las cuentas son de personas reales y los datos son correctos, el crimen baja porque las transferencias dejan huella”, explicó.
Sobre la  inteligencia artificial , alertó que puede ser usada tanto para el fraude como para fortalecer la seguridad. “ Estamos viendo compañías que nacen para reinventar la identidad digital y responder a estos riesgos ”.
Entérese:  Oracle, la empresa que rompió récord en Wall Street y convirtió a su fundador en el hombre más rico del mundo
El mensaje final de Campos Neto fue optimista pero también desafiante: Colombia tiene altas tasas de bancarización y una penetración masiva de celulares, pero  debe acelerar la conectividad en zonas rurales, replantear impuestos como el 4x1000 y avanzar en una regulación que permita crecer al ecosistema digital sin expulsar usuarios.
“Es una corrida contra el tiempo. Lo que vamos a generar es más inclusión financiera, más educación financiera y más sostenibilidad”.",2025-09-22, 11 de septiembre de 2025 ,negocios,,Solo el 36% de los colombianos accede a préstamos: Nubank pide reglas claras y crédito inclusivo,https://www.elcolombiano.com/negocios/colombia-rezago-acceso-credito-nubank-pide-reglas-claras-ED29081500
