article_header,author,category,content,date_parsed,date_raw,sub_category,subcription,title,url
La cuarta cita en lo que va de 2025 se realizó en la Casa de Nariño. El presidente citó a los más fieles de sus filas para determinar rutas que deriven en la reelección del progresismo. Mover la consulta de octubre es una de las medidas.,Redacción Política,politica,"El presidente Gustavo Petro reunió por cuarta vez en lo que va de este año al sector más fiel del Pacto Histórico. Este domingo, horas antes de salir rumbo a la Asamblea General de la ONU en Estados Unidos, actuó una vez más desde la Casa de Nariño como operador político, algo que ya había ocurrido en meses pasados, para intervenir y marcar el rumbo del progresismo de cara a las elecciones de 2026.
Se trató de un encuentro clave, porque faltan menos de 100 horas para que se cierre el plazo para las inscripciones a las consultas internas e...",23-09-2025,22-09-2025,Elecciones 2026,Suscriptores,La izquierda debatió en Palacio su futuro con un Petro electoralmente activo,https://www.elespectador.com/politica/elecciones-colombia-2026/gustavo-petro-reune-a-pacto-historico-para-debatir-futuro-del-partido-unico-consulta-interna-noticias-hoy/
"La decisión se tomará entre dos figuras impulsadas por los alcaldes Carlos Fernando Galán (Bogotá) y Federico Gutiérrez (Medellín), quienes hacen parte del grupo de capitales que aporta el 75 % del presupuesto de la organización. La puja será determinante para la relación de las ciudades con el “Gobierno del cambio” en su último año.",María José Barrios Figueroa,politica,"Siete meses de interinidad en la jefatura de Asocapitales finalizarán este martes, en una elección dividida entre lo político y lo técnico. Los 34 asientos de la organización elegirán el reemplazo de Luz María Zapata en la dirección, en una pelea por el poder que ya estaría dividiendo a los dirigentes de las tres capitales que aportan el 75 % del presupuesto a la institución.
Como en la salida de Zapata, que tuvo detrás movimientos que ella misma denunció como violencia de género, acoso laboral y persecución política, desde varios despachos...",23-09-2025,23-09-2025,Política,Suscriptores,La pelea por la jefatura de Asocapitales se definirá tras siete meses de interinidad,https://www.elespectador.com/politica/asocapitales-pelea-por-jefatura-se-definiria-con-candidatos-de-carlos-fernando-galan-y-fico-gutierrez-noticias-hoy/
"El presidente Gustavo Petro se pronunció luego de conocerse la carta que envió la fiscal Lucy Laborde, quien lleva el caso contra su hijo Nicolás por lavado de activos y enriquecimiento ilícito. ",Redacción Política,politica,"El presidente Gustavo Petro reaccionó a la carta que envió la fiscal Lucy Laborde, quien adelanta la investigación contra su hijo Nicolás Petro por los delitos de lavado de activos y enriquecimiento ilícito y alertó intromisiones en el caso.
Lea: La pelea por la jefatura de Asocapitales se definirá tras siete meses de interinidad.",23-09-2025,23-09-2025,Política,,"“Dije que no hablaría sobre el caso de mi hijo, pero no puedo callar”: Petro ",https://www.elespectador.com/politica/petro-habla-sobre-caso-nicolas-petro-y-cuestiona-a-fiscal-lucy-laborde-por-carta-enviada-a-fiscalia-luz-adriana-camargo/
"La Comisión Séptima del Senado retoma este martes el debate sobre la reforma a la salud. Al escenario ya conocido entre la ponencia oficialista y la de archivo se suma una tercera propuesta alternativa, impulsada por tres senadoras, que plantea un modelo mixto con ajustes en la financiación, la gestión del riesgo y el pago de deudas del sistema.",Redacción Salud,politica,"Este martes la Comisión Séptima del Senado retoma el debate sobre la reforma a la salud con dos ponencias ya radicadas: una positiva, respaldada por el Gobierno y el Pacto Histórico y que recoge la esencia del proyecto impulsado por el presidente Gustavo Petro —y que el Congreso ya rechazó en el pasado—, y otra negativa, presentada por la oposición del Centro Democrático. A primera vista, el escenario parece repetirse respecto al año pasado, cuando la mayoría de esta comisión hundió la iniciativa. Sin embargo, hay un elemento nuevo: la posibilidad de una tercera ponencia, una propuesta alternativa de reforma que podría abrir un nuevo espacio distinto de discusión.",23-09-2025,07:31 a. m.,Salud,,Lo que propone la ponencia alternativa de la reforma a la salud. ¿Qué rol tendrán las EPS?,https://www.elespectador.com/salud/reforma-a-la-salud-en-el-senado-tercera-ponencia-propone-que-el-estado-administre-y-eps-gestionen-la-atencion/
"¿Cómo se sienten las víctimas con las dos sentencias de la JEP?, y ¿cuáles son las sanciones a exfarc y exmilitares? De este tema hablamos en #LaMesaRedonda.",Redacción Política,politica,"Audio generado con IA de Google
0:00
/
0:00
La Jurisdicción Especial para la Paz (JEP) emitió dos sentencias históricas contra los miembros del último Secretariado de la guerrilla de las FARC por cometer crímenes de guerra y de lesa humanidad y en contra de exmilitares por ejecuciones extrajudiciales, los llamados falsos positivos.
Aunque se trata de un hecho que marca un precedente en la historia del país, tras la firma del Acuerdo de Paz hay preguntas e inconformidad de parte de las víctimas y otros sectores, así como expectativa por la capacidad del Estado para darle cumplimiento a las sanciones.
En La Mesa Redonda hablamos de estas dos sentencias, lo que dictan sus sanciones contra los exfarc y los exmilitares y cuál ha sido el impacto de las medidas, especialmente para las víctimas, que ya apelaron uno de los casos.
👁‍🗨 Conozca cómo votan los senadores y representantes a la Cámara en ‘Congreso a la mano’.
👉 Lea más sobre el Congreso, el gobierno Petro y otras noticias del mundo político.
✉️ Si tiene interés en los temas políticos o información que considere oportuno compartirnos, por favor, escríbanos a cualquiera de estos correos: hvalero@elespectador.com; aosorio@elespectador.com; dortega@elespectador.com; dcristancho@elespectador.com; mbarrios@elespectador.com ; lbotero@elespectador.com o lperalta@elespectador.com.",23-09-2025,07:55 a. m.,Política,,Lo que dejan las condenas contra FARC y militares por falsos positivos: La Mesa Redonda ,https://www.elespectador.com/politica/jep-sentencias-y-sanciones-a-farc-y-militares-por-falsos-positivos-esto-dicen-las-victimas-la-mesa-redonda/
El presidente Gustavo Petro se ha presentado como “un presidente descertificado” y llamó a la creación de un ejército para intervenir en Gaza. ,Redacción Política,politica,"Audio generado con IA de Google
0:00
/
0:00
El presidente Gustavo Petro dará este martes su último discurso como jefe de Estado en la Asamblea General de las Naciones Unidas, organización que criticó y en la que intervino un día antes para llamar a parar el genocidio contra Palestina y cuestionar al mandatario de los Estados Unidos, Donald Trump, por la descertificación a Colombia en la lucha contra las drogas.
Lea: “Dije que no hablaría sobre el caso de mi hijo, pero no puedo callar”: Petro.
Para este martes está agendado el discurso de Colombia en la Asamblea General y se prevé que el presidente Petro refuerce el pronunciamiento que hizo 24 horas antes en el Diálogo de Alto Nivel sobre la Financiación Climática, espacio en el que poco se refirió a propuestas para combatir el cambio climático, pues se concentró en hacer críticas sobre la administración Trump.
“Soy un presidente descertificado por un gobierno extranjero, con qué derecho un gobierno puede descertificar a otro que fue elegido democráticamente. ¿Eso es democracia o el comienzo de la barbarie? [...] Tengo que decirle a Trump que no entra en el espacio aéreo ni un solo avión con colombianos encadenados como esclavos. Por eso, descertifican al presidente de Colombia, porque dice esto y Naciones Unidas se vuelve cómplice”, mencionó.
Igualmente, el jefe de Estado llamó a la realización de una asamblea para que se ponga en consideración la creación de un ejército que intervenga en contra los ataques de Israel a la Franja de Gaza.
Lea también: La pelea por la jefatura de Asocapitales se definirá tras siete meses de interinidad.
“Si bloquean en el consejo de seguridad, aprobamos la resolución en la Asamblea General y lo que se vota sería un ejército de salvación de la humanidad. Si me toca decirle a China que ponga los destacamentos, lo hago, no se puede permitir un día más. Lo que están haciendo en Gaza es un experimento como Hitler”, expuso Petro.
Se espera que el jefe de Estado refuerce estas declaraciones en su intervención, con la que no solo busca posicionarse como un líder de opinión internacional, sino también sacudir la campaña electoral en el país.
Igualmente, Petro lanzó varios llamados emprender acciones para preservar el ambiente, insistiendo que el mundo debe transitar del petróleo, el carbón y el gas hacia otros compuestos: “La crisis climática está a punto de pasar de colapso a colapso climático y el colapso climático ya hace que todas estas reuniones sean inocuas, porque lo que viene es la extinción”.
👁‍🗨 Conozca cómo votan los senadores y representantes a la Cámara en ‘Congreso a la mano’.
👉 Lea más sobre el Congreso, el gobierno Petro y otras noticias del mundo político.
✉️ Si tiene interés en los temas políticos o información que considere oportuno compartirnos, por favor, escríbanos a cualquiera de estos correos: hvalero@elespectador.com; aosorio@elespectador.com; dortega@elespectador.com; dcristancho@elespectador.com; mbarrios@elespectador.com ; lbotero@elespectador.com o lperalta@elespectador.com.",23-09-2025,09:45 a. m.,Política,,Así le ha ido a Petro en Nueva York y este sería el foco de su último discurso en la ONU,https://www.elespectador.com/politica/petro-en-nueva-york-estados-unidos-asi-le-ha-ido-y-este-sera-el-foco-de-su-ultimo-discurso-como-presidente-colombia/
"La fiscal Lucy Laborde, que lidera la investigación en contra del hijo del presidente Gustavo Petro, se refirió puntualmente a dos movidas recientes que, en su concepto, afectan su trabajo: la asignación de una fiscal de apoyo y la citación a reuniones sin previo aviso, sobre el nuevo proceso que enfrentará Nicolás Petro, por delitos distintos a los de su proceso actual.",Redacción Judicial,judicial,"Audio generado con IA de Google
0:00
/
0:00
Una dura carta envió Lucy Laborde, la fiscal delegada que adelanta la investigación en contra de Nicolás Petro, hijo del presidente Gustavo Petro, por su presunta responsabilidad en los delitos de lavado de activos y enriquecimiento ilícito. En la misiva de la funcionaria, dirigida a la fiscal general, Luz Adriana Camargo, denunció “intromisiones indebidas” y afectaciones a la imparcialidad e independencia en su trabajo.
En la carta de cuatro páginas, conocida este 22 de septiembre por medios de comunicación, la fiscal de la Dirección Especializada contra el Lavado de activos de la Fiscalía criticó la reciente decisión de asignar a María Isabel Ramírez Meléndez como fiscal de apoyo en la investigación. Esto, luego de que el pasado 8 de septiembre se diera la orden de enviar a la segunda investigadora a apoyar el trabajo de Laborde.
Según la fiscal del caso, la asignación de la fiscal de apoyo se dio porque “la disponibilidad de personal sumado a las altas cargas laborales y situaciones administrativas de varios despachos de la Dirección Especializada contra el Lavado de Activos, la necesidad de hacer efectivos los principios de celeridad, objetividad, oportunidad, eficacia y eficiencia en la administración de justicia, garantizar el debido proceso y los derechos de quienes a cualquier título intervienen en el proceso penal, nos conducen a la implementación de estrategias que permitan cumplir estos objetivos”.
Lea también: Asonadas contra la fuerza pública: el difícil reto de judicializar a la población civil
A renglón seguido, puso sobre la mesa las razones por las que no está de acuerdo con esa decisión. “Esto no guarda relación alguna con las necesidades del despacho (...) por cuanto el proceso que se sigue por lavado de activos y enriquecimiento ilícito de servidor público ante el señor juez segundo penal especializado de Barranquilla, contra el señor Petro Burgos se ha adelantado por la suscrita fiscal de manera íntegra”, se lee en la carta.
Luego, la fiscal Laborde señala que está en plenas capacidades para seguir adelante con la investigación, justo ahora que se supo que habrá una nueva imputación por otros hechos de corrupción y que el hijo del presidente Gustavo Petro está ya a las puertas del juicio penal. “Tengo los conocimientos y la experiencia suficiente, la experticia y las capacidades necesarias para continuar al frente de este proceso. Además, el caso tiene un soporte probatorio muy fuerte para adelantarlo y no requiero apoyo, asesoría ni orientación”, se lee en la carta.
La funcionaria del ente investigador también denunció que el pasado 18 de septiembre fue citada a una reunión por la Dirección Especializada contra el Lavado de Activos y la Dirección contra la Corrupción de la Fiscalía, en la que tuvo que exponer avances del caso sin información previa. “Se me solicitó intempestivamente manifestara los hechos que se investigan en el radicado que es objeto de solicitud de una nueva imputación contra el señor Nicolás Petro Burgos, con la aparente necesidad de conexar esta con un radicado objeto de una compulsa de copias realizada por el Doctor Mario Andrés Burgos Patiño”, dice la carta.
Le puede interesar: Condenan a 36 años de cárcel a los asesinos del fundador de Arepas El Carriel
Se refería a la información conocida a inicios de septiembre, que señala que el hijo del presidente enfrentará una nueva imputación por dos delitos distintos a los de la investigación adelantada en su contra y por la cual fue detenido en 2023: celebración de contratos y falsedad en documento público. Ambos habrían sido cometidos mientras fue diputado del departamento de Atlántico.
Finalmente, la fiscal Laborde dijo que estas movidas responden a presiones en su contra, que afectan los principios de celeridad, objetividad y debido proceso de la investigación que reposa en su despacho. “La introducción de figuras como fiscales de apoyo sin solicitud previa, las reuniones convocadas sin claridad sobre su finalidad y el desconocimiento de mi rol de titular frente a solicitudes procesales de la defensa, afectan el equilibrio institucional y pueden menoscabar la autonomía e imparcialidad exigidas por la Constitución y la jurisprudencia”, concluye la carta.
Para conocer más sobre justicia, seguridad y derechos humanos, visite la sección Judicial de El Espectador.",23-09-2025,22-09-2025,Judicial,,"“No requiero apoyo, asesoría ni orientación”: fiscal de caso Nicolás Petro advierte presiones",https://www.elespectador.com/judicial/no-requiero-apoyo-asesoria-ni-orientacion-fiscal-de-caso-nicolas-petro-advierte-presiones/
"Su nombre ha estado relacionado a los más grandes expedientes de corrupción del país. En diciembre de 2024 fue condenado a seis años y dos meses de prisión, pero una juez de Barranquilla le concedió libertad condicional. Hoy la togada está siendo investigada.",Redacción Judicial,judicial,"Una de las principales cabezas de escándalos de corrupción en el país vuelve a estar bajo la lupa de los entes de control. El nombre de Emilio Tapia Aldana suena otra vez porque esta semana la Comisión de Disciplina Judicial del departamento del Atlántico abrió formalmente una investigación contra una juez en Barranquilla que le concedió libertad condicional el pasado 11 de abril.
La togada dejó en firme esa decisión mientras Tapia, cerebro detrás del conocido caso Centros Poblados, cumplía una condena de seis años y cuatro meses de prisión...",23-09-2025,09:13 a. m.,Judicial,Suscriptores,"¿Quién es Emilio Tapia, vinculado a casos de corrupción en Colombia y dejado en libertad?",https://www.elespectador.com/judicial/quien-es-emilio-tapia-vinculado-a-casos-de-corrupcion-en-colombia-y-dejado-en-libertad/
"Menos de 24 horas después de que se conociera una carta de la fiscal Lucy Laborde, en la que denunció presiones a su investigación en contra del hijo del presidente Gustavo Petro, se confirmó que la fiscal Luz Adriana Camargo ordenó tumbar la designación de una fiscal de apoyo para el trabajo que desde hace un año Laborde adelanta sola en Barranquilla.",Redacción Judicial,judicial,"Audio generado con IA de Google
0:00
/
0:00
En la mañana de este martes 23 de septiembre se confirmó que la fiscal general de la Nación, Luz Adriana Camargo, ordeno retirar la designación de María Isabel Ramírez Meléndez como fiscal de apoyo para la investigación que lidera la fiscal Lucy Laborde en contra de Nicolás Petro, hijo del presidente Gustavo Petro, por su presunta responsabilidad en los delitos de lavado de activos y enriquecimiento ilícito.
Ramírez Meléndez, quien pertenece al nivel central de la Fiscalía General de la Nación, había sido enviada a apoyar el trabajo de la investigadora Laborde después de que hace un par de semanas se conociera que el próximo 1 de octubre habrá una nueva imputación en contra del hijo del presidente Petro, por, al parecer, ser responsable de los delitos de interés indebido en la celebración de contratos y falsedad en documento público.
Las pesquisas de la Fiscalía indican que Petro Burgos habría participado, mientras era diputado, en la gestión de cinco contratos entre la Gobernación de Atlántico y la Fundación Conciencia Social, por más de $3.000 millones. Esos recursos irían a programas de atención social para adultos mayores y personas con discapacidad; sin embargo, según el ente investigador, el dinero se habría desviado y nunca habría cumplido con su propósito.
En contexto: “No requiero apoyo, asesoría ni orientación”: fiscal de caso Nicolás Petro advierte presiones
Luego de eso, la Delegada para las Finanzas Criminales de la Fiscalía firmó la designación de Ramírez Meléndez como fiscal de apoyo, para que brindata “acompañamiento, orientación y asesoría jurídica” a la fiscal Laborde en el caso. La decisión generó sorpresa e incomodidad en la investigadora Laborde, quien expresó su desacuerdo con esa designción y defendió el trabajo que ha hecho desde que tiene el caso en su despacho.
La decisión de la fiscal Camargo de tumbar la designación de Ramírez Meléndez se dio después de que la investigadora Laborde, quien desde hace un año está an Barranquilla (Atlántico) al frente del caso, enviara una dura carta en la que denunció “intromisiones indebidas” y afectaciones a la imparcialidad e independencia en su trabajo. En la misiva, la funcionaria se refirió de manera a dos asuntos: la designación de Ramírez Meléndez como fiscal de apoyo y la citación a reuniones sin previo aviso.
En la carta conocida el pasado 22 de septiembre por medios de comunicación, la fiscal Laborde, de la Dirección Especializada contra el Lavado de activos de la Fiscalía, criticó la decisión del pasado 8 de septiembre, con la que se ordenó enviar a la segunda investigadora a apoyar su trabajo. “Tengo los conocimientos y la experiencia suficiente, la experticia y las capacidades necesarias para continuar al frente de este proceso”, dice la misiva.
Lea también: ¿Quién es Emilio Tapia, vinculado a casos de corrupción en Colombia y dejado en libertad?
La funcionaria defendió que durante el último año ha adelantado la investigación casi sin apoyo. Por eso, no encontró motivo para que Ramírez Meléndez fuera enviada a apoyar el caso: “Esto no guarda relación alguna con las necesidades del despacho (...) por cuanto el proceso que se sigue por lavado de activos y enriquecimiento ilícito de servidor público ante el señor juez segundo penal especializado de Barranquilla, contra el señor Petro Burgos se ha adelantado por la suscrita fiscal de manera íntegra”.
La misiva de la fiscal Laborde concluía pidiendo que se le explicara cuáles eran las verdaderas razones de la designación de Ramírez Meléndez como fiscal de apoyo, sin que ella lo solicitara. También pidió que se le informe sobre las reuniones previas a la nueva imputación que hará la Fiscalía a Nicolás Petro y que “se indique por qué motivo desde que se solicitó la audiencia de imputación, no se corre traslado a este despacho de las peticiones o solicitudes de la defensa, por el contrario, se ocultan y se responden de forma subrepticia”.
También que “se adopten medidas necesarias para garantizar el respeto de mi autonomía e independencia, así como la imparcialidad, principios que, conforme a la jurisprudencia constitucional y legal, prevalecen frente al principio de unidad de gestión cuando este se ejerce de forma arbitraria o desconoce la independencia funcional de los fiscales delegados”, concluye la carta.
Para conocer más sobre justicia, seguridad y derechos humanos, visite la sección Judicial de El Espectador.",23-09-2025,09:29 a. m.,Judicial,,Caso Nicolás Petro: tumban designación de la fiscal de apoyo para la investigación,https://www.elespectador.com/judicial/caso-nicolas-petro-tumban-designacion-de-la-fiscal-de-apoyo-para-la-investigacion/
"Diego Marín Buitrago, más conocido como alias ",Redacción Judicial,judicial,"Audio generado con IA de Google
0:00
/
0:00
Diego Marín Buitrago, alias Papá Pitufo, también conocido por las autoridades como el zar del contrabando, sigue en el centro del ojo público, luego de que la Fiscalía General de la Nación solicitara a Interpol Colombia un informe sobre la vigencia de la circular roja que pesa en su contra, con el fin de alertar a los 196 países que integran la organización y lograr su captura. Desde hace más de un año está prófugo en Portugal.
Mediante un oficio, la fiscal quinta delegada ante los jueces penales del circuito especializado de Bogotá, Nancy Carolina Aponte Blanco, solicitó al jefe de la Oficina Central Nacional (OCN) de Interpol, el coronel Gonzalo Andrés Córdoba Camacho, que se verifiquen las condiciones de la circular roja en contra del conocido zar del narcotráfico.
Lea: La JEP reitera que no habrá una sola sentencia contra de las Farc, como lo pedían
En el documento se lee: “Me permito solicitar su valiosa colaboración para consultar la vigencia de la circular roja comunicada por esta Fiscalía en el marco del proceso de referencia que se adelanta en Colombia contra el señor Diego Marín Buitrago”. Asimismo, la entidad busca verificar y corroborar la actualización de dicha circular, la cual fue comunicada el pasado 4 de febrero de 2025 a través de la Dirección de Investigación Criminal (Dijín).
Pese a que Papá Pitufo tiene un prontuario criminal de más de 32 años delictivos, solo hay un único proceso que avanza en su contra en los juzgados de Paloquemao, en Bogotá. En ese expediente, la Fiscalía logró documentar sus andanzas criminales durante un período de siete meses, entre septiembre de 2023 y marzo de 2024. Entre esas fechas se habría reunido con exfuncionarios de la Policía Fiscal y Aduanera (Polfa), para ofrecerles sobornos y pagos a fin de ayudar con su negocio ilegal.
Le puede interesar: Las claves de las condenas de la JEP contra Farc por miles de secuestros
A alias Papá Pitufo le fueron imputados los delitos de concierto para delinquir y cohecho propio por dar u ofrecer. Sin embargo, su proceso avanza sin su presencia en las audiencias, pues se declaró en contumacia; es decir, se ha negado a comparecer ante el tribunal o a atender los llamados de la justicia, pese a haber sido notificado. Un juez avaló esa declaratoria a inicio de este año.
La Fiscalía acusará formalmente a alias Papá Pitufo el próximo 13 de noviembre, a las 8:30 de la mañana. Mientras llega la fecha de esa diligencia, las autoridades continuarán investigando a los posibles implicados en la red de corrupción, entre ellos el mayor (r) Royce Javier Díaz Munive, señalado por su presunta relación con el denominado zar del contrabando en operaciones ilegales realizadas entre 2022 y 2023 en Cartagena. Uno de los uniformados que, por este caso, entró también recientemente en el radar de las autoridades.
Para conocer más sobre justicia, seguridad y derechos humanos, visite la sección Judicial de El Espectador.",23-09-2025,09:58 a. m.,Judicial,,Fiscalía pide a Interpol verificar vigencia de circular roja contra “Papá Pitufo”,https://www.elespectador.com/judicial/fiscalia-pide-a-interpol-verificar-vigencia-de-circular-roja-contra-papa-pitufo/
"La Sección de Reconocimiento de Verdad de la JEP emitió su primera sentencia de tipo restaurativo contra 12 exmilitares del Batallón de Infantería La Popa, de Valledupar (Cesar), por ser máximos responsables de los asesinatos de 135 nocentes que fueron presentados como guerrilleros muertos en combate. El fallo detalla cómo funcionó la política de asociación criminal entre militares y paramilitares, que sembró el horror en Cesar y La Guajira, entre 2002 y 2005.",Redacción Judicial,judicial,,23-09-2025,11:00 a. m.,Judicial,,Los hallazgos de la JEP sobre 135 casos de falsos positivos en el Batallón La Popa,https://www.elespectador.com/judicial/jep-revela-hallazgos-sobre-135-casos-de-falsos-positivos-en-el-batallon-la-popa/
"Luego de retrasos en el estudio del proyecto del Gobierno Nacional que busca modificar el sistema pensional del país, debido a la falta de entrega de unas actas, el magistrado ponente, Jorge Enrique Ibáñez, inició finalmente el análisis de la reforma aprobada en el Congreso.",Redacción Judicial,judicial,"Audio generado con IA de Google
0:00
/
0:00
Luego de que el pasado 17 de junio la Corte Constitucional encontrara errores en el proyecto de reforma pensional del gobierno de Gustavo Petro y le pusiera freno a su entrada en vigencia, el magistrado ponente y presidente de ese tribunal, Jorge Enrique Ibáñez, inició el análisis que definirá si el nuevo modelo pensional puede implementarse en Colombia o no, según lo que votó el Congreso de la República.
Con las actas faltantes del 27 y 28 de junio ya enviadas por la Cámara de Representantes, el magistrado notificó a las partes involucradas en el proceso sobre la continuidad del análisis: la senadora Paloma Valencia, en calidad de demandante de la reforma, y al procurador general de la Nación, Gregorio Eljach, quien ya emitió un concepto sobre el proyecto.
Lea: Fiscalía pide a Interpol verificar vigencia de circular roja contra “Papá Pitufo”
Aunque la postura de la Procuraduría no es de carácter vinculante, su análisis sí servirá para determinar si la reforma es válida o inconstitucional. El procurador Eljach ha dicho que las actas remitidas por el Congreso son una garantía de transparencia y de fe pública sobre los actos internos del Congreso. Pero, a su vez, dijo que las tan solicitadas actas “no hacen parte del trámite legislativo en sentido estricto, sino que se limitan a fungir como medios de prueba”, por lo que son insuficentes para tumbar la reforma.
Ahora la tarea del magistrado Ibáñez consistirá en estudiar el caso y elaborar una ponencia que presentará ante la Sala Plena, donde se decidirá si la reforma es o no constitucional. En esa discusión se tendrán en cuenta las actas y los documentos solicitados, que retrasaron el estudio del proyecto, los cuales permitirán establecer si los vicios en el trámite fueron o no subsanados.
El presidente de la Corte Constitucional, el magistrado Jorge Enrique Ibáñez, ya había dado un ultimátum a la cámara baja el pasado 17 de septiembre. ¿La razón? En tres oportunidades esa alta corte solicitó a la Cámara de Representantes, sin éxito, el envío de las actas faltantes.
Le puede interesar: Caso Nicolás Petro: tumban designación de la fiscal de apoyo para la investigación
El requerimento se había hecho mediante un auto en el que accedió a la petición de la Secretaría de la Cámara, que el 15 de septiembre había solicitado un nuevo plazo para enviar los documentos. No obstante, en este pronunciamiento la Corte fijó como fecha límite el pasado viernes 19 de septiembre.
Estos documentos son claves para el trabajo de revisión que hará la Corte Constitucional, porque permitirán verificar si las actas fueron aprobadas de manera debida por la Cámara o si, como lo argumentó en su demanda la senadora Valencia, del Centro Democrático, hubo vicios de trámite y los congresistas “votaron a ciegas”.
Para conocer más sobre justicia, seguridad y derechos humanos, visite la sección Judicial de El Espectador.",23-09-2025,11:14 a. m.,Judicial,,"Reforma pensional: Corte Constitucional inicia su estudio, tras recibir actas del Congreso",https://www.elespectador.com/judicial/reforma-pensional-corte-constitucional-inicia-su-estudio-tras-recibir-actas-del-congreso/
"Tras la descertificación de los Estados Unidos el Gobierno buscaría mostrar el “valor ancestral, medicinal, gastronómico, espiritual y económico” de esta planta.",Redacción Política,politica,"Audio generado con IA de Google
0:00
/
0:00
El gobierno nacional avanza con su estrategia para promover una “resignificación” de la hoja de coca con el fin de acabar con el estigma de esta planta – comúnmente usada para la producción de cocaína - y con ello dar cumplimiento a su plan de gobierno de la lucha contra las drogas y la reivindicación de los pueblos ancestrales.
Así lo pudo saber El Espectador a través de un documento de la Cancillería al que tuvo acceso y en el que se especifican las condiciones para la contratación y producción de elementos con este fin. El proceso buscaría llevar a nivel internacional la historia e importancia de esta planta para los pueblos nativos en medio de un panorama en el que desde la Casa Blanca se ha endurecido el discurso contra los narcóticos, narcocultivos y la proliferación del consumo en el mundo.
Le puede interesar: Alto turmequé: sobre descertificaciones, nombramientos y anuncios
El acuerdo interadministrativo que se suscribiría comprende la producción entre 3.000 y 5.000 ejemplares pedagógicos con afiches y libros en los que se precise el significado de esta planta para las culturas ancestrales en Colombia y el mundo. Los mismos serían entregados durante viajes diplomáticos, tanto del presidente Gustavo Petro como de altos funcionarios de la Casa de Nariño.
De acuerdo a lo estipulado en el documento, el coste ascendería a los $143.350 por unidad, con un valor total estimado que pasaría los $338 millones. Esta estrategia se suma a los esfuerzos de la administración Petro en el programa de sustitución de cultivos en la que el mandatario nacional ha destacado la importancia de trasladar a las economías lícitas a quienes cultivan esta planta, pero que termina en la producción de estupefacientes.
Está es la tendencia de crecimiento de los cultivos de hoja de Coca según Naciones Unidas.La tendencia de crecimiento de los cultivos de hoja de Coca arranca desde el 2013.No sé debe a mi gobierno. La razón del crecimiento de estos cultivos, como en toda mercancía, se debe al… pic.twitter.com/rIGw590FK8
Ahora bien, es de resaltar que esta intención de promoción de la hoja de coca no es nueva en la administración Petro, pues es una iniciativa que también ha sido fuertemente impulsada desde el ministerio de Cultura. En la cartera hoy dirigida por YannaiKadamanien el mes de julio ya se dio el primero de los pasos en esta estrategia durante el evento ‘Futuro Coca: Planta Tejedora de Mundos”, en las que se expuso parte de esta estrategia y la importancia de su regulación.
Congreso tomará parte
En el Capitolio Nacional el tema también tendrá repercusión. El representante Alejandro Ocampo (Pacto Histórico) anunció la radicación de un proyecto que sostiene esta misma tesis: regular la siembra, transformación y la exportación de la coca en Colombia.
El parlamentario señala que en su proyecto se buscaría la promoción y regulación tanto de la planta como de la cocaína en sí con fines medicinales, culturales y recreativos. Por ello, propone el control de los cultivos de uso ilícito en el país, y a través de su legalización, comercializar con los países que muestren el interés en su adquisición.
Le sugerimos: Bolívar y Corcho buscan salvar la consulta interna y presentan tutela contra CNE
“Queremos una industria en manos del Estado, donde sea el que diga dónde se puede sembrar, quiénes pueden producir, cómo se puede transformar y cómo podemos exportarle al mundo”, aseguró el congresista. Ocampo también hace parte de la bancada de congresistas que ha impulsado la regulación del cannabis medicinal, proyecto que no ha logrado su aprobación desde el Legislativo.
👁‍🗨 Conozca cómo votan los senadores y representantes a la Cámara en ‘Congreso a la mano’.
👉 Lea más sobre el Congreso, el gobierno Petro y otras noticias del mundo político.
✉️ Si tiene interés en los temas políticos o información que considere oportuno compartirnos, por favor, escríbanos a cualquiera de estos correos: hvalero@elespectador.com; aosorio@elespectador.com; dortega@elespectador.com; dcristancho@elespectador.com; mbarrios@elespectador.com ; lbotero@elespectador.com o lperalta@elespectador.com.",23-09-2025,22-09-2025,Política,,Gobierno Petro traza plan para “resignificar” la hoja de coca,https://www.elespectador.com/politica/propuesta-del-gobierno-petro-para-cambiar-la-percepcion-sobre-la-hoja-de-coca-en-el-mundo-noticias-hoy/
"El expresidente perdió la personería jurídica de su partido Poder Popular por decisión del alto tribunal. Dijo que pese a ello continuará con su actividad política, buscando contribuir al frente amplio. ",Redacción Política,politica,"Audio generado con IA de Google
0:00
/
0:00
El expresidente Ernesto Samper indicó que pese a la pérdida de personería jurídica de su partido, Poder Popular, continuará su actividad política para la unidad del progresismo. Llamó a la conformación del frente amplio, mecanismo que lleva pidiendo reiterativamente el presidente Gustavo Petro.
Lea: Bolívar y Corcho buscan salvar la consulta interna y presentan tutela contra CNE.
“A pesar de la decisión política del Consejo de Estado de retirar a mi movimiento, de casi 50 años, su personería jurídica, debo declarar que no necesito permiso para continuar en mi actividad pública”, indicó el expresidente en su cuenta de X, en la que antes aseguró que en el órgano electoral hay decisiones politizadas.
En todo caso, Samper mencionó que continuará con su actividad para contribuir “a la unidad del progresismo colombiano a través de la conformación de un frente amplio que integre al Pacto Histórico, los Unitarios, el Poder Popular, los liberales progresistas (antigaviristas) y demás movimientos, partidos y organizaciones socialdemócratas que creemos en la paz, el cambio y la integración del Sur Global”.
El petrismo tiene como objetivo realizar una consulta interpartidista en marzo de 2026 para elegir al candidato presidencial de la izquierda y la centro izquierda. A esta consulta la vienen llamando “frente amplio” y en ella pondrían su nombre a consideración el candidato oficial del Pacto Histórico y otras figuras como Roy Barreras, Juan Fernando Cristo y Luis Gilberto Murillo.
Lea también: Presidente Petro ya está en Nueva York: así será su agenda en EE. UU.
Con este pronunciamiento, Samper dejó claro que buscará ser un actor clave para la construcción de este frente amplio, especialmente para atraer a varias fuerzas del progresismo que terminen comprometiéndose en torno a un único aspirante.
A propósito de la personería jurídica de Poder Popular, el presidente Petro también se pronunció y lanzó una crítica contra el alto tribunal por la misma línea de Samper, mencionando que este tipo de decisiones se vienen tomando contra el progresismo del país.
“El punto del proceso de paz sobre abrir los caminos de la participación política ha quedado completamente anulado. Lo que vemos en autoridades judiciales y electorales es provocar un alejamiento permanente de la ciudadanía a la organización de partidos, que establece como derecho la constitución de Colombia”, sostuvo el jefe de Estado.
👁‍🗨 Conozca cómo votan los senadores y representantes a la Cámara en ‘Congreso a la mano’.
👉 Lea más sobre el Congreso, el gobierno Petro y otras noticias del mundo político.
✉️ Si tiene interés en los temas políticos o información que considere oportuno compartirnos, por favor, escríbanos a cualquiera de estos correos: hvalero@elespectador.com; aosorio@elespectador.com; dortega@elespectador.com; dcristancho@elespectador.com; mbarrios@elespectador.com ; lbotero@elespectador.com o lperalta@elespectador.com.",23-09-2025,22-09-2025,Política,,“No necesito permiso”: Samper se suma a frente amplio de Petro y lanza pulla a Consejo de Estado,https://www.elespectador.com/politica/ernesto-samper-se-suma-a-frente-amplio-de-gustavo-petro-y-lanza-pulla-al-consejo-de-estado/
El precandidato presidencial aseguró que su campaña no realizó el montaje de una valla con su imagen y la de Iván Cepeda vistiendo traje camuflado. ,Redacción Política,politica,"Audio generado con IA de Google
0:00
/
0:00
El precandidato presidencial Abelardo de la Espriella aseguró no estar detrás del montaje de una pancarta que muestra al aspirante a la Casa de Nariño y senador del Pacto Histórico Iván Cepeda vistiendo traje militar. “No es necesario hacer campaña sucia”, indicó.
Lea: “No necesito permiso”: Samper se suma a frente amplio de Petro y lanza pulla a Consejo de Estado.
Sin recurrir al engaño: al enemigo, al terrorismo y la guerrillera de clóset los derrotaremos. ¡Con firmeza, transparencia y amor por la patria ganaremos! No es necesario hacer campaña sucia; eso se lo dejamos a los perdedores que, con trampas y maña, pretenden confundir a los colombianos"", dijo de la Espriella.
El precandidato de derecha agregó que esa imagen no fue hecha desde su campaña política, pero sin desmentir la alusión de la pieza de Iván Cepeda como aliado de las organizaciones armadas: “Para decir que Cepeda es el candidato de las FARC no se necesitan vallas fake; se le combate y se le vence con la verdad: de frente”.
Luego de que esta imagen circulara por redes sociales, el precandidato del Pacto Histórico Daniel Quintero publicó una pancarta con un montaje similar, pero esta vez con su figura y la de de la Espriella cargando un gato y vistiendo ropa ajustada. Esto por la entrevista que dio anteriormente en The Suso’s Show contando que maltrató gatos cuando era niño.
Lea también: Bolívar y Corcho buscan salvar la consulta interna y presentan tutela contra CNE.
La imagen desató indignación, incluso en el Pacto Histórico, pues varias figuras aseguraron que Quintero busco “ridiculizar” a de la Espriella burlándose de la comunidad LGBTIQ+.
Aunque esto se trató de un montaje, las pancartas y la “campaña sucia” han estado en el debate en las últimas semanas. Otro caso fue el de la precandidata del Pacto Carolina Corcho, quien denunció una estrategia en su contra para hacerle creer al electorado que renunció a su aspiración presidencial para adherir a la de Cepeda.
El pronunciamiento de la exministra se dio luego de que se instalaran varias pancartas con su imagen y el logo del Polo Democrático y la frase “Gracias Carolina Corcho por renunciar a tu candidatura”. Cepeda dejó claro que su campaña no está relacionada, rechazó los hechos y prometió emprender acciones legales.
👁‍🗨 Conozca cómo votan los senadores y representantes a la Cámara en ‘Congreso a la mano’.
👉 Lea más sobre el Congreso, el gobierno Petro y otras noticias del mundo político.
✉️ Si tiene interés en los temas políticos o información que considere oportuno compartirnos, por favor, escríbanos a cualquiera de estos correos: hvalero@elespectador.com; aosorio@elespectador.com; dortega@elespectador.com; dcristancho@elespectador.com; mbarrios@elespectador.com ; lbotero@elespectador.com o lperalta@elespectador.com.",23-09-2025,22-09-2025,Elecciones 2026,,“No es necesario hacer campaña sucia”: de la Espriella sobre pancarta contra Cepeda ,https://www.elespectador.com/politica/elecciones-colombia-2026/abelardo-de-la-espriella-dice-que-no-esta-detras-de-pancarta-contra-ivan-cepeda/
"El petrismo pidió que la consulta interna para elegir candidato presidencial, contemplada para el 26 de octubre, sea el 23 de noviembre. Igualmente, solicitaron que el plazo para la inscripción de candidatos sea hasta el 3 de octubre. ",Redacción Política,politica,"Audio generado con IA de Google
0:00
/
0:00
Debido a las dificultades que tiene el petrismo para hacer su consulta interna en octubre, el Pacto Histórico le pidió al Consejo Nacional Electoral (CNE) aplazar la fecha de realización de la jornada electoral, así como de inscripción de candidatos. Desde la entidad electoral ven con pocas posibilidades que se le pueda dar cumplimiento a la solicitud de la agrupación de izquierda.
Lea: “No necesito permiso”: Samper se suma a frente amplio de Petro y lanza pulla a Consejo de Estado.
Luego de que el CNE condicionara la fusión de la Colombia Humana y Progresistas (partido de María José Pizarro) con el Pacto Histórico, varios de los directivos y precandidatos de este sector iniciaron una cascada de peticiones y tutelas para eliminar esas “barreras” que puso la entidad electoral, las cuales, pueden complicar la ejecución de la consulta interna.
Justo después de la respuesta del CNE, varios integrantes del Pacto Histórico se reunieron con el registrador Hernán Penagos para manifestarle su intención de aplazar la consulta. Sin embargo, desde esta entidad se les indicó que es facultad única del Consejo Electoral determinar si se puede o no hacer alguna modificación al calendario electoral que ya fue expedido.
Por ello, este 22 de septiembre fue radicada en la Secretaría del CNE una petición para modificar las fechas. Se solicita cambiar el plazo de inscripción de candidatos del 26 de septiembre al 3 de octubre; y que la consulta interna no sea el 26 de octubre, sino el 23 de noviembre.
Los firmantes aseguran que necesitan más tiempo, pues apenas este lunes fueron notificados de la decisión que tomó la entidad de darle vía libre al Pacto Histórico para ser partido único sin Colombia Humana ni Progresistas. Agregan que ya en anteriores oportunidades se le han hecho modificaciones al calendario electoral.
“Para asegurar un proceso electoral adecuado necesitamos el tiempo suficiente para ser notificados formalmente de la resolución, analizar sus efectos jurídicos y adoptar las decisiones operativas y logísticas correspondientes. El ajuste de fechas propuesto permitirá un proceso más ordenado”, se lee en el documento.
La petición fue radicada por los representantes de la Colombia Humana (Andrea Vargas), la Unión Patriótica (representante Gabriel Becerra), el Polo Democrático (Carlos Alberto Benavides) y el Partido Comunista (Jaime Caicedo).
Igualmente, los militantes del petrismo han presentado varios recursos contra el CNE, pidiendo que se les amparen sus derechos políticos, pues la fusión condicionada estaría impidiéndoles la libre participación para los comicios de 2026.
Este lunes, por ejemplo, los precandidatos de la Colombia Humana Carolina Corcho y Gustavo Bolívar anunciaron que radicaron ante el Tribunal Superior de Cundinamarca una acción de tutela en contra de la entidad electoral.
👁‍🗨 Conozca cómo votan los senadores y representantes a la Cámara en ‘Congreso a la mano’.
👉 Lea más sobre el Congreso, el gobierno Petro y otras noticias del mundo político.
✉️ Si tiene interés en los temas políticos o información que considere oportuno compartirnos, por favor, escríbanos a cualquiera de estos correos: hvalero@elespectador.com; aosorio@elespectador.com; dortega@elespectador.com; dcristancho@elespectador.com; mbarrios@elespectador.com ; lbotero@elespectador.com o lperalta@elespectador.com.",23-09-2025,22-09-2025,Política,,Pacto Histórico pide al CNE aplazar la elección de su candidato para noviembre ,https://www.elespectador.com/politica/pacto-historico-de-gustavo-petro-pidio-al-consejo-nacional-electoral-aplazar-consulta-de-octubre-a-noviembre/
"El gobierno Petro vuelve a enfrentarse a la Comisión Séptima del Senado, que ya le ha hundido dos reformas sociales. ",Redacción Política,politica,"Audio generado con IA de Google
0:00
/
0:00
Este martes 23 de septiembre se reanudará la discusión de la reforma a la salud luego de meses de estar estancada en la Comisión Séptima del Senado. El gobierno del presidente Gustavo Petro volverá a medirse para determinar si esta vez su proyecto tendrá la luz verde del bloque de senadores que ya le han hundido dos proyectos clave para el oficialismo.
Lea: Pacto Histórico pide al CNE aplazar la elección de su candidato para noviembre.
El tercer debate de la reforma está agendado para la mañana de este martes en la Comisión Séptima del Senado, donde ya han sido radicadas dos ponencias para el proyecto: la positiva (Pacto Histórico) y la negativa (Centro Democrático).
La ponencia alternativa, que ha ganado más respaldo en comparación a las otras, podría ser radicada este mismo día, de acuerdo a lo que indicó la senadora ponente Norma Hurtado (Partido de la U).
Las cuentas para el Gobierno están complicadas, pues de los catorce votos que hay en la Comisión solo tendría cinco a su favor: Martha Peralta, Wilson Arias y Ferney Silva Idrobo (Pacto Histórico), Fabián Díaz Plata (Alianza Verde), Omar de Jesús Restrepo (Comunes).
Fácilmente podría ganar la ponencia negativa para archivar el proyecto, pues nueve senadores son opositores y siguen unificados como el bloque de mayorías, Hurtado, Nadia Blel y Esperanza Andrade (Partido Conservador), Miguel Ángel Pinto (Partido Liberal), Lorena Ríos (Colombia Justa Libres), Berenice Bedoya (ASI), Honorio Henríquez y Alirio Barrera (Centro Democrático) y Ana Paola Agudelo (MIRA).
Sin embargo, varios de estos congresistas temen volver a desatar el impacto mediático que se generó cuando hundieron la reforma laboral del Gobierno, que posteriormente llamó a la movilización y a la realización de una consulta popular.
Este bloque ha advertido sentir desconfianza con el aval fiscal de la reforma a la salud e igualmente ha hecho fuertes críticas a las diferentes problemáticas del sistema de salud, entre esas a las complejidades financieras de la Nueva EPS, entidad que fue intervenida por el Gobierno.
Por su parte, el jefe de Estado ha manifestado que los congresistas tendrían intenciones de hundir nuevamente el proyecto para defender sus intereses.
👁‍🗨 Conozca cómo votan los senadores y representantes a la Cámara en ‘Congreso a la mano’.
👉 Lea más sobre el Congreso, el gobierno Petro y otras noticias del mundo político.
✉️ Si tiene interés en los temas políticos o información que considere oportuno compartirnos, por favor, escríbanos a cualquiera de estos correos: hvalero@elespectador.com; aosorio@elespectador.com; dortega@elespectador.com; dcristancho@elespectador.com; mbarrios@elespectador.com ; lbotero@elespectador.com o lperalta@elespectador.com.",23-09-2025,22-09-2025,Política,,Así están las fuerzas para el tercer debate de la reforma a la salud en el Congreso,https://www.elespectador.com/politica/reforma-a-la-salud-asi-estan-las-fuerzas-de-gobierno-petro-y-oposicion-para-tercer-debate-en-comision-septima/
La Contraloría realizó hallazgos fiscales en el IDU por la compra de 106 predios cuyo proceso de titularidad permanece inconcluso.,Camilo Tovar Puentes,bogota,"Una auditoría preliminar realizada por la Contraloría distrital reveló irregularidades en la gestión predial del Instituto de Desarrollo Urbano (IDU), afectando a 106 predios y generando retrasos en importantes obras de infraestructura. Los hallazgos ascienden a un total de $151 mil millones, divididos en dos categorías principales.
Le puede interesar: Crece riesgo de trata infantil en Bogotá:...",23-09-2025,22-09-2025,Bogotá,Suscriptores,Por fallas en gestión predial del IDU se comprometerían más de $151 mil millones ,https://www.elespectador.com/bogota/por-fallas-en-gestion-predial-del-idu-se-comprometerian-mas-de-151-mil-millones/
"Las autoridades informaron sobre la muerte de dos patrulleros de la Policía Nacional en distintos hechos violentos ocurridos en el país. El primero, Iván Fernando Ramírez Olarte, perdió la vida en el departamento de Magdalena; mientras que Yojhan Caicedo Gómez fue asesinado en el corregimiento de El Palo, municipio de Caloto (Cauca).",Redacción Judicial,judicial,"Audio generado con IA de Google
0:00
/
0:00
Continúan los ataques contra la fuerza pública en el país. En menos de 24 horas, dos uniformados de la Policía Nacional murieron en medio de hechos violentos en los departamentos de Magdalena y Cauca. Uno de los uniformados estaba fuera de servicio cuando fue atacado, el otro adelantaba labores propias de su servicio.
Primero, el ministro de Defensa, Pedro Sánchez Suárez, informó a través de redes sociales sobre la muerte del patrullero Iván Fernando Ramírez Olarte, ocurrida en el municipio de Fundación (Magdalena). Según las autoridades, la noche del 20 de septiembre el uniformado recibió varios disparos mientras realizaba labores de registro e identificación de personas en un barrio.
Sobre su muerte, el ministro Sánchez Suárez, expresó: “Su sacrificio, en cumplimiento del deber constitucional, honra a toda la fuerzapPública y nos recuerda que cada héroe caído es una herida en el corazón de Colombia”.
Lea: “Era un hijo soñado”: dos décadas de impunidad en el caso Jhonny Silva
Asimismo, el ministro expresó su “respeto, solidaridad y acompañamiento” a la familia, amigos y compañeros del patrullero. Además, aseguró que se desplegarán todas las capacidades de inteligencia e investigación criminal para dar con los responsables y ponerlos a disposición de la justicia.
Asimismo, en otro hecho violento, las autoridades confirmaron la muerte de Yojhan Caicedo Gómez, patrullero de la Policía Nacional, cuyo cuerpo sin vida fue hallado en el sector de El Crucero, en la vía que comunica al municipio de Guachené con el corregimiento de El Palo, en Caloto (Cauca).
Le puede interesar: Este es “Chimbo de oro”, presunto disidente que comunidad obligó a soltar en Meta
El hallazgo ocurrió el pasado 21 de septiembre a las 11:15 de la noche, cuando miembros de la comunidad encontraron el cadáver del uniformado y alertaron de inmediato a las autoridades competentes.
Según explicaron las autoridades, el joven visitaba a su familia en el municipio de Caloto, en el momento en que, al parecer, fue detenido por integrantes de un grupo armado al margen de la ley, para luego ser llevado a la zona de El Crucero y después ser ultimado con arma de fuego. Ambos casos son materia de investigación por parte de las autoridades.
Para conocer más sobre justicia, seguridad y derechos humanos, visite la sección Judicial de El Espectador.",23-09-2025,22-09-2025,Judicial,,"En 24 horas, dos policías murieron en hechos violentos en Magdalena y Cauca",https://www.elespectador.com/judicial/en-24-horas-dos-policias-murieron-en-hechos-violentos-en-magdalena-y-cauca/
"El contratista Emilio Tapia fue condenado en diciembre de 2024 a seis años y cuatro meses de prisión, por ser el cerebro detrás del escándalo de corrupción conocido como Centros Poblados. Sin embargo, meses después recibió la libertad condicionada por parte de una jueza de Barranquilla que hoy está siendo investigada.",Redacción Judicial,judicial,"Audio generado con IA de Google
0:00
/
0:00
La Comisión Seccional de Disciplina Judicial del departamento de Atlántico anunció la apertura de una investigación formal en contra de la jueza primera de ejecución de penas y medidas de Barranquilla. La togada fue quien le puso firma a una decisión del 11 de abril de 2025, con la que se le otorgó la libertad condicional a Emilio Tapia, el sonado contratista y cerebro detrás del caso de corrupción de Centros Poblados, en el gobierno de Iván Duque.
Tapia había llegado a un preacuerdo con la justicia en el que, a cambio de colaborar con la investigación por el escándalo de corrupción, tuvo una rebaja en su pena a seis años y cuatro meses de prisión. Hasta ese momento, el 11 de abril de 2025, el llamado “zar de la contratación” estuvo recluido en la cárcel El Bosque, de Barranquilla. Allí estuvo durante 48 meses y diez días, hasta que la jueza que hoy está siendo investigada, le concedió la libertad condicionada.
En contexto: Emilio Tapia quedó oficialmente en libertad condicional
En su momento, la Procuraduría General de la Nación apeló esa decisión, “al considerar que no se cumplieron los presupuestos necesarios para el otorgamiento de la medida, con base en varias normas”. La razón, según el Ministerio Público: “las entidades públicas perjudicadas frente a delitos como los endilgados al contratista, se deben constituir en parte civil dentro del proceso”.
El 22 de abril de este año, la presidencia de la Comisión Seccional del Atlántico compulsó copias para iniciar un proceso disciplinario en contra de la jueza. Desde mayo, la togada estaba siendo investigada formalmente, hasta llegar al punto de que este 17 de septiembre, Disciplina Judicial informara sobre la decisión de iniciar una investigación formal en contra de la jueza, “por las circunstancias que rodearon la medida de libertad condicional, como por una presunta mora en la concesión del recurso de apelación presentado por el Ministerio Público”.
Le puede interesar: Centros Poblados: Emilio Tapia fue condenado a seis años de cárcel
Esta movida judicial en contra de la jueza del caso pone de nuevo a sonar el nombre de Emilio Tapia, el “zar del contrabando”. La justicia logró comprobar en su momento que él fue el cerebro del entramado de corrupción conocido como Centros Poblados, que involucró al Ministerio de las TIC en el año 2021.
El hombre presentó garantías bancarias falsas por parte de la Unión Temporal Centros Poblados y, de ese modo, se aseguró un anticipo de $70.000 millones de recursos públicos, que luego terminaron extraviados. Aunque el objetivo de esos contratos era llevar conectividad a zonas rurales y alejadas del país, el proyecto terminó truncado por cuenta del coletazo del escándalo de corrupción.
Para conocer más sobre justicia, seguridad y derechos humanos, visite la sección Judicial de El Espectador.",23-09-2025,22-09-2025,Judicial,,Abren investigación contra jueza que otorgó la libertad condicional a Emilio Tapia,https://www.elespectador.com/judicial/abren-investigacion-contra-jueza-que-otorgo-la-libertad-condicional-a-emilio-tapia/
"La Jurisdicción Especial para la Paz emitió sus primeras sentencias, un paso judicial sin precedentes en medio siglo de guerra. La primera sanción fue contra los siete exjefes del último secretariado de las Farc, responsables de más de 20.000 secuestros. La JEP les impuso ocho años de sanciones propias, es decir, sin cárcel, pero con trabajos restaurativos. Pero, ¿por qué? Aquí le contamos. ",Redacción Judicial,judicial,🎬 📸 🎥 ¿Lo último en video?: No se pierda el contenido en video de El Espectador.,23-09-2025,22-09-2025,Judicial,,Las claves de las condenas de la JEP contra Farc por miles de secuestros,https://www.elespectador.com/judicial/claves-de-la-condena-de-la-jep-contra-las-farc-y-por-que-no-iran-a-la-carcel/
"Por medio de un documento de diez páginas, firmado por el magistrado Alejandro Ramelli, presidente de la JEP, el tribunal especial argumentó que acumular la investigación por delitos cometidos por las antiguas Farc en un solo macrocaso y en una sola sentencia, iría en contra de los cimientos de la justicia transicional y violaría los derechos de las víctimas a acceder a la verdad, la justicia y la reparación.",Redacción Judicial,judicial,"Audio generado con IA de Google
0:00
/
0:00
La Jurisdicción Especial para la Paz resolvió una tutela interpuesta el 8 de octubre de 2024 por los siete exintegrantes del último secretariado de las Farc, en la que pedían que la justicia transicional acumulara conductas delictivas de los exjefes guerrilleros en un solo macrocaso. El tribunal especial emitió un pronunciamiento en el que señaló que emitir una sola sentencia vulneraría los derechos de las víctimas de la antigua guerrilla.
En la tutela interpuesta inicialmente por los exjefes guerrilleros, los integrantes del antiguo secretariado de las Farc renunciaron a su derecho a la presunción de inocencia y solicitaron unificar los procesos de los macrocasos, con una única imputación. Además, le hicieron una serie de peticiones a la justicia especial:
Lea también: “Los relatos de falsos positivos deberían asustarnos”: magistrada de la JEP
La quinta pretensión del antiguo secretariado de las Farc fue la única a la que los conjueces de la Sección de Revisión de la Jurisdicción Especial para la Paz le dieron luz verde: que la JEP le diera a los exjefes guerrilleros una respuesta más clara sobre la posibilidad de la acumulación de las conductas delictivas en un solo macrocaso. Para emitir ese pronunciamiento, la Sección le dio un plazo de máximo 10 días a la justicia transicional.
En respuesta a esa orden de la tutela, la JEP emitió un documento firmado por su presidente, el magistrado Alejandro Ramelli, este 22 de septiembre, en el que se reafirmó en su postura de que no emitirán una sola sentencia en contra del antiguo secretariado de las Farc, pues la medida iría en contravía de los derechos de verdad, justicia y reparación de las víctimas. La misiva, conocida por este diario, amplía la respuesta al antiguo secretariado sobre las razones por las que no puede acumular los delitos en un solo macrocaso.
“Un aspecto fundamental en las decisiones adoptadas por la SRVR (Sala de Reconocimiento de Verdad, de Responsabilidad y de Determinación de los Hechos y Conductas) en materia de selección y priorización de conductas a investigar ha sido la centralidad de las víctimas y la activa participación de organizaciones de estas. La apertura de los 11 macrocasos obedeció a la aplicación de criterios de priorización y selección”, se lee en el documento. A renglón seguido, detalla que entre esos criterios están “la vulnerabilidad de las víctimas, el impacto diferenciado o representatividad de los presuntos responsables, la gravedad de los hechos, la magnitud de la victimización y la representatividad de los hechos, las pruebas o estado de desarrollo del caso en instancias internacionales”.
Le puede interesar: “La JEP es una justicia que tiene que pavimentar el camino para la paz”: María Camila Moreno
El documento resalta también que en el trabajo adelantado por la JEP, que ya le permitió emitir la semana pasada sus dos primeras sentencias sobre secuestros cometidos por las antiguas Farc y falsos positivos que involucran a exmilitares, “se dio prevalencia a la centralidad de las víctimas, quienes encuentran en su participación y en los espacios procesales correspondientes como articular sus reclamos de forma colectiva”.
La misiva también detalla que de los 11 macrocasos que en este momento están sobre los escritorios de los magistrados de la JEP, ocho corresponden a delitos cometidos por los integrantes de las antiguas Farc. Cinco de ellos fueron priorizados para su investigación. Además, de las 12.504 víctimas individuales acreditadas, 7.384 personas son víctimas de delitos cometidos por la antigua guerrilla de las Farc, lo que representa más de la mitad del universo de víctimas. De las 412 víctimas colectivas acreditadas 314 están dentro de macrocasos de delitos cometidos por las antiguas Farc.
El documento firmado por el magistrado Ramelli concluye que acata la decisión de los conjueces sobre la tutela interpuesta por el último secretariado de las antiguas Farc y, en virtud de ello, emite su explicación detallada sobre la solicitud de acumulación de delitos en un solo macrocaso. Agrega además que para la apertura de macrocasos, la JEP “define la forma en que investigará los asuntos de su competencia”.
Contenido relacionado: Sentencia de la JEP a exjefes de las Farc: dudas sobre restricciones y participación política
“La acumulación de investigaciones no es un asunto con connotaciones estricta y únicamente procesales. Por el contrario, la actividad judicial transicional va más allá, en tanto que garantizar el acceso a la verdad supone la reconstrucción de hechos que constituyan graves violaciones a los derechos humanos y al Derecho Internacional Humanitario, la identificación de patrones macrocriminales, y la visibilización de las víctimas y sus afectaciones como resultado del conflicto armado”, dice el documento.
Concluye señalando que la acumulación de conductas delictivas en un solo proceso y en una sola sentencia, sería una movida que terminaría por invisibilizar a las víctimas e iría en contra del propio sentido de la justicia transicional: “Ofrecer verdad a las víctimas y a la sociedad colombiana, lo cual corresponde a uno de los propósitos finales de la actuación de esta Jurisdicción”.
Lea aquí el documento completo:
Para conocer más sobre justicia, seguridad y derechos humanos, visite la sección Judicial de El Espectador.",23-09-2025,22-09-2025,Judicial,,"La JEP reitera que no habrá una sola sentencia contra de las Farc, como lo pedían",https://www.elespectador.com/judicial/la-jep-reitera-que-no-habra-una-sola-sancion-en-contra-de-las-farc-como-lo-pedian/
"Los dos hombres aceptaron su responsabilidad en el asesinato del empresario Luis Alfonso Valencia y de su mayordomo, Darío López Herrera, en noviembre de 2024. Llegaron a un preacuerdo con la Fiscalía, al asumir los tres delitos que les fueron imputados.",Redacción Judicial,judicial,"Audio generado con IA de Google
0:00
/
0:00
Johan Daniel Pinzón Díaz y Sergio Alejandro Gómez Quintero tendrán que pagar condenas de más de 36 años de prisión, tras haber aceptado su responsabilidad en el asesinato del empresario Luis Alfonso Valencia y de su mayordomo, Darío López Herrera, en hechos ocurridos el 11 de noviembre de 2024, en una finca del municipio de Guaduas (Cundinamarca).
Los dos hombres llegaron a un preacuerdo con la Fiscalía, tras aceptar ser responsables de los delitos de homicidio y hurto calificado agravados, secuestro simple y fabricación, tráfico y porte de armas de fuego o municiones. En febrero de este año habían sido capturados y desde entonces se encuentran recluidos en un centro carcelario.
Según la información recavada por la Fiscalía y aceptada por los dos hombres, hoy condenados, Johan Daniel Pinzón Díaz era trabajador de la finca de Luis Alfonso Valencia, fundador de la empresa de alimentos Arepas El Carriel. El hombre habría accedido a información sobre los objetos de valor que había en la finca y se la habría entregado a un grupo delincuencial de la región.
Lea también: La JEP reitera que no habrá una sola sanción en contra de las Farc, como lo pedían
Con esa información en sus manos, hombres armados llegaron hasta la finca, amarraron de pies y manos a Valencia y a su mayordomo, Darío López Herrera. También a la pareja sentimental del empresario, una mujer que logró salir ilesa. Les dispararon en reiteradas ocasiones y huyeron del lugar, con una motocicleta y un carro que estaban en la propiedad y que fueron hurtados.
En la noche de ese 11 de noviembre, las autoridades llegaron hasta la finca luego de que uno de los empleados de Arepas El Carriel alertara que durante el día no había logrado comunicarse con su patrón. En el sitio, los uniformados que atendieron la llamada se encontraron con las dos víctimas acribilladas y a la mujer aún con vida, quien fue trasladada a un centro asistencial de Fusagasugá.
“Gómez Quintero fue uno de los hombres armados que ingresó al lugar de los hechos, amordazó a las víctimas, las puso en estado de indefensión y les disparó hasta causarles la muerte. Posteriormente, escapó en un vehículo llevándose varios artículos”, dijo la Fiscalía.
Le puede interesar: Abren investigación contra jueza que otorgó la libertad condicional a Emilio Tapia
“Este lamentable suceso habría ocurrido presuntamente por el hurto de elementos personales, como también el hurto de un vehículo y una motocicleta. Los hechos están siendo materia de investigación por parte de nuestra Policía judicial y nuestra Fiscalía con el fin de lograr la ubicación y captura de los responsables”, dijo en su momento el Juan Carlos Arévalo Rodríguez, subcomandante de Policía de Cundinamarca.
La versión fue confirmada durante la investigación de la Fiscalía y luego por los dos autores materiales del homicidio, quienes aceptaron su responsabilidad. Johan Daniel Pinzón Díaz pagará 36 años de prisión y Sergio Alejandro Gómez Quintero pasará 36 años y ocho meses en la cárcel.
Para conocer más sobre justicia, seguridad y derechos humanos, visite la sección Judicial de El Espectador.",23-09-2025,22-09-2025,Judicial,,Condenan a 36 años de cárcel a los asesinos del fundador de Arepas El Carriel,https://www.elespectador.com/judicial/condenan-a-36-anos-de-carcel-a-los-asesinos-del-fundador-de-arepas-el-carriel/
"En Huila y Meta, cientos de civiles frustraron operativos militares y judiciales contra las disidencias de las Farc, obligando a uniformados a retirarse. Los hechos, que el Gobierno califica de asonadas promovidas por grupos armados, evidencian la complejidad de llevar ante la justicia a los responsables y lograr completar sus operaciones.",Valentina Gutiérrez Restrepo,judicial,"En la vereda La Samaria, en La Macarena (Meta), el CTI de la Fiscalía y el Ejército capturaron a Oliver Lozano Serna, alias “Chimbo de Oro”, presunto líder logístico del Bloque Jorge Suárez Briceño de las disidencias de las Farc de alias “Calarcá”. La operación, que ocurrió el pasado 21 de septiembre, marchaba tan bien que el presunto miembro del grupo armado ya tenía esposas y estaba rumbo a presentarse ante un juez de garantías para legalizar su captura.
Sin embargo, el operativo terminó en una asonada de pobladores que, como confirmó el...",23-09-2025,22-09-2025,Judicial,Suscriptores,Asonadas contra la fuerza pública: el difícil reto de judicializar a la población civil,https://www.elespectador.com/judicial/asonadas-en-huila-y-meta-el-dificil-reto-de-judicializar-a-la-poblacion-civil/
"Entre 2023 y 2024, los recursos que recibe Colombia de otros países y organismos multilaterales cayeron cerca de un 20 % y todo indica que el panorama en 2025 será más crítico. Entre tanto, el presidente quiere convertir a Colombia en un actor dual, por lo que ha hecho giros y aportes millonarios a varios países.",David Efrén Ortega ,politica,"La apuesta del presidente Gustavo Petro por posicionarse como un líder a nivel mundial en varias áreas pasó de los discursos y los viajes internacionales al escenario de la cooperación global. Desde la Casa de Nariño aseguran que la directriz del mandatario es ampliar la presencia de Colombia en el escenario de los países oferentes de asistencia y colaboración, una estrategia de doble vía que genera visibilidad y fortalecimiento en las relaciones bilaterales y multilaterales.
El pasado miércoles, en varias oficinas de Palacio, se concretó una...",23-09-2025,22-09-2025,Política,Suscriptores,Más de US$1.000 millones en juego: así va la cooperación internacional con Petro ,https://www.elespectador.com/politica/cooperacion-internacional-en-el-gobierno-petro-hay-mas-de-mil-millones-de-dolares-en-juego-noticias-hoy/
"Tras cinco meses de su aprobación en Cámara, la Comisión Séptima del Senado reanudará el debate por la última gran apuesta del gobierno Petro. Incertidumbre fiscal sigue siendo el mayor punto de discusión.",Redacción Política,politica,"Audio generado con IA de Google
0:00
/
0:00
Con dos ponencias, positiva y negativa, y a la espera de un tercer documento que permita la discusión, la Comisión Séptima del Senado reanudará el debate de la reforma a la salud luego de cinco meses de audiencias, mesas técnicas y la presentación un aval fiscal por parte del ministerio de Hacienda que sigue generando interrogantes dentro de los parlamentarios.
En el primer punto para el martes 23 de septiembre está agendada una discusión que se llevará todos los focos. Aunque desde la mesa directiva en cabeza del senador Miguel Ángel Pinto (Liberal) se aseguró que habrá una reforma a la salud, sectores de la oposición buscarían frenar el trámite de este controvertido proyecto de ley que ya fue hundido una vez en esta misma célula.
Le puede interesar:Gobierno volverá a medirse en el Senado: agendan debate de reforma a la salud
Ahora sin el “bloque de los ocho” que también hundieron inicialmente la reforma laboral, la ponencia negativa radicada por los senadores uribistas Honorio Henríquez y Alirio Barrera será la primera que entre en discusión. A la par, la senadora Norma Hurtado (U) prepara un documento alternativo que sería radicado este lunes en la Comisión con la que se ajustaría sustancialmente el texto que salió de Cámara, sustentado especialmente en irregularidades con la pertinencia fiscal del proyecto.
Respecto a la Plenaria, se estima que esta semana retorne la discusión de la reforma a los artículos 86 y 87 de la ley 30, con miras a restructurar la financiación a las universidades públicas. Para lograr los acuerdos necesarios, el presidente del Senado, Lidio García, designó una subcomisión que estudiaría puntos que hoy generan división en la Cámara Alta.
Por otro lado, en la plenaria de la Cámara de Representantes se retomará la discusión de la reforma integral al Icetex. Este proyecto ha copado las últimas sesiones en esta corporación debido a la división que genera, especialmente en el sector pro-gobierno. No obstante, el articulado ya ha avanzado en varios de sus puntos, por lo que se estima, sea finalmente evacuado y aprobado al término de esta semana.
Asimismo, en la Comisión Primera también se continuará con el debate referente a la doble militancia, y que según conoció y reveló El Espectador en ediciones pasadas, podría favorecer sustancialmente al Pacto Histórico ante los condicionamientos emitido por el Consejo Nacional Electoral en medio del proceso de fusión en un único partido.
La iniciativa propone: “En caso de existir un acuerdo de coalición formalmente constituido o acuerdos programáticos, los candidatos podrán apoyar libremente las listas o candidatos de cualquiera de los partidos o movimientos políticos que hagan parte del acuerdo de coalición para cualquier elección a celebrarse en la misma fecha. El apoyo a candidaturas de partidos o movimientos políticos distintos únicamente podrá realizarse una vez formalizado el acuerdo de coalición o acuerdo programático”.
Le sugerimos: Centro Democrático propone eliminar ministerios para reducir gastos de funcionamiento
Finalmente, referente a la discusión del presupuesto, las comisiones Terceras y Cuartas volverán a sesionar de forma conjunta para dirimir las diferencias frente al reparto fiscal sobre un monto ya aprobado de 556,9 billones de pesos. Algunos sectores buscan la reducción en algunos ministerios que no han contado con ejecución, mientras se estudia la reforma tributaria.
Control político
En materia del seguimiento a las actividades de entidades y ministerios, la Comisión Primera de la Cámara convocó al ministro de Defensa, general (r) Pedro Arnulfo Sánchez, a la discusión presupuestal de esta cartera y las necesidades de la misma justo en medio del debate de los rubros para la nación en 2026.
De su parte, la Comisión Séptima en Cámara también citó a Giovanny Rubiano, superintendente de Salud, para abordar las intervenciones y crisis estructural en el sistema. Finalmente, en la Comisión Segunda del Senado se citó a Paula Andrea Cepeda, directora del Instituto Nacional Agropecuario ICA; mientras en la Comisión de Ordenamiento Territorial fue citada la ministra de Vivienda, Helga Rivas.
También se adelantarán audiencias públicas en proyectos clave como la ley de sometimiento, pendiente de dos de estos encuentros en regiones; una para establecer el internet como un derecho fundamental en la Constitución; y para la regulación de datos personales.
👁‍🗨 Conozca cómo votan los senadores y representantes a la Cámara en ‘Congreso a la mano’.
👉 Lea más sobre el Congreso, el gobierno Petro y otras noticias del mundo político.
✉️ Si tiene interés en los temas políticos o información que considere oportuno compartirnos, por favor, escríbanos a cualquiera de estos correos: hvalero@elespectador.com; aosorio@elespectador.com; dortega@elespectador.com; dcristancho@elespectador.com; mbarrios@elespectador.com ; lbotero@elespectador.com o lperalta@elespectador.com.",23-09-2025,22-09-2025,Política,,"Presupuesto, Icetex y reforma a la salud: así será la agenda del Congreso ",https://www.elespectador.com/politica/presupuesto-y-reforma-a-la-salud-los-proyectos-clave-en-la-agenda-del-congreso-noticias-hoy/
Integrantes de la bancada de Gobierno rechazaron las publicaciones del ex alcalde de Medellín que estaría yendo “contra las luchas históricas del progresismo”. Piden cambio de rumbo en estrategia electoral.,Redacción Política,politica,"Audio generado con IA de Google
0:00
/
0:00
Una vez más el exalcalde de Medellín Daniel Quintero causa división dentro de las bases del Pacto Histórico, luego de la difusión de una publicación que fue ampliamente criticada por congresistas, militantes, e incluso por algunos de los aspirantes a la Casa de Nariño dentro de esta colectividad.
La pancarta, generada por inteligencia artificial, fue difundida por Quintero con una imagen en la que se representa al también precandidato Abelardo de la Espriella en un tono “burlesco” y que de inmediato generó reacciones en la interna del Pacto Histórico.
Puede leer: “Quien diga que cerrará el Congreso tiene por dentro algo de dictador”: Gustavo Bolívar
Uno de los primeros en cuestionar la publicación fue el exdirector del Departamento de Prosperidad Social, Gustavo Bolívar, quien señaló que “esta persona (Quintero) no representa los valores progresistas de tolerancia y respeto por la diversidad sexual”. El exsenador, quien esta misma semana cuestionó una “campaña sucia” por parte del círculo cercano de Quintero, aseveró que resulta triste “ver compañer@s, que se decían de izquierda celebrando el cierre del congreso, la burla a la Comunidad LGBTQ+, las alianzas de esta persona con la política tradicional y su odio hacia quienes piensan diferente (a la derecha hay que mandarla a la mierda)”.
Desde el Congreso quienes levantaron la voz fueron los senadores Wilson Arias e Isabel Zuleta. Para el caso del senador del Polo Democrático, este aseguró que la publicación “está mal en todos los sentidos”. Según manifestó, “no es sólo un problema de formas, maneras y decencia. Es asunto ético, estético e ideológico”.
En cambio, la senadora Zuleta fue enfática que este es un “pésimo mensaje, la estigmatización cuesta vidas, parece que a usted eso no le importa. Esto no representa al progresismo”. A estas críticas también se sumó el representante Alfredo Mondragón, quien señala que Quintero estaría subestimando las bases el progresismo, a la par que “ridiculiza el legado del presidente Gustavo Petro”.
Implicaciones futuras
La nueva brecha en el seno de la colectividad de Gobierno se presenta en medio de una controversia jurídica en la que el Consejo Nacional Electoral (CNE) condicionó la fusión de la Colombia Humana al Pacto Histórico, así como el movimiento Progresistas de la senadora María José Pizarro, aún sin personería jurídica, pues dependen de otras determinaciones del CNE.
Desde el Pacto se estima que estos condicionantes puedan afectar las consultas internas programadas para el próximo 26 de octubre en la que se elegiría a ese único candidato presidencial de la izquierda – que iría luego al frente amplio - razón por la que esta controversia generada por Quintero no cae bien en un momento en el que los candidatos han hecho un llamado a la Unidad.
Le sugerimos: “Manguitos del Pacto Histórico”: estalla pelea en el petrismo tras elección de Camargo
Precisamente el exalcalde de Medellín, Pizarro y Bolívar, así como Gloria Flórez, Susana Muhamad y Carolina Corcho quedarían excluidos, de momento, de esta consulta, lo que implicaría un cambio de estrategia y optar por un nuevo mecanismo para la elección del candidato de la izquierda, o en su defecto, aplazar la contienda.
No obstante, en su más reciente comunicado la colectividad de Gobierno manifestó que mantiene en pie la fecha de consultas, mientras avanza en simultáneo con procesos de apelación y solicitud de resolución para lograr una vinculación de los movimientos excluidos en esta fusión que ya integra al Polo Democrático Alternativo, el Partido Comunista, la Unión Patriótica.
“Consideramos indispensable que el CNE evalúe su decisión, y en paralelo, interpondremos todos los recursos legales necesarios para garantizar la inclusión y el reconocimiento de todas las fuerzas en el menor tiempo posible”, manifestaron.
👁‍🗨 Conozca cómo votan los senadores y representantes a la Cámara en ‘Congreso a la mano’.
👉 Lea más sobre el Congreso, el gobierno Petro y otras noticias del mundo político.
✉️ Si tiene interés en los temas políticos o información que considere oportuno compartirnos, por favor, escríbanos a cualquiera de estos correos: hvalero@elespectador.com; aosorio@elespectador.com; dortega@elespectador.com; dcristancho@elespectador.com; mbarrios@elespectador.com ; lbotero@elespectador.com o lperalta@elespectador.com.",23-09-2025,22-09-2025,Política,,Campaña de Daniel Quintero desata nueva división en el Pacto Histórico,https://www.elespectador.com/politica/daniel-quintero-causa-nuevo-malestar-en-el-pacto-historico-congresistas-y-precandidatos-piden-respeto-por-las-bases-del-proyecto-petro-noticias-hoy/
El mandatario nacional emitirá su último discurso en la Asamblea General de las Naciones Unidas con Palestina y la lucha contra las drogas como ejes principales.,Redacción Política,politica,"Audio generado con IA de Google
0:00
/
0:00
El presidente Gustavo Petro aterrizó en la mañana de este lunes en Nueva York, Estados Unidos, para asistir a la que será su última Asamblea General de las Naciones Unidas en medio de unas escaladas tensiones con la administración de Donald Trump tras la descertificación de Colombia en la lucha antridrogas.
El mandatario colombiano llegará a esta nueva cumbre con dos ejes clave en su agenda: Palestina y el denominado “genocidio2 en Gaza; y precisamente la lucha contra las drogas y los resultados de su Gobierno en esta materia, a pesar no haber sido certificado por la Casa Blanca. El recibimiento fue liderado por el embajador en ese país, Daniel García-Peña.
Le puede inetresar:Así se trazó la ruta que Petro quiere que Colombia despliegue ante Naciones Unidas
Su comitiva está conformada la Canciller de Relaciones Exteriores, Rosa Villavicencio; Hacienda, Germán Ávila; Medio Ambiente y Desarrollo Sostenible, Irene Vélez (e); Justicia, Eduardo Montealegre; Minas y Energía, Edwin Palma Egea; e Igualdad, Juan Carlos Florián. Además, la vicepresidenta, Francia Márquez, y la directora del Departamento Administrativo de la Presidencia (Dapre), Angie Rodríguez, también conformarán el equipo del mandatario nacional en esta visita a Estados Unidos.
Dentro de los puntos clave en la agenda del mandatario está la reunión con connacionales en Nueva York, altos funcionarios de la Casa Blanca, además de diálogos con otros jefes de Estado asistentes en la Asamblea de la ONU.
Desde su oficina de prensa se comunicó que desde el salón CR3 de las Naciones Unidas, el Presidente participará este lunesen “diálogos de alto nivel sobre soluciones para la financiación climática: Renovar el dinamismo y el apoyo político antes de la COP30″.
Su discurso está programado para el martes 23 de septiembre, en donde dará continuidad a su línea en contra del “genocidio” en Gaza adelantado por el Estado de Israel. Su llamado será a la conformación de una fuerza que logre frenar la ofensiva en la que además buscará el respaldo de Francia, Reino Unido, Canadá y España, quienes ya anunciaron que darán el reconocimiento como Estado a Palestina, en contra de lo señalado precisamente por Donald Trump.
Último discurso en la ONU
Un documento al que tuvo acceso El Espectador también señala que el mandatario no solo centrará su discurso en Gaza, sino que ampliará el mismo a las conflictividades que se presentan en otras latitudes. Allí se incluirá el conflicto en Ucrania, así las crisis que atraviesa Haití, otro de los países que más ha defendido el mandatario nacional.
Su discurso también incluirá una postura frente a las medidas adoptadas desde la Casa Blanca en la región latinoamericana, señalando que el mandatario colombiano también buscaría dar represetación a la Celac (Comunidad de Estados Latinoamericanos y Caribeños), organismo del Petro es Presidente Pro Tempore.
Lea: Más de US$1.000 millones en juego: así va la cooperación internacional con Petro
El mandatario también llevará una línea clara sobre inteligencia artificial y las economías sostenibles, así como el cambio climático y el derecho internacional. Otro de los encuentros de alto nivel será “la igualdad de género —a raíz del aniversario 30 de la Conferencia de Beijing sobre la Mujer—, la situación de los musulmanes Rohinyás en Myanmar, la búsqueda de la eliminación total de las armas nucleares, y la prevención y el control de las enfermedades no transmisibles”.
Por último, el presidente Petro provechará el espacio de la Asamblea General para “fortalecer lazos de innovación y cooperación Sur-Sur y triangular, como vía para intercambiar conocimientos, experiencias y tecnologías”.
👁‍🗨 Conozca cómo votan los senadores y representantes a la Cámara en ‘Congreso a la mano’.
👉 Lea más sobre el Congreso, el gobierno Petro y otras noticias del mundo político.
✉️ Si tiene interés en los temas políticos o información que considere oportuno compartirnos, por favor, escríbanos a cualquiera de estos correos: hvalero@elespectador.com; aosorio@elespectador.com; dortega@elespectador.com; dcristancho@elespectador.com; mbarrios@elespectador.com ; lbotero@elespectador.com o lperalta@elespectador.com.",23-09-2025,22-09-2025,Política,,Presidente Petro ya está en Nueva York: así será su agenda en EE. UU. ,https://www.elespectador.com/politica/presidente-gustavo-petro-asiste-a-la-cumbre-de-la-naciones-unidas-esta-sera-su-agenda-en-los-estados-unidos/
La reunión trazó la estrategia de la bancada tras los condicionantes del CNE para la fusión del Pacto Histórico y la escisión de Progresistas.,Redacción Política,politica,"Audio generado con IA de Google
0:00
/
0:00
El más reciente encuentro entre el presidente Gustavo Petro y parte de la bancada del Pacto Histórico dejó una conclusión clave en relación con el futuro de este partido político para 2026: la disolución de la Colombia Humana. El mandatario nacional delineó parte de la estrategia que sería utilizada tras la decisión del Consejo Nacional Electoral (CNE) de dejar fuera a la Colombia Humana de la fusión de varios movimientos de izquierda.
Fuentes de El Espectador que asistieron a este encuentro en la Casa de Nariño remarcaron que el objetivo, a pesar de la decisión, sigue siendo la búsqueda de mayorías en el Congreso para 2026. “No queremos hacer dos listas como algunos sectores están proponiendo de hacer lista de Pacto por un lado, y la de Unitarios con otra gente, incluyendo Comunes. La idea es siempre, como él (Petro) lo ha propuesto y como lo hemos discutido nosotros, ir con una sola gran lista del Pacto Histórico para ganar las elecciones de Congreso en marzo”, afirmaron a este diario.
Puede leer: Campaña de Daniel Quintero desata nueva en división el Pacto Histórico
En este panorama, y pensado en el futuro del partido, ante los impedimentos de la Colombia Humana - también partido de Petro – para integrarse al Pacto Histórico “el Presidente dijo: Progresistas tiene que avanzar para que tenga la personería jurídica y sumarse al Pacto; o sumarse al Pacto y hacer coalición con Pacto. Y el otro partido, Colombia Humana, debería disolverse”.
En este sentido, el movimiento para esta colectividad sería, como señala la fuente, una disolución antes del mes de diciembre para que tanto congresistas como aspirantes presidenciales del colectivo queden integrados al Pacto Histórico, pensando en esas listas al Congreso como en la consulta interna.
Para el caso Progresistas, la resolución de su futuro es próxima. A través de la apelación interpuesta al condicionamiento de la escisión de MAIS, el movimiento que integran principalmente la Senadora María José Pizarro y los representantes Heráclito Landinez y David Racero, podría definir si recibirá sus derechos políticos en pleno para finalmente poder fusionarse.
En caso de no conseguirlo, la ruta también está trazada. La estrategia pasaría por la conformación de una nueva coalición, esta vez Pacto Histórico (ya como partido único) y Progresistas. En ese movimiento aseguraron a El Espectador que “sí podemos coaligarnos porque el PH sería un partido nuevo que no participó en las elecciones y Progresistas igual, por lo tanto, pueden coaligarse”.
Consultas presidenciales
Las decisiones en el CNE también ponen en riesgo la realización de las consultas internas estipuladas para el 26 de octubre. De hecho, el reloj corre en contra de este colectivo, puesto que el 26 de septiembre se vence el plazo para definir cuál será la metodología de elección para s único candidato, barajando numersosas alternativas.
Otro de los asistentes a este encuentro que es fija “la idea de la consulta a pesar de los obstáculos jurídicos que han surgido. Estamos tratando de solucionarlos esta semana. Ya la definición entre interpartidistas o internas dependerá de la situación que nos quede finalmente”.
Le sugerimos: Centro Democrático propone eliminar ministerios para reducir gastos de funcionamiento
También hubo énfasis en la necesidad de dar continuidad en la agenda programática de los aspirantes ligada a las “necesidades, luchas e intereses” del progresismo. “El Pacto está cohesionado y ha colocado en el centro las reformas sociales. Deberían colocar en el centro con las reformas que no se han podido materializar y que por tiempo no ha sido posible, como por ejemplo la ley de servicios públicos, la reforma política o la reforma a la justicia”.
Es en este sentido en el que se habría abordado el caso de Daniel Quintero, siendo una ficha que ha generado controversia dentro de la colectividad. Según manifestaron los congresistas consultados por este diario, “él, en su rol de precandidato, debe hacerse responsable de sus mensajes y los efectos sobre las bases electorales del Pacto. Hoy es una realidad, hay una contradiccion muy evidente en candidaturas como Bolívar o Quintero”.
👁‍🗨 Conozca cómo votan los senadores y representantes a la Cámara en ‘Congreso a la mano’.
👉 Lea más sobre el Congreso, el gobierno Petro y otras noticias del mundo político.
✉️ Si tiene interés en los temas políticos o información que considere oportuno compartirnos, por favor, escríbanos a cualquiera de estos correos: hvalero@elespectador.com; aosorio@elespectador.com; dortega@elespectador.com; dcristancho@elespectador.com; mbarrios@elespectador.com ; lbotero@elespectador.com o lperalta@elespectador.com.",23-09-2025,22-09-2025,Política,,"Futuro de Colombia Humana, Congreso y presidenciales: temas claves de cita Pacto-Petro ",https://www.elespectador.com/politica/pacto-historico-se-reunio-con-el-presidente-gustavo-petro-estos-fueron-los-temas-que-trataron/
"El Gobierno publicó este lunes la resolución con la que vuelva a nombrar a Mancuso, ‘Don Berna’,y Jorge 40, entre otros como gestores de paz. Según Petro, la idea central de esa propuesta es “terminar” ese proceso de desmovilización que se dio en 2005 y entregar los bienes a las víctimas. El Ministerio del Interior será quien maneje este proceso. ",Redacción Colombia +20,politica,"Audio generado con IA de Google
0:00
/
0:00
Tres meses después de la “renuncia masiva” de 16 exjefes paramilitares de las Autodefensas Unidas de Colombia (AUC) como gestores de paz, el Gobierno de Gustavo Petro publicó este martes una un nueva resolución con la que vuelve a nombrarlos en ese papel y parece revivir la mesa de negociación que quiere llevar con ese grupo.
De acuerdo con el documento, en poder de Colombia+20, los gestores serían: Arnubio Triana Mahecha, conocido como ‘Botalón’; Ramiro Vanoy Murillo, ‘Cuco’ Vanoy; Héctor José Buitrago Rodríguez, ‘El Patrón’; Juan Francisco Prada Márquez, Juancho Prada; Luis Eduardo Cifuentes Galindo, el Águila; Hernán Giraldo Serna, ‘el señor de la Sierra’ y Manuel de Jesus Pirabán, Pirata.
Además, Diego Fernando Murillo Bejarano, ‘Don Berna’; Salvatore Mancuso Gómez; Rodrigo Pérez Alzate, ‘Julián Bolívar; Carlos Mario Jiménez Naranjo, ‘Macaco’; José Baldomero Linares Moreno, Guillermo Torres; Rodrigo Tovar Pupo, ‘Jorge 40’; Edwar Cobos Téllez, ‘Diego Vecino’; Héctor Germán Buitrago Parada, Martín Llanos, y Fredy Rendón Herrera, ‘El Alemán’.
Aunque inicialmente eran 18 exparamilitares, desde mayo, Ever Velosa, HH, y Ramón Isaza ya no estaban en el proceso.
La suspensión del rol de gestores de paz de los exparamilitares se dio en su momento porque por diferencias con el comisionado de paz, Otty Patiño. Esas diferencias, según la carta, también habrían sido con María Paz Lara, mano derecha del comisionado, y con Álvaro Jiménez, un asesor cercano a Patiño y quien además es el jefe negociador con el Clan del Golfo.
“Esta decisión obedece al reiterado incumplimiento de los compromisos por parte de la OCCP (Oficina del Consejero Comisionado de Paz). La realidad demostró que estas designaciones en la práctica se convirtieron en un gesto meramente simbólico, puesto que la OCCP jamás tuvo la intención ni compromiso real para materializarlas, los incumplimientos reiterados, dilaciones sistemáticas, la lesiva falta de transparencia, y la abierta insubordinación frente a sus órdenes presidenciales directas y públicas, la falta de gestión efectiva y voluntad política por parte de dicha oficina han minado la confianza, haciendo imposible continuar ejerciendo nuestras Gestorías de forma eficiente y digna”, decía entonces parte de la carta.
Tras ello, este martes, el Gobierno publicó una resolución fechada el pasado lunes 21 de septiembre en la que volvía a nombrar a los 16 ex-AUC como gestores de paz.
De acuerdo con el documento, su designación iría hasta el próximo 6 de agosto de 2026 cuando termina el gobierno de Petro. “Durante este período, sus actividades se desarrollarán en las condiciones excepcionales, temporales y territoriales que sean definidas en el plan de trabajo que se suscriba en cada caso”.
El Ministerio del Interior coordinará el proceso
En el documento también se explica que este proceso será ahora coordinador por el Ministerio del Interior, hoy en cabeza de Armando Benedetti.
Ante esa cartera deberán suscribir un plan de trabajo y un acta de compromiso que será coordinado con la Dirección del Departamento Administrativo de la Presidencia (Dapre), en cabeza actualmente de Angie Rodríguez; y la Oficina del Consejero Comisionado de Paz, Otty Patiño. Además tendrán que asegurar que cumplirán con las diligencias judiciales, participar en las sesiones del Comité Técnico y rendir informes periódico de sus actividades.
“En desarrollo del plan compromiso en el víctimas, trabajo, cada gestor de paz suscribir un acta se establezcan actividades particulares y concretas de reparación a las víctimas, el responsable de su cumplimiento y los indicadores de medición respectivos. Dichos compromisos tendrán carácter estrictamente administrativo y voluntario, y no implican modificación de la situación de los designados”, dice.
Y agrega: “El Ministerio del Interior, previa coordinación con la Oficina del Consejero Comisionado de Paz, podrá solicitar a las autoridades nacionales o extranjeras, por intermedio de los canales diplomáticos y administrativos correspondientes, las medidas necesarias para garantizar la participación de los gestores de paz que se encuentren privados de la libertad, incluyendo mecanismos de conexión virtual”, dice el documento.
En otra parte del documento se aclara que: “A solicitud expresa del presidente de la República, los gestores de paz podrán acompañar otras instancias de diálogo que se desarrollen en el marco de la política de paz total.”
También se puntualiza que el Ministerio del Interior en coordinación con Dapre y la Oficina del Consejero Comisionado de Paz, “deberá informar conjuntamente al presidente de la República de los resultados del Comité Técnico"" y también será quién adopte las “medidas necesarias para garantizar la seguridad personal de los gestores de paz.
Se creará un Comité de Mesa Técnica de Diálogo Social
El documento también dice que se creará este comité con exmiembros de las AUC que tendrá como finalidad de “coordinar y articular las acciones institucionales necesarias para consolidar un balance integral de los proceso adelantado en virtud de la Ley 975 de 2005 y presentar al presidente de la República los insumos que orienten la decisión sobre el cierre definitivo de la Mesa Técnica de Diálogo Social”.
Los gestores, en coordinación con ese Comité Técnico participarán en el establecimiento de mecanismos y rutas para la “difusión de la verdad” en el marco de la Ley 975 de 2005.
El Comité Técnico estará integrado por el ministro del Interior o su delegado, la directora del Dapre o su delegado, el Consejero de Paz y los gestores de paz designados en la resolución.
También estarán como invitados del Comité, un representante del Procurador General de la Nación, la Defensora del Pueblo, la Fiscal General de la Nación “con el fin de ejercer funciones de acompañamiento, vigilancia y veeduría institucional”.
Las tareas que tendrá el Comité serán:
El documento dice que el Ministerio del Interior, como entidad articuladora en los espacios de diálogo social, liderará la participación de las entidades del Gobierno nacional en el Comité Técnico.
¿De qué se trata este proceso?
El pasado 3 de octubre, el presidente Petro anunció en un evento en Montería que quería finiquitar el proceso con los exparamilitares. Según el mandatario, la idea central de esa propuesta es “terminar” ese proceso de desmovilización que se dio en 2005, hace casi 20 años, y entregar los bienes a las víctimas.
“Salvatore, ‘Macaco’, ‘Jorge 40′ podemos reactivar la mesa de paz porque el proceso no ha terminado, no se han entregado los bienes a las víctimas que ustedes le entregaron a la justicia, el proceso no se ha terminado, quedó interrumpido y para eso propongo instalar la mesa para finiquitar el proceso de paz que inició Álvaro Uribe Vélez con ustedes, esta vez sin traición y sin miedo a la verdad, que existía en esa época”, aseguró entonces el mandatario en un mensaje directo a Mancuso, que participó por primera vez en un encuentro con Petro tras su llegada a Colombia el pasado febrero luego de 15 años de extradición.
Tras casi un año de retraso, el pasado 30 de abril se instaló ese escenario de conversación, en Córdoba, Montería, pero el acto generó tensiones en el Gobierno pues no fue liderado por el comisionado de Paz, sino por la directora del Centro Nacional de Memoria Histórica, María Gaitán.
La razón, según le explicó entonces a este diario la directora Gaitán, es que “esta mesa no es para una negociación de paz, sino para el cierre de un proceso que inició hace más de 20 años”.
Aunque para la desmovilización de los paramilitares se creó la Ley 975 de 2005 y se puso en marcha el sistema de Justicia y Paz, quienes se acogieron argumentan que nunca se firmó un acuerdo de paz (no hubo ningún documento, pues todo se hizo a través de pactos verbales) ni se hizo un cierre del proceso.
Gaitán detalló que, además de las acciones en reparación y verdad, lo que se busca es que el Centro de Memoria avance en la producción de un informe sobre “lo que el país no conoce”.
Sin embargo, días después, el 15 de mayo, Colombia+20 pudo confirmar que luego discusiones en el alto gobierno (y algunos “jalones de orejas”), se decidió que sea la OCCP, en cabeza del comisionado Patiño, era la entidad que iba a toma las riendas de esta mesa, que será de conversaciones (no de negociación).
De hecho, el Centro Nacional de Memoria Histórica tomó distancia del proceso y en un comunicado dijo entonces que “bajo ninguna circunstancia el CNMH buscaba suplantar competencias de otras entidades de Gobierno, ni extralimitarse en sus funciones"".
La figura de los gestores de paz, que existe a partir de la Ley 418 de 1997, fue creada para designar a personas que han pertenecido a los grupos armados ilegales y que pueden prestar sus buenos oficios en varias tareas que ayuden a alcanzar acuerdos humanitarios o avanzar en contactos que permitan consolidar la paz con esas estructuras.
Esta es la resolución:
✉️ Si le interesan los temas de paz, conflicto y derechos humanos o tiene información que quiera compartirnos, puede escribirnos a:cmorales@elespectador.com o aosorio@elespectador.com.",23-09-2025,22-09-2025,Paz y Memoria,,Petro revive mesa con exparamilitares y vuelve a nombrar a 16 ex-AUC como gestores de paz,https://www.elespectador.com/colombia-20/paz-y-memoria/petro-y-exparamilitares-gobierno-nombre-a-16-exjefe-de-las-auc-como-gestores-de-paz-y-revive-mesa-para-cerrar-ese-proceso-de-paz/
"Tras siete días de secuestro, la entidad informó que el abogado Óscar Eduardo Jordán Camacho fue liberado. Hasta el momento, se desconoce tanto la identidad de sus captores como los motivos detrás de su retención.",Redacción Judicial,judicial,"Audio generado con IA de Google
0:00
/
0:00
El abogado Óscar Eduardo Jordán Camacho, funcionario de la Defensoría del Pueblo, fue liberado este 22 de septiembre, según informó la entidad a través de la red social X. Jordán había sido secuestrado el pasado 15 de septiembre en el municipio de Caloto (Cauca).
Lea: Condenan a mujer que pagaba a militares para que entregaran información al Clan del Golfo
De acuerdo con las autoridades, el abogado fue interceptado a las afueras de su vivienda por hombres armados con fusiles, quienes lo obligaron a subir a un vehículo y luego huyeron del lugar.
Aunque la Defensoría del Pueblo no ha entregado mayores detalles sobre la liberación de Jordán Camacho, en su comunicado destacó que este hecho representa un alivio tanto para su familia como para la entidad.
En su momento, la Defensoría rechazó el secuestro y advirtió que constituía una grave infracción al Derecho Internacional Humanitario, al atentar contra la vida, la libertad y la integridad personal de un servidor público encargado de garantizar el acceso a la justicia y la protección de los derechos de las víctimas en el norte del Cauca.
Le puede interesar: Con ayuda del FBI, fueron enviados a prisión siete presuntos narcos de “Los del Dorado”
En los últimos meses, el departamento del Cauca ha sido escenario de hostigamientos y atentados atribuidos a las disidencias de las Farc, grupo criminal con fuerte presencia en la región. El pasado 26 de marzo, por ejemplo, se registraron ataques en los municipios de Santander de Quilichao, Caloto, Caldono, Toribío y Corinto. Los hechos, dirigidos contra estaciones de Policía y bases militares, incluyeron ráfagas de fusil y el uso de explosivos.
Para conocer más sobre justicia, seguridad y derechos humanos, visite la sección Judicial de El Espectador.",23-09-2025,22-09-2025,Judicial,,Defensoría confirma liberación de un abogado que había sido secuestrado en Cauca,https://www.elespectador.com/judicial/defensoria-confirma-liberacion-de-un-abogado-que-habia-sido-secuestrado-en-cauca/
"A través de un comunicado, la Defensoría del Pueblo lanzó una alerta por la posible instrumentalización de líderes sociales en La Plata, Huila, en medio de intimidaciones por parte de las disidencias de las Farc.",Redacción Judicial,judicial,"Audio generado con IA de Google
0:00
/
0:00
La Defensoría del Pueblo expresó su preocupación por las amenazas e intimidaciones del Frente Hernando González Acosta, del Bloque Central Isaías Pardo, del Estado Mayor Central de las disidencias de las Farc, contra líderes y lideresas en La Plata (Huila). Por medio de un comunicado, pidió evitar señalamientos y estigmatizaciones en su contra, pues, según advirtió, “no se encuentran en un escenario de libertad para la toma de sus decisiones”.
De acuerdo con la entidad, el grupo armado ilegal obligó a líderes sociales a convocar a la población para exigir la salida de integrantes del Ejército Nacional que se encontraban en la vereda La Aurora. Para evitar confrontaciones con la comunidad, los uniformados se retiraron del lugar.
Lea: Defensoría confirma liberación de un abogado que había sido secuestrado en Cauca
La Defensoría señaló que, como consecuencia, pobladores del corregimiento, incluidos niños, niñas y mujeres, se vieron forzados a abandonar sus hogares y permanecer toda la noche sobre la vía, cumpliendo las órdenes impartidas por el grupo armado para presionar la retirada de la tropa.
Asimismo, la situación habría tenido una grave repercusión en el comercio, además de restricciones a la movilidad en toda la zona, “dejando en grave riesgo de desabastecimiento de alimentos, bienes, servicios, y resultando vulnerados los derechos económicos y sociales de estas comunidades”.
La Defensoría del Pueblo solicitó a la fuerza pública valorar los riesgos de confrontación que pueden presentarse en la zona y tomar las medidas que permitan garantizar que la vida y la integridad de la población civil no resulten afectadas.
Le puede interesar: Este es “Chimbo de oro”, presunto disidente que comunidad obligó a soltar en Meta
También señaló que la entidad acompañará a la comunidad y solicitó al Gobierno Nacional “desplegar medidas de atención a las comunidades para que puedan tener respaldo en decisiones autónomas frente al grupo armado ilegal: que les permita superar la instrumentalización de la que son objeto y permitir el ejercicio de autoridad de las instituciones del Estado”.
Este fue uno de los intentos de asonada reportados el fin de semana pasado en el país, por parte del Ministerio de Defensa. El otro hecho de este tipo ocurrió en el deparamento del Meta y con este ya son ocho los episodios de retención de uniformados que se registran en Colombia, en lo corrido del año.
Para conocer más sobre justicia, seguridad y derechos humanos, visite la sección Judicial de El Espectador.",23-09-2025,22-09-2025,Judicial,,Defensoría denuncia presiones de disidencias contra líderes sociales en Huila,https://www.elespectador.com/judicial/defensoria-denuncia-presiones-de-disidencias-contra-lideres-sociales-en-huila/
"El 22 de septiembre de 2005, el estudiante de Química, Jhonny Silva, fue asesinado durante una protesta en la Universidad del Valle. Sus padres continúan clamando justicia, a la espera de una decisión de la Corte Suprema de Justicia.",Ana Sofía Montes Peláez,judicial,"La palabra “impunidad” sigue siendo recurrente en Colombia y atraviesa la historia del asesinato de Jhonny Silva Aranguren, estudiante de Química de la Universidad del Valle. Veinte años después de su muerte, ocurrida el 22 de septiembre de 2005, su nombre continúa siendo símbolo de dolor y resistencia para su familia, que aún busca justicia.
Jhonny tenía 21 años y soñaba con ganar un premio Nobel de Química. Ese día, en medio de protestas contra el Tratado de Libre Comercio con Estados Unidos, el Escuadrón Móvil Antidisturbios (Esmad)...",23-09-2025,22-09-2025,Judicial,Suscriptores,“Era un hijo soñado”: dos décadas de impunidad en el caso Jhonny Silva,https://www.elespectador.com/judicial/era-un-hijo-sonado-dos-decadas-de-impunidad-en-el-caso-jhonny-silva/
"Desde el pasado 4 de julio, la Fiscalía General de la Nación había solicitado formalmente la emisión de la circular roja en contra del exdirector del Departamento Administrativo de la Presidencia de la República, quien pasó de ser alfil del presidente Gustavo Petro a investigado por corrupción.",Redacción Judicial,judicial,"Audio generado con IA de Google
0:00
/
0:00
En la mañana de este lunes 22 de septiembre, la Fiscalía General de la Nación confirmó que desde la Oficina Central de Interpol, con sede en Lyon (Francia), fue emitida la circular roja en contra de Carlos Ramón González, exdirector del Departamento Administrativo de la presidencia de la República (Dapre). El exfuncionario y amigo cercano del presidente Gustavo Petro está asilado en Nicaragua, pero ahora tendrá que responder ante la justicia colombiana.
González, quien el 21 de mayo de este año había sido imputado por su presunta responsabilidad en los delitos de lavado de activos, cohecho por dar u ofrecer y peculado por apropiación en favor de terceros, salió de Colombia en noviembre de 2024. Para entonces, las autoridades ya le seguían la pista por ser, al parecer, el cerebro detrás del entramado de corrupción de la Unidad Nacional para la Gestión del Riesgo de Desastres (Ungrd).
Lea también: Caso Ungrd: quedó en firme la medida de aseguramiento contra Carlos Ramón González
En noviembre de 2024, el exdirector del Dapre salió de Colombia. En principio, no se sabía cuál sería su paradero; sin embargo, luego se supo, por medio de la VPN de su computador, que estaba en Managua (Nicaragua). Aunque en ningún momento la defensa del amigo del presidente confirmó esa información, el pasado 14 de agosto se conoció que el 21 de mayo, el mismo día de su imputación, Nicaragua le renovó la residencia en ese país.
La noticia causó revuelo pues, al parecer, funcionarios de la Cancillería y de la Embajada de Colombia en Nicaragua, habrían mediado para que ese trámite se diera en tiempo récord. Aunque hasta el propio presidente ha negado esos señalamientos, la Procuraduría ya adelanta una investigación para determinar qué sucedió. Un par de días después, el país centroamericano le dio asilo político a González, lo que complicó aún más su retorno a Colombia.
Le puede interesar: Procuraduría hizo inspección a la Cancillería por caso de Carlos Ramón González
¿Quién es Carlos Ramón González?
El otrora alfil del presidente Gustavo Petro y uno de los hombres más cercanos a él en la Casa de Nariño tiene orden de captura en Colombia, pues las declaraciones entregadas a la Fiscalía por los otros implicados en el entramado de corrupción de la Ungrd señalan que él sería el cerebro detrás del desfalco a la entidad pública encargada de atender desastres y emergencias.
Olmedo López y Sneyder Pinilla, exdirectivos de la Ungrd y quienes hoy colaboran con la justicia luego de negociar beneficios jurídicos, lo han señalado directamente. Según las versiones de los exfuncionarios, de González directamente habría salido la orden de entregar dádivas a congresistas para abrirle camino a los proyectos del Gobierno Nacional en el Congreso.
Contenido relacionado: Carlos Ramón González: de alfil de Petro a investigado por corrupción en la Ungrd
Entre lo que Olmedo López ha declarado ante las autoridades, está una supuesta reunión de septiembre de 2023 en la que se habría concretado el pago de coimas a congresistas. El exdirector de la Ungrd ha dicho que en ese encuentro, González dio la orden de entregarle $3.000 millones a Iván Name, expresidente del Senado, como soborno para que destrabaran las reformas pensional y a la salud.
Esa declaración ante la justicia hizo que aparecieran otros dos nombres claves en el expediente: Andrés Calle, expresidente de la Cámara de Representantes y capturado el pasado 7 de mayo, y Sandra Ortiz, exconsejera presidencial para las Regiones y hoy privada de la libertad en una guarnición militar de Bogotá, por su presunta participación en el entramado de corrupción.
Lea: Minjusticia y Cancillería se oponen al asilo político de Carlos Ramón González
Según ha señalado López, la orden de González de entregar los sobornos a Name y Calle, expresidentes del Senado y la Cámara, la habría hecho efectiva Ortiz. Las declaraciones del exdirector de la Ungrd la señalan de haberle entregado los $3.000 millones a Name en un apartamento en Bogotá y de gestionar un soborno extra, de $1.000 millones, que se le habría entregado a Calle en Montería (Córdoba).
Con el anuncio de la imputación del exdirector del Dapre, en mayo de este año, esa versión entregada por López, y corroborada por Pinilla, cobró mayor importancia para la Fiscalía y la Corte Suprema de Justicia. Lo mismo que las pruebas recolectadas por la Sala de Instrucción de la Corte, que permitieron las capturas de Name y Calle, y por María Cristina Patiño, fiscal del caso, y que la defensa de González había pedido no tener en cuenta.
Más contenido: Las campanadas a la Fiscalía para que gestione extradición de Carlos Ramón González
La Corte Suprema negó las pretenciones de la defensa de González y le dio aval a esas pruebas, entre las que hay registros de comunicaciones, rastreos financieros, migratorios, digitales y geográficos, y un elemento clave: las grabaciones de las cámaras de seguridad de la Casa de Nariño, que darían cuenta de la reunión de septiembre de 2023 entre González, Ortiz y López, las caras más visibles del escándalo de corrupción.
Pese a que González negó en su momento ante la Corte Suprema haber dado las órdenes por las que será investigado, la justicia ha encontrado cada vez más razones para creerle a López y Pinilla, los testigos estrella del caso, e intentar comprobar su responsabilidad. Esa es una de las razones por las que la circular roja de Interpol era clave para lograr la captura de González, que regrese al país y comparezca por su presunta participación en el escándalo de corrupción.
Para conocer más sobre justicia, seguridad y derechos humanos, visite la sección Judicial de El Espectador.",23-09-2025,22-09-2025,Judicial,,Interpol emite circular roja contra Carlos Ramón González por caso de la Ungrd,https://www.elespectador.com/judicial/caso-ungrd-interpol-emite-circular-roja-contra-carlos-ramon-gonzalez/
"El caso de Tatiana, una mujer lesbiana que busca el reconocimiento pleno de la licencia de maternidad, es revisado por la Corte Constitucional y abre un debate clave sobre derechos, diversidad familiar y cuidado en Colombia.",Alejandra Ortiz Molano,judicial,"Audio generado con IA de Google
0:00
/
0:00
Mientras el debate nacional se centra en las bajas tasas de natalidad, con discursos que en ocasiones cuestionan la autonomía de las mujeres y los avances en salud sexual y reproductiva, quienes sí desean maternar desde modelos familiares diversos enfrentan barreras para ejercer sus derechos. De esto se trata el caso de Tatiana que, en las últimas semanas, fue seleccionado por la Corte Constitucional para ser revisado y que, de avanzar, podría sentar precedentes en materia de protección de la diversidad, el derecho al cuidado y la eliminación de desigualdades en el ejercicio de maternar.
Tatiana* es una mujer negra y lesbiana que, junto a su pareja, decidió ser madre. Para ello, planearon juntas un proyecto de comaternidad, es decir, una forma de maternidad compartida, reconociéndose ambas como madres, más allá de quién haya gestado o sea la madre biológica. Así, optaron por el método de gestación asistida conocido como ROPA (recepción de óvulos de la pareja) y por un tratamiento de estimulación para la lactancia.
Tatiana aportó sus óvulos, los cuales fueron fecundados mediante fertilización in vitro. El embrión resultante fue implantado en el cuerpo de su pareja. Al mismo tiempo, ella inició un tratamiento hormonal para inducir la producción de leche materna y compartir el cuidado. El nacimiento del bebé se dio en febrero de 2025, de manera prematura y con complicaciones durante el parto que afectaron la salud de la madre gestante. Ante esta situación, fue Tatiana quien asumió el rol principal en el cuidado de los dos.
Durante todo el proceso de gestación, Tatiana informó a sus empleadores sobre el proyecto de comaternidad e inició el trámite para el reconocimiento de la licencia de maternidad. “Sin embargo, el empleador se negó y, luego de la solicitud formal, accedieron a realizar el trámite ante la EPS Sanitas, la cual, pasados unos días, respondió indicando que la licencia reconocida correspondía a 14 días, es decir, a una licencia de paternidad”, explica Sibelys Mejía, directora de Movilización Legal de ILEX, en entrevista con El Espectador.
Según la EPS, en las parejas del mismo sexo no es posible otorgar dos licencias de maternidad por un mismo nacimiento, por lo que deben distribuirse entre una licencia de maternidad, una de paternidad o una compartida. Ante esta negativa, Tatiana decidió interponer una acción de tutela con el acompañamiento de la organización ILEX Acción Jurídica, al considerar que la licencia de paternidad que le fue concedida se basaba en “una interpretación excluyente de su realidad familiar”.
En las dos primeras instancias, los jueces negaron la petición de Tatiana. Aunque reconocieron que ella aportó el material genético y que siguió un tratamiento para poder amamantar, sostuvieron que la licencia de maternidad solo protege a quien enfrenta las afectaciones físicas del embarazo y el parto. Para Dayana Blanco, directora general de ILEX, en conversación con este diario, “ambos jueces realizaron una interpretación restrictiva y biologicista del concepto de maternidad, que excluye a madres como nuestra representada, que desempeñan un rol activo en el proceso de gestación, alimentación y cuidado, pero que no atraviesan por el parto”. Además, agrega que los jueces confundieron la gestación asistida con la gestación subrogada.
¿En qué se diferencia este caso de las licencias parentales ya establecidas?
Un debate similar se presentó en 2022, año en el que la Corte dispuso la modificación de la Ley 2114, que hasta ese momento no contemplaba licencias parentales para parejas del mismo sexo o género que adoptaban hijos o hijas. “Las parejas adoptantes del mismo sexo deberán decidir, por una vez, quién de ellas o ellos será quien gozará de cada prestación, en las mismas condiciones previstas para las familias heteroparentales adoptantes”, indicó la Corte Constitucional ese año.
Sin embargo, el caso de Tatiana es distinto, ya que plantea una discusión que va más allá de la adopción o de las licencias de responsabilidad parental, al poner sobre la mesa una reflexión más amplia sobre los proyectos de comaternidad y los métodos de reproducción asistida. Según explican las expertas, “ambas mujeres (madres) tienen un vínculo biológico, afectivo y de cuidado con la menor nacida como producto de la gestación, en el que existe un acuerdo de comaternidad para participar activamente en el proceso de crianza y en el que ambas madres, especialmente la no gestante, tiene a cargo la lactancia de la menor, en tanto fue sometida a un procedimiento médico para inducir la lactancia”.
Para ellas, la Corte debe reconocer que la maternidad no se reduce a la experiencia física y médica del embarazo y el parto. “El método de reproducción asistida al que se sometieron las madres representa una forma de agencia que desafía el modelo de familia heterosexual y normativo. La accionante aportó sus óvulos y preparó su cuerpo para lactar y establecer un vínculo de cuidado directo”, afirma Mejía. Por lo tanto, al revisar el caso la Corte podría pronunciarse sobre el reconocimiento de estas nuevas configuraciones familiares.
Esto, sumado al hecho de que Tatiana es una mujer negra, principal cuidadora del bebé y de su pareja recién parida con preeclampsia, “constituye un caso paradigmático de discriminación interseccional estructural, que amerita una respuesta judicial específica, reforzada y garantista”, sostiene Dayana Blanco.
El caso evidencia el vacío normativo en torno a las maternidades diversas y los métodos de reproducción asistida. Para la organización, se enmarca en la reciente decisión de la Corte Interamericana de Derechos Humanos (Corte IDH) que, el pasado 7 de agosto, reconoció el cuidado como un derecho humano autónomo y, en consecuencia, estableció que todas las personas deben contar con garantías para cuidar, ser cuidadas y autocuidarse.
Lea más aquí: Histórico fallo de la Corte IDH: el cuidado como un derecho humano autónomo
¿Qué es la comaternidad?
La comaternidad no está legalmente establecida en Colombia, pero en países como México se ha incorporado desde 2019 como una figura propia de familias homoparentales conformadas por dos mujeres. Se refiere al momento en el que la pareja asume conjuntamente el cuidado y la crianza, incluso cuando una o ambas no tengan vínculo genético con sus hijos o hijas.
En varios países de América Latina se han impulsado iniciativas para incorporar la comaternidad al ordenamiento jurídico. Un ejemplo es Chile, donde en 2021 se presentó un proyecto de ley para modificar el Código Civil e incluir esta figura; sin embargo, la iniciativa no prosperó. El proyecto argumentaba que las parejas que acceden a métodos de reproducción asistida deben compartir las responsabilidades del cuidado y contar con un respaldo jurídico igualitario.
Por otra parte, en 2025, un tribunal en Costa Rica otorgó por primera vez una licencia laboral por comaternidad a una familia integrada por dos mujeres, abriendo la posibilidad de que las madres no gestantes accedan a licencias y permisos parentales. La premisa detrás de la decisión es que esta protege los principios de igualdad, el interés superior del menor y la protección especial a la familia, aunque la madre no gestante recibió solo cuatro semanas de licencia.
De acuerdo con ILEX, el caso de Tatiana revela las limitaciones del marco legal frente a las maternidades diversas y la urgencia de garantizar derechos equitativos. La resolución de la Corte Constitucional podría marcar un precedente importante para el reconocimiento de nuevas formas de familia y el acceso justo a licencias y cuidados parentales.
*Nombre ficticio para proteger la identidad de la accionante.
🟣📰 Para conocer más noticias y análisis, visite la sección de Género y Diversidad de El Espectador.
✉️ Si tiene interés en los temas de género o información que considere oportuna compartirnos, por favor, escríbanos a cualquiera de estos correos: lasigualadasoficial@gmail.com o ladisidenciaee@gmail.com.",23-09-2025,22-09-2025,La Disidencia,,El caso con el que la Corte evaluaría la licencia de “comaternidad” para lesbianas,https://www.elespectador.com/genero-y-diversidad/la-disidencia/el-caso-con-el-que-la-corte-evaluaria-la-licencia-de-comaternidad-para-lesbianas/
"Las ofertas están dirigidas a personas con formación básica primaria, secundaria, media, técnica y profesional.",Redacción Bogotá,bogota,"Audio generado con IA de Google
0:00
/
0:00
Esta semana se llevará a cabo una nueva jornada labora en Bogotá. Del 22 al 27 de septiembre, empresas aliadas del Distrito ofrecerán 427 plazas de trabajo.
En esta oportunidad, 255 oportunidades están dirigidas a personas con formación tecnológica, lo que representa cerca del 60% de la oferta laboral de la ciudad.
Lea más: Semana de la bicicleta en Bogotá: conozca la agenda, retos y horarios
De la mano, la oferta también incluye a quienes cuenten con formación básica primaria, secundaria, media, técnica y profesional, así como para aquellas personas que no cuentan con estudios formales.
Más noticias: Usaban apps de citas para drogar y robar a sus víctimas en Chapinero y Teusaquillo
Los sueldos alcanzan hasta 6 salarios mínimos mensuales legales vigentes y lo máximo que exigen es 3 años de experiencia laboral.
“Con esta nueva oferta de 427 puestos de trabajo, en la que cerca del 60% está dirigida a tecnólogos, seguimos ampliando las oportunidades de empleo formal en Bogotá. Los salarios llegan hasta 6 salarios mínimos y lo máximo que se exige son 3 años de experiencia, lo que demuestra que estamos acercando a la ciudadanía a opciones accesibles para mejorar su calidad de vida”, indicó Bibiana Quiroga, subdirectora de Empleo y Formación de la Secretaría de Desarrollo Económico.
¿Cómo postularse?
Las personas interesadas podrán registrar o actualizar su hoja de vida en la página web y aplicar directamente a las vacantes disponibles. Además, podrán acceder a información actualizada sobre más ofertas disponibles.
Cargos disponibles
Le puede interesar: Crece riesgo de trata infantil en Bogotá: investigar y prevenir, una tarea de todos
Para conocer más noticias de la capital y Cundinamarca, visite la sección Bogotá  de El Espectador.",23-09-2025,22-09-2025,Bogotá,,¿Busca trabajo? Conozca la oferta de 427 empleos para esta semana en Bogotá,https://www.elespectador.com/bogota/busca-trabajo-conozca-la-oferta-de-427-empleos-para-esta-semana-en-bogota/
"Nueva Venecia, un pueblo anfibio de la Ciénaga Grande de Santa Marta, está siendo arrasado por una planta invasora llegada de Asia. Ya se tomó más de 700 hectáreas de espejo de agua, atrapando basura y animales. La salud pública, la movilidad y la economía del pueblo pesquero están en riesgo. Pese a que en los últimos años se han invertido más de $14.500 millones en agua potable y otros proyectos, los servicios públicos en esta zona anfibia aún son precarios. ",Nicolás Achury González,politica,"El 9 de septiembre de 2025, la Alcaldía de Sitionuevo declaró calamidad pública en los palafitos debido a la grave amenaza a “la salud pública, la seguridad alimentaria, la movilidad y la economía local”. Con el decreto, se les ordenó a las dependencias municipales gestionar recursos ante el Gobierno Nacional, la Corporación Autónoma Regional del Magdalena (Corpamag) y hasta el Sistema de Gestión de Riesgo de Desastres. Entre aquí y vea todo el reportaje completo sobre la crisis de Nueva Venecia.
La hydrilla, originaria de Asia y de uso común en los acuarios, es ajena al ecosistema de la Ciénaga Grande. Fue identificada por primera vez en noviembre pasado y, diez meses después, ya se estima que cubre más de 700 hectáreas del espejo de agua. “El pueblo ahora mismo no está pasando por un buen momento ambientalmente. Estas aguas están putrefactas, porque están encerradas. Este es un pueblo que toda la vida he visto. Aquí nada se quedaba, nada se estancaba, todo fluía. Y ahora, con la proliferación de esas algas de agua dulce, se ha consumido todo el pueblo”, dijo Amed Gutiérrez, líder comunitario.",23-09-2025,21-09-2025,Política,,"Especie invasora está arrasando a Nueva Venecia, un pueblo anfibio de la Ciénaga",https://www.elespectador.com/politica/especie-invasora-esta-arrasando-a-nueva-venecia-un-pueblo-anfibio-de-la-cienaga/
Los directores de Centro Democrático y Cambio Radical reclamaron por la creciente violencia política en Colombia. Aseguran la existencia de “un riesgo muy grande en nuestro ejercicio político”.,Redacción Política,politica,"Audio generado con IA de Google
0:00
/
0:00
Los directivos de los principales partidos de derecha en Colombia, Gabriel Vallejo (Centro Democrático) y Germán Córdoba (Cambio Radical), alertaron por los altos niveles de violencia política en el país y el “alto riesgo por el que atraviesa la oposición” luego de la alerta emitida por la Unidad Nacional de Protección (UNP) por la falta de recursos logísticos.
Así lo hicieron saber en diálogo con El Espectador al ser consultados por las medidas de seguridad que se han implementado para su protección, asegurando que “estamos sintiendo un riesgo muy grande en nuestro ejercicio político de cara a las elecciones que se avecinan”.
Le sugerimos: “No va a haber vehículos para fortalecer esquemas a los congresistas”: Augusto Rodríguez
Vallejo, director del Centro Democrático, destacó las medidas de seguridad implementadas a los precandidatos de este partido y su líder natural, el expresidente Álvaro Uribe, tras el magnicidio contra el senador Miguel Uribe Turbay, pero alertó que aún más de 20 miembros de esta colectividad a lo largo del país se encuentran en un riesgo máximo para la realización de sus funciones políticas.
“Las UNP está haciendo las evaluaciones de riesgo correspondientes, pero a un ritmo muy lento. Hay unas solicitudes que no se han resuelto que vienen desde el año pasado. En esta entidad nos dicen que hay una limitación de recursos. En algunos casos, donde se requiere, porque así lo determina la evaluación de riesgos, no hay vehículos. La respuesta es muy lenta y preocupante”, reveló.
Por otro lado, desde Cambio Radical la situación, según denuncian, es mucho más crítica. Su director nacional, Germán Córdoba, aseveró que “tras el atentado contra el representante Triana no se ajustaron las medidas de seguridad para los integrantes del partido. De hecho, recientemente el representante Jairo Cristo ganó una tutela contra la UNP, y la respuesta oficial fue que “aún no habían sido notificados del fallo”. Así de frágil es la situación”.
El ataque perpetrado el pasado 13 de agosto en el municipio de La Plata, Huila, volvió a dar eco de la denuncia que ya habían realizado varias colectividades de oposición, que en su momento señalaron la falta de “garantías reales de seguridad. No se puede recorrer el país libremente ni hacer política sin temor. Y todo esto ocurre con pleno conocimiento del Gobierno”.
Según informó a El Espectador el líder político de la colectividad, “hoy todos los congresistas de Cambio Radical han reportado algún tipo de amenaza, y a la fecha la UNP no ha adoptado medida alguna. Todos son además precandidatos al Congreso 2026, y ni siquiera por esa condición se han reforzado los esquemas. Para colmo, la propia UNP afirma que gobernadores, alcaldes, diputados, concejales, ediles y líderes sociales deben someterse a un trámite administrativo aún más lento”.
Finalmente, desde Centro Democrático se hizo un nuevo llamado al presidente Gustavo Petro, “para que cese la estigmatización, el hostigamiento y la violencia verbal del Presidente que no cesa contra los partidos de oposición, y es una responsabilidad plena el jefe de Estado quien no cesa ese hostigamiento”.
¿Qué está haciendo la UNP?
Desde la Unidad Nacional de Protección se han empezado a implementar medidas para los precandidatos. De momento, según dijo su director Augusto Rodríguez a este diario, se ha logrado la protección de 64 aspirantes a la Presidencia. Sin embargo, el llamado por la falta de recursos logísticos se ha agudizado, dado que la entidad requiere cerca de 1000 vehículos blindados para la protección total de los actores políticos en el escenario electoral.
Además, el Comité de Coordinación y Recomendación de Medidas de Protección en el Proceso Electoral ha iniciado visitas a los diferentes partidos para la evaluación de riesgos de seguridad de sus integrantes. Además, según aseveró Rodríguez, “estamos mirando como alternativa para fortalecer la ruta individual es el esquema ligero. Esta se usa ante la escasez de vehículos y ante solicitud de algunas personas que dicen no me pongan vehículo cuatro puertas blindado”.
👁‍🗨 Conozca cómo votan los senadores y representantes a la Cámara en ‘Congreso a la mano’.
👉 Lea más sobre el Congreso, el gobierno Petro y otras noticias del mundo político.
✉️ Si tiene interés en los temas políticos o información que considere oportuno compartirnos, por favor, escríbanos a cualquiera de estos correos: hvalero@elespectador.com; aosorio@elespectador.com; dortega@elespectador.com; dcristancho@elespectador.com; mbarrios@elespectador.com ; lbotero@elespectador.com o lperalta@elespectador.com.",23-09-2025,21-09-2025,Política,,Oposición pide al Gobierno mayores medidas de seguridad durante campaña electoral,https://www.elespectador.com/politica/centro-democratico-y-cambio-radical-piden-al-gobierno-petro-mas-medidas-de-seguridad-para-la-oposicion/
Los precandidatos del uribismo buscarían la fusión de carteras para recortar costes del Estado. Los precandidatos alertaron por un incremento en 40 % en la nómina desde 2022.,Redacción Política,politica,"Audio generado con IA de Google
0:00
/
0:00
El Centro Democrático sigue allanando camino para la elección de su candidato único para la Presidencia y poco a poco sus candidatos revelan las propuestas de un hipotético plan de gobierno en el caso de ser elegidos. Tras su más reciente foro virtual centrado en materia fiscal y funcionamiento, varios de los aspirantes del uribismo han propuesto la eliminación de ministerios y entidades para reducir costes de funcionamiento y enfrentar la crisis fiscal que, según su concepto, dejará la administración Petro.
La primera aspirante en perfilar esta intención fue María Fernanda Cabal, quien tomando el concepto de la Agencia de Eficiencia Administrativa del presidente estadounidense Donald Trump, aseveró que “de manera inmediata libera recursos que ya no van a ser en gasto ineficiente en burocracia y corrupción, sino para los ciudadanos y las empresas”. Y es que según señala la senadora, “hemos creado un estado gigante, impagable y sostenido con una base tributaria y fiscal de las empresas”.
Le sugerimos: Se desató puja partidista por la primera batalla de 2026: la elección de Congreso
Bajo esta línea, Cabal también propone “eliminar, en principio, todas aquellas agencias e institutos que puedan ser eliminadas a través de la vía administrativa”. Dentro de estos sectores la precandidata propone la eliminación de embajada, mientras que en materia de Ministerios “la idea es ir gradual. De 19 a 13 ministerios, luego de 13 a once y finalmente pasar de once a nueve”, sustentando que esto dejaría mayores recursos para los proyectos de la nación.
En este panorama, Miguel Uribe Londoño también perfiló la alternativa proponiendo “recortar 10 billones de pesos en gastos de personal, pues han subido desde 2022 en un 75 %. Además, recortaremos los gastos de funcionamiento en cinco de billones; y la austeridad del estado en dos billones que incluye el ministerio del Deporte y el ministerio de la Igualdad”.
Sin embargo, la propuesta más contundente y desglosada respecto a estas fusiones y/o eliminación de ministerios fue la presentada por Paloma Valencia. La senadora aseveró que “Ministerio de Educación se puede fusionar con Cultura, Recreación y Deporte para que sean todos los temas humanos. Podemos combinar Minas y Energía con Ambiente con el entendido de que vamos a organizar el territorio entre lo que hay que producir y podemos conservar. Podemos fusionar también Transporte con TIC porque esto se trata de conectividad terrestre y el espectro electromagnético”.
La senadora Valencia también detalló que debe existir un recorte en el personal de la Contraloría, las contralorías regionales y los más de 20.000 puestos que se crearon en la Dirección Nacional de Impuestos y Aduanas (DIAN) durante el presente Gobierno.
Por parte de Paola Holguín la propuesta, más allá de ministerios se centró en las embajadas ante el crecimiento “burocrático” en este rubro durante el gobierno Petro. “¿Para qué la FAO si hay embajador en Italia? ¿Para qué embajada en Haití si hay una en República Dominicana?”, cuestionó.
La medida también fue respaldada por el expresidente Álvaro Uribe Vélez, quien además dejó en el aire la posibilidad de “tener nueve ministros, y así, que un ministro se encargue de dos o tres ministerios mientras se van desmontando”.
Puede leer: Anuncian acciones contra presidente de la Cámara por informes sobre la reforma pensional
Esta serie de propuestas, además de dar continuidad con la agenda del principal partido de la oposición, también se presentan en la antesala del encuentro que sostendrán Centro Democrático y Cambio Radical el próximo 15 de octubre en un foro del que se espera, haya una delimitación de estrategias conjuntas para afrontar las elecciones de 2026.
👁‍🗨 Conozca cómo votan los senadores y representantes a la Cámara en ‘Congreso a la mano’.
👉 Lea más sobre el Congreso, el gobierno Petro y otras noticias del mundo político.
✉️ Si tiene interés en los temas políticos o información que considere oportuno compartirnos, por favor, escríbanos a cualquiera de estos correos: hvalero@elespectador.com; aosorio@elespectador.com; dortega@elespectador.com; dcristancho@elespectador.com; mbarrios@elespectador.com ; lbotero@elespectador.com o lperalta@elespectador.com.",23-09-2025,21-09-2025,Política,,Centro Democrático propone eliminar ministerios para reducir gastos de funcionamiento,https://www.elespectador.com/politica/estos-son-los-ministerio-que-precandidatos-de-centro-democratico-buscaria-fusionar-noticias-hoy/
"Entre los citados figuran el consejero comisionado para la Paz, Otty Patiño; el ministro del Interior, Armando Benedetti; el ministro de Justicia, Eduardo Montealegre; y el director de la Unidad para las Víctimas, Adith Rafael Romero.",Redacción Colombia +20,politica,"Audio generado con IA de Google
0:00
/
0:00
Este martes 23 de septiembre, la Comisión Legal de Paz y Posconflicto de la Cámara de Representantes realizará un debate de control político para evaluar los avances en la implementación del Acuerdo de Paz firmado con las FARC en 2016.
La cita está programada para las 11 de la mañana en el Salón Boyacá del Capitolio Nacional.
La sesión fue convocada por los representantes Cristian Danilo Avendaño y Diógenes Quintero, este último de la curul de paz de Catatumbo.
Entre los citados figuran el consejero comisionado para la Paz, Otty Patiño; el ministro del Interior, Armando Benedetti; el ministro de Justicia, Eduardo Montealegre; y el director de la Unidad para las Víctimas, Adith Rafael Romero. A la discusión también fueron convocados organismos de control como la Fiscalía General de la Nación, la Defensoría del Pueblo, la Procuraduría y la Contraloría.
Según el texto de la convocatoria, la Mesa Directiva de la Comisión busca conocer el estado de cumplimiento de los seis puntos del Acuerdo de Paz —reforma rural, participación política, fin del conflicto, solución al problema de las drogas ilícitas, reparación a las víctimas y garantías de no repetición—, de acuerdo con las competencias de cada entidad.
El debate se enmarca en una coyuntura particularmente significativa para la paz en Colombia. La semana pasada, la Jurisdicción Especial para la Paz (JEP) profirió sus primeras sentencias en los macrocasos sobre secuestro y ejecuciones extrajudiciales, conocidos como “falsos positivos”.
Estas decisiones representan un hito en materia de verdad, justicia y reparación a las víctimas, y han reactivado la discusión pública sobre el alcance del sistema de justicia transicional y el compromiso de los exjefes de las FARC y de miembros de la Fuerza Pública con sus responsabilidades.
En entrevista con Colombia+20, Rodrigo Londoño, conocido en la guerra como Timochenko y el último comandante de las extintas FARC, dijo que reconocía dicha sentencia y que seguían firmes en el compromiso de la paz. “El último secretariado asumió la responsabilidad de todo lo que pasó. Convencimos a más de 13.000 hombres de contribuir a esa reconstrucción. En muchas audiencias nos encontramos con que quienes protagonizaron hechos no están con vida, y eso dificulta la reconstrucción. Pero nuestra decisión política fue y sigue siendo reconstruir esa verdad”.
Además, la próxima semana la Misión de Verificación de la ONU en Colombia presentará ante el Consejo de Seguridad su informe trimestral, en el que se hará un balance actualizado sobre la reincorporación de excombatientes, la seguridad en los territorios y el cumplimiento de las medidas pactadas en el Acuerdo. Ese reporte, como es usual, se presentará también ante el Consejo de Seguridad de la ONU.
El debate de control también se hace una semana después de que se conociera la descertificación en materia de lucha contra las drogas de Estados Unidos a Colombia. Esa decisión también tiene implicaciones en el Acuerdo de Paz, que buscaba una salida distinta -la sustitición a economías legales- de los cultivos de uso ilícito.
Con este escenario, el control político de la Comisión Legal de Paz se proyecta como un espacio de contraste entre las expectativas creadas por las instituciones internacionales, las demandas de las víctimas y la ciudadanía, y los compromisos asumidos por el Gobierno en un contexto de múltiples tensiones: desde el rezago en la reforma rural integral y las garantías de seguridad para líderes sociales, hasta los desafíos de la política de Paz Total impulsada por el presidente Gustavo Petro.
✉️ Si le interesan los temas de paz, conflicto y derechos humanos o tiene información que quiera compartirnos, puede escribirnos a: cmorales@elespectador.com; pmesa@elespectador.com o aosorio@elespectador.com.",23-09-2025,21-09-2025,Paz y Memoria,,Congreso hará debate de control político el martes sobre avances del Acuerdo de Paz,https://www.elespectador.com/colombia-20/paz-y-memoria/congreso-hara-debate-de-control-politico-sobre-avances-del-acuerdo-de-paz-con-las-farc-sanciones-jep-descertificacion/
El excanciller solicitó a la comisión de Acusaciones de la Cámara avanzar en las investigaciones; insiste en la realización de exámenes toxicológicos al jefe de Estado.,Redacción Política,politica,"Audio generado con IA de Google
0:00
/
0:00
A través de un documento entregado a la Comisión de Investigación y Acusación de la Cámara de Representantes el excanciller Álvaro Leyva ratificó su versión entregada sobre “comportamientos erráticos” del presidente Gustavo Petro, consignados en las cuatro cartas que ha escrito contra el mandatario nacional.
En el documento revelado por Noticias RCN, el exfuncionario enumera varios episodios en los que el mandatario nacional habría incurrido en faltas, malos comportamientos e incluso habría estado bajo los efectos de sustancias. Por lo mismo, Leyva insistió en la realización de una prueba toxicológica al Presidente, hecho que ya había mencionad en sus primeros escritos.
Le puede interesar: “Fue editado caprichosamente”: Leyva habla nuevamente del audio contra Petro
A través de 33 páginas se habría extendido la versión de Leyva en la que detalla hechos en varios viajes diplomáticos. Por ejemplo, durante su estadía en Davos, Suiza, en enero de 2023, la información entregada por el excanciller detalla que por presuntos malos comportamientos de Petro, fue necesaria la presencia de la “gendarmería”, fuerzas policiales de carácter militar.
En el mismo mes, durante su visita a Chile, acusó que durante un encuentro privado “he de suponer que muy alegre, consumió bebidas alcohólicas, quizá en demasía”. Según su versión, habría sido ayudado por dos meseros y además, canceló eventos de su agenda para el día siguiente como un encuentro con el presidente de la Corte Suprema de ese país. De acuerdo a lo relatado, “no hubi justificación” para la cancelación de los encuentros.
Para febrero de 2023 desde el círculo cercano del presidente Petro se habría solicitado una llamada con el presidente de Turquía, Recep Tayyip Erdogan. Leyva detalla que la gestión la encabezó Laura Sarabia, entonces jefa del despacho de la Presidencia, logrando establecer la comunicación para el día 18. Sin embargo, el excanciller apunta en su documento que no hubo presencia de Gustavo Petro. Una semana después se habría buscado repetir el encuentro, y si bien desde Turquía hubo visto bueno, nuevamente Petro no habría asistido.
Son 82 los relatos entregados por Álvaro Leyva, quien además asegura la presencia de testigos en la mayoría de estos. Allí consigna una incapacidad psiquiatrica del año 2019, cuando Petro ejercía como senador, de la que además aseveró, fue expedida por un especialista con “experiencia en manejo de pacientes con dependencia a drogas, alcohol y trastornos bipolares”.
Puede leer: Se desató puja partidista por la primera batalla de 2026: la elección de Congreso
Por lo anterior, insiste en el avance de las investigaciones en la Comisión que hoy sobre alguno de estos hechos están en poder del representante Carlos Cuenca de Cambio Radical. Sin embargo, el triunvirato también lo conforman Wadith Manzur (Conservador) y Olga Lucía Velásquez (Verde), congresistas que han tenido ciertas cercanías con la Casa de Nariño. En ese documento también se asegura que “de ninguna manera me retractaré, eso no va a suceder”.
👁‍🗨 Conozca cómo votan los senadores y representantes a la Cámara en ‘Congreso a la mano’.
👉 Lea más sobre el Congreso, el gobierno Petro y otras noticias del mundo político.
✉️ Si tiene interés en los temas políticos o información que considere oportuno compartirnos, por favor, escríbanos a cualquiera de estos correos: hvalero@elespectador.com; aosorio@elespectador.com; dortega@elespectador.com; dcristancho@elespectador.com; mbarrios@elespectador.com ; lbotero@elespectador.com o lperalta@elespectador.com.",23-09-2025,21-09-2025,Política,,Álvaro Leyva ratifica acusaciones contra el presidente Gustavo Petro,https://www.elespectador.com/politica/excanciller-alvaro-leyva-insiste-en-acusaciones-contra-presidete-petro-pide-examenes-toxicologicos/
"Tras su renuncia al cargo, luego de una suspensión provisional emitida por el Tribunal Administrativo de Cundinamarca, Florián volverá a la cabeza de esta cartera.",Redacción Política,politica,"Audio generado con IA de Google
0:00
/
0:00
A través del decreto 1012 del 2025 y con fecha de este 21 de septiembre, el presidente Gustavo Petro designó nuevamente a Juan Carlos Florián como ministro de la Igualdad. La decisión se produce días después de su salida de la Cartera por una suspensión provisional emitida por el Tribunal Administrativo de Cundinamarca, y la controversia alrededor de la ley de paridad que, según varios sectores, habría sido quebrantada por parte del Gobierno.
El auto emitido por la Presidencia señala que Florián quedó nombrado a partir de la fecha en el ministerio a tan solo cuatro días que el jefe de Estado hubiese aceptado su renuncia protocolaria, presentada el día 15. Angie Rodríguez, directora del Departamento Administrativo de la Presidencia (Dapre), quien había sido designada como ministra encargada, volverá en pleno a sus funciones en el gabinete.
Le sugerimos: Se confirma el regreso de Juan Carlos Florián al Ministerio de la Igualdad
La salida de funcionario se produjo en medio de una controversia por la presunta violación a la ley de paridad, esto debido a los numerosos cambios presentados en el Gabinete y en el que, tras las salidas de Angela María Buitrago del ministerio de Justicia y de la vicepresidenta Francia Márquez, precisamente de Igualdad, se había señalado esta infracción a la ley colombiana.
Aquí el decreto con el nombramiento
La salida de funcionario se produjo en medio de una controversia por la presunta violación a la ley de paridad, esto debido a los numerosos cambios presentados en el Gabinete y en el que, tras las salidas de Angela María Buitrago del ministerio de Justicia y de la vicepresidenta Francia Márquez, precisamente de Igualdad, se había señalado esta infracción a la ley colombiana.
Sin embargo, desde la Casa de Nariño se señaló que con la designación de una mujer en el ministerio de las TIC se subsanaría esta situación y Florián, sin problema, podría retomar sus funciones ministeriales. Así lo hizo saber el ministro del Interior, Armando Benedetti, quien aseguró que las demandas ahora “pierden sustento”, reafirmando que “el Gobierno cumple con la ley de cuotas”.
Acciones penales
A lo largo de la semana ya se venía estimando este renombramiento. Con las declaraciones del jefe de la cartera política, congresistas señalaron que el Gobierno estaría haciendo uso de “jugaditas para saltarse la ley”. Por ello, según señaló la representante Catherine Juvinao, por su parte serán presentadas “acciones disciplinarias y penales por falta gravísima y fraude a resolución judicial. Gustavo Petro desacatando abiertamente las decisiones de la justicia. Pavoroso”.
Asimismo la senadora Angélica Lozano fue critica con esta situación al afirmar que “nos quieren meter un golazo violando la ley de paridad. La llegada de Juan Carlos Florián al Ministerio de la Igualdad, quien se autodenomina de género fluido por llamarse ‘marica’ es una ofensa con las mujeres”.
Puede leer: Oposición pide al Gobierno mayores medidas de seguridad durante campaña electoral
Y es que es claro señalar que en la Casa de Nariño se afirmó que el ministro Florián ayudaba a cumplir la ley de paridad, puesto que se auto percibía como “persona de género fluido”. Sin embargo, fue esta la decisión que llevó a una suspensión provisional por parte del Tribunal Administrativo de Cundinamarca. Ahora, se espera que se interpongan nuevas medidas contra el jefe de la Cartera, quien retomará con efecto inmediato sus funciones.
👁‍🗨 Conozca cómo votan los senadores y representantes a la Cámara en ‘Congreso a la mano’.
👉 Lea más sobre el Congreso, el gobierno Petro y otras noticias del mundo político.
✉️ Si tiene interés en los temas políticos o información que considere oportuno compartirnos, por favor, escríbanos a cualquiera de estos correos: hvalero@elespectador.com; aosorio@elespectador.com; dortega@elespectador.com; dcristancho@elespectador.com; mbarrios@elespectador.com ; lbotero@elespectador.com o lperalta@elespectador.com.",23-09-2025,21-09-2025,Política,,Gobierno Petro vuelve a designar a Juan Carlos Florián como ministro de la Igualdad,https://www.elespectador.com/politica/juan-carlos-florian-vuelve-al-ministerio-de-la-igualdad-presidente-petro-ya-firmo-el-decreto/
El ponente de la primera sentencia de la JEP en el caso de secuestros de las Farc habló con ,Redacción Judicial,judicial,"El magistrado Camilo Andrés Suárez Aldana, ponente de la primera sentencia de la Jurisdicción Especial para la Paz (JEP) contra el último secretariado de las Farc por hechos de secuestro, habló con El Espectador sobre la histórica decisión. Aseguró que la inconformidad de algunas víctimas se veía venir, pero que son ellas las que estuvieron en el centro de la decisión en todo el proceso. También, se refirió a la construcción de la decisión y explicó puntos claves del fallo.
¿Por qué esta sentencia marca un hito en la justicia...",23-09-2025,21-09-2025,Judicial,Suscriptores,"“Sentenciamos para transformar y tener un mejor futuro”, magistrado Camilo Suárez",https://www.elespectador.com/judicial/sentenciamos-para-transformar-y-tener-un-mejor-futuro-magistrado-camilo-suarez/
"Al parecer, estas personas hacían parte de una red dedicada al tráfico de drogas desde Colombia hasta Centroamérica y Estados Unidos. Esto es lo que se sabe del grupo.",Redacción Judicial,judicial,"Audio generado con IA de Google
0:00
/
0:00
Siete hombres, que serían integrantes de un grupo criminal dedicado al narcotráfico, fueron enviados a prisión. Las autoridades colombianas y el FBI de los Estados Unidos les seguían la pista desde hace meses, por, supuestamente, enviar cocaína desde Colombia hacia países de Centroamérica y a Estados Unidos.
A los siete hombres les fue dictada medida de aseguramiento en centro carcelario a los presuntos integrantes del grupo narcotraficante autodenominado “Los del Dorado”. Según las averiguaciones de las autoridades, estarían involucrados en la cadena de producción de cocaína y posterior envío al exterior.
Estas personas son Edilson Palacio Orjuela, alias Calvo; Orlay Sánchez Rojas, alias Negrito; Daniel Valencia Echeverry, alias Daniel; Robinson Andrés Galvis Gómez, alias Calero o Calen; Hicswober Polanía Sánchez, alias Ober o La Gata; Dubán Ferney Ceballos Henao, alias Paisa o Jetón; y José Adier Ortiz Eberrei, alias Jota.
Según la Fiscalía, estas personas “serían las responsables de obtener pasta base de coca en Nariño, ocultarla en vehículos de carga y trasladarla a laboratorios clandestinos ubicados en zona rural del Puerto Triunfo (Antioquia)”. Desde ese departamento, dice la investigación, la sustancia “era procesada y convertida en clorhidrato de cocaína, y finalmente transportada al Caribe colombiano para coordinar su salida por vía marítima”.
Con esa información, el ente investigador les imputó los delitos de tráfico, fabricación o porte de estupefacientes agravado; cohecho por dar u ofrecer; y concierto para delinquir agravado. Sin embargo, ninguno de los investigados los aceptó.
Las pruebas dan cuenta de que Palacio Orjuela sería el líder de la organización. Sánchez Rojas y Valencia Echeverry, dice la Fiscalía, se encargarían de comprar y movilizar la pasta base de coca, mientras que Polanía Sánchez y Ortiz Eberrei estarían vinculados al transporte de los narcóticos. Asimismo, Galvis Gómez y Ceballos Henao tendrían a su cargo la producción de la cocaína en la región del Magdalena Medio.
Estos siete presuntos integrantes de “Los del Dorado” fueron capturados en operaciones adelantadas entre la Fiscalía y la DIJIN de la Policía, FBI, en Puerto Boyacá (Boyacá), Puerto Triunfo y Envigado (Antioquia), Palmira (Valle del Cauca) y Florencia (Caquetá).
Para conocer más sobre justicia, seguridad y derechos humanos, visite la sección Judicial de El Espectador.",23-09-2025,21-09-2025,Judicial,,"Con ayuda del FBI, fueron enviados a prisión siete presuntos narcos de “Los del Dorado”",https://www.elespectador.com/judicial/con-ayuda-del-fbi-fueron-enviados-a-prision-siete-presuntos-narcos-de-los-del-dorado/
"De acuerdo con la información de la Fiscalía, alias “La tía” ofreció $100 millones a un oficial del Ejército para que líderes del grupo criminal pudieran evadir a las autoridades.",Redacción Judicial,judicial,"Audio generado con IA de Google
0:00
/
0:00
Teresa Jaramillo Giraldo, alias “La tía”, fue condenada a cuatro años de prisión por haber sobornado a integrantes del Ejército para que le pasaran información al Clan del Golfo. De acuerdo con la Fiscalía, la mujer trabajó de la mano con un cabo retirado de la institución, el cual ayudaba a ofrecer dádivas.
La mujer suscribió un preacuerdo con la Fiscalía, en el cual aceptó su participación en una red de corrupción, que estaba al servicio de la subestructura Arístides Mesa Páez del Clan del Golfo. Según las pruebas, se encargaban de entregar dinero a algunos integrantes de las fuerzas militares a cambio de información confidencial que permitiera a los líderes de la organización criminal evadir a las autoridades.
La condena fue impuesta por los delitos de concierto para delinquir agravado y cohecho por dar u ofrecer. Alias “La tía”, según las pruebas, “articulaba a un grupo de personas que contactaba a militares y les pagaba determinadas sumas de dinero a cambio de detalles sobre los movimientos de las tropas y las operaciones contra el Clan del Golfo en las regiones del Magdalena Medio y Sur de Bolívar”.
Dentro de esos mismos hechos, fue condenado recientemente el cabo primero en retiro del Ejército, Juan David Caicedo Lucumí. Este exuniformado, por orden de “La tía”, ofreció a un oficial $100 millones por datos privilegiados de su unidad militar.
Asimismo, fueron condenados Daniel Henao Hernández y Luis Fernando Zapata Jaramillo, este último, hijo de alias “La tía”. Estos dos hombres fueron los encargados de desembolsar cada uno $25 millones a otro uniformado en Medellín (Antioquia), entre octubre de 2024 y enero de 2025.
Para conocer más sobre justicia, seguridad y derechos humanos, visite la sección Judicial de El Espectador.",23-09-2025,21-09-2025,Judicial,,Condenan a mujer que pagaba a militares para que entregaran información al Clan del Golfo,https://www.elespectador.com/judicial/condenan-a-mujer-que-pagaba-a-militares-para-que-entregaran-informacion-al-clan-del-golfo/
El ministro Pedro Sánchez se refirió a la imposibilidad de capturar a alias “Chimbo de oro” por la interferencia de la comunidad. Asegura que tomará acciones judiciales y reiteró las recompensas por quienes instrumentalizan a los civiles.,Redacción Judicial,judicial,"Audio generado con IA de Google
0:00
/
0:00
Tras las dos asonadas en contra del Ejército ocurridas este fin de semana, el ministro de Defensa, Pedro Sánchez, se refirió a los hechos y rechazó la instrumentalización de los grupos armados sobre la población civil. El jefe de la cartera se refirió especialmente a lo ocurrido en La Macarena (Meta), donde se impidió la captura de alias “Chimbo de oro”, presunto líder de las disidencias de alias Calarcá.
Además de condenar el hecho, el ministro Sánchez aseguró que los grupos armados que usan como escudo a los civiles ""siguen violando el derecho internacional humanitario cometiendo crímenes de guerra, crímenes de lesa humanidad, al atacar sistemáticamente a la población civil para que nuestras comunidades a la vez cometan delitos al interrumpir la función constitucional de nuestra fuerza pública"".
El alto funcionario se refirió también a lo ocurrido en Belén, municipio de La Plata (Huila), en donde el avance de dos pelotones del Ejército fue impedido por la comunidad, que los obligó a irse del lugar. “Sabemos que dentro de esas personas hay integrantes de esta estructura criminal”, aseguró el ministro. Agregó que el repudio a estas acciones no debe ser solo nacional, sino internacional. Además, sostuvo que “hay unas denuncias que estamos avanzando, porque aquí vimos unos delitos claros que no podemos dejar pasar por alto”.
De igual manera, se dirigió hacia los civiles, a quienes les dijo que “nosotros estamos para protegerlas, pero también Los invitamos a la reflexión, que cuando le cierran las puertas a la fuerza pública, se las abren al crimen, a la violencia, al reclutamiento forzado, a la sangre, el dolor y las lágrimas en los territorios”. El ministro también dijo que “detrás de estos crímenes está alias Popoche, pero también alias Pinzas”. Pidió a la comunidad denunciar presiones y recordó que “hay una recompensa de hasta $100 millones por identificar, individualizar y llevar a la justicia a quienes están detrás de estos crímenes de lesa humanidad”.
Según expresó Sánchez, “cuando nuestra fuerza pública avanza sin doblegarse ante la adversidad para neutralizar la amenaza, la respuesta a esos criminales como las disidencias de alias Mordisco o alias Calarcá es una respuesta cobarde y desesperada, utilizando a la población como escudos humanos, utilizando a los niños, a las mujeres para frenar un avance de nuestra fuerza pública que ellos no pueden contener”.
Desde la cartera agregaron que las comunidades puedes denunciar estos hechos, con absoluta reserva, en las líneas gratuitas nacionales 107, 147, 157 y 165. Así, señalan, pueden ayudar a prevenir el narcotráfico, homicidio, desplazamiento forzado, extorsión y reclutamiento forzado de menores, entre otros.
Para conocer más sobre justicia, seguridad y derechos humanos, visite la sección Judicial de El Espectador.",23-09-2025,21-09-2025,Judicial,,"“Atacan a la población civil para que cometa delitos”, mindefensa sobre asonadas",https://www.elespectador.com/judicial/atacan-a-la-poblacion-civil-para-que-cometa-delitos-mindefensa-sobre-asonadas/
"Ana Manuela Ochoa, presidenta de la Sección de Reconocimiento de Verdad de la Jurisdicción Especial para la Paz (JEP), habló sobre el proceso para la construcción de la primera sentencia sobre falsos positivos. Se refirió a los dolores que le causó el caso y enfatizó en que las víctimas deben estar en el centro de todo.",Gustavo Montes Arias,judicial,"La magistrada Ana Manuela Ochoa redacta fallos judiciales y en los tiempos libres, que son escasos, teje mochilas. Además de tejedora, es la presidenta de la Sección de Reconocimiento de Verdad de la Jurisdicción Especial para La Paz (JEP) y la ponente de la primera sentencia de tipo restaurativo contra exmilitares responsables de 135 casos de falsos positivos en el Batallón La Popa, de Valledupar (Cesar).
En diálogo con El Espectador, la togada habló sobre la mochila en la que depositó el fallo sobre violencias sufridas por su...",23-09-2025,21-09-2025,Judicial,Suscriptores,“Los relatos de falsos positivos deberían asustarnos”: magistrada de la JEP,https://www.elespectador.com/judicial/los-relatos-de-falsos-positivos-deberian-asustarnos-magistrada-de-la-jep/
"Cuando tropas del Ejército y miembros de la Fiscalía habían materializado la captura, una asonada de la comunidad de Belén, en La Macarena (Meta), obligó a que los uniformados lo soltaran. Este es su prontuario.",Redacción Judicial,judicial,"Audio generado con IA de Google
0:00
/
0:00
Oliver Lozano Serna, alias “Chimbo de Oro”, sería un integrante de las disidencias de las Farc con más de 12 años de trayectoria delictiva. Este fin de semana, el Ejército y la Fiscalía llegaron a hasta la zona de Belén, en La Macarena (Meta), para hacer efectiva una orden de captura en su contra. Aunque lo lograron, tuvieron que dejarlo ir, porque quedaron en medio de una asonada que pedí dejar ir al hombre.
¿Quién es alias “Chimbo de oro”?
De acuerdo con información de inteligencia militar, Lozano Serna, conocido en las filas disidentes como “Chimbo de oro”, es un criminal que ha ocupado distintos cargos dentro de grupos armados. De acuerdo con la institución, este hombre hizo parte de estructuras residuales como el Frente 40, el Frente Séptimo y, en los últimos años, la estructura Ever Castro, del Bloque Jorge Suárez Briceño, de las disidencias de las Farc que están bajo el control de alias “Calarcá”.
La investigación de las autoridades lo señala actualmente como el responsable logístico del grupo armado. Además, le atribuyen acciones ilegales como el cobro de extorsiones a ganaderos y comerciantes, el reclutamiento de menores de edad, inteligencia delictiva contra la fuerza pública y comunidades.
Asimismo, es señalado de ser el responsable del desplazamiento forzado de campesinos para apoderarse de tierras, así como homicidios selectivos. De igual manera, en su prontuario se menciona que es testaferro de la estructura, maneja bienes y cabezas de ganado en zonas rurales de La Macarena (Meta).
¿Dónde opera?
Según la información en poder de la fuerza pública, alias “Chimbo de oro” tiene incidencia criminal en veredas de La Samaria, Guaduas, Caño Limón, Alto Villanueva, bajo Villavicencio, El Clocy y Villa Rica, de La Macarena (Meta). De acuerdo con las autoridades, su permanencia en esta región “fortalece las economías ilícitas y el control de corredores estratégicos de movilidad empleados para el narcotráfico y el tráfico de armas”.
La orden de captura que pesa en su contra es por los delitos de reclutamiento ilícito, concierto para delinquir agravado, fabricación, tráfico y porte de armas y municiones de uso restringido, entre otros.
La fuerza pública sostiene que su captura habría permitido un avance significativo en contra del grupo ilegal en el Meta, pues es un hombre “con capacidad de mando, control de recursos y amplia influencia sobre comunidades instrumentalizadas para proteger actividades ilícitas”.
Para conocer más sobre justicia, seguridad y derechos humanos, visite la sección Judicial de El Espectador.",23-09-2025,22-09-2025,Judicial,,"Este es “Chimbo de oro”, presunto disidente que comunidad obligó a soltar en Meta",https://www.elespectador.com/judicial/asonadas-este-es-chimbo-de-oro-presunto-disidente-que-comunidad-obligo-a-soltar-en-meta/
,Daniela Cristancho,politica,,23-09-2025,20-09-2025,Política,,,https://www.elespectador.com/politica/historia-nueva-venecia-magdalena-sobrevive-a-peligrosa-especie-invasora/
"La ministra de Relaciones Exteriores, Rosa Villavicencio, cuestionó las operaciones militares ordenadas por la Casa Blanca en el mar Caribe. Descartó que sea con motivo de lucha contra las drogas.",Redacción Política,politica,"Audio generado con IA de Google
0:00
/
0:00
En medio de tensiones con los Estados Unidos tras la descertificación a Colombia en la lucha antidrogas, la canciller Rosa Villavicencio cuestionó los operativos militares que ha adelantado la flota naval enviada por Washington en el mar Caribe. Según destacó la jefa de relaciones exteriores, esta representa una “desmesurada presencia militar” que no está relacionada con la lucha contra las drogas.
En diálogo con la agenda AFP, Villavicencio cuestionó los ataques a diversas embarcaciones que, según la inteligencia de la Casa Blanca, hacen parte de organizaciones “narcoterroristas” y en su mayoría el tránsito por aguas del Caribe se debe al transporte de estupefacientes hacia el norte del continente.
Le sugerimos: “Fue editado caprichosamente”: Leyva habla nuevamente del audio contra Petro
“El bombardeo a las embarcaciones (...) nos parece que no es la manera desde el punto de vista de la legalidad”, dijo Villavicencio. Además, la Canciller aseguró que “por supuesto, Venezuela está preocupada, como está toda la región, por la posibilidad de una intervención. Nosotros defendemos la soberanía de la región y reafirmamos la declaración de América Latina como territorio de paz, por eso no se corresponde esa presencia desmesurada militar en la región”.
La situación ya había sido abordada con anterioridad por la canciller en diálogo con El Espectador. Durante la entrevista remarcó la tensión que se extiende en la región, “pero debido a las conversaciones que hemos tenido con el embajador (John McNamara), con sus representantes y también con los congresistas que nos visitaron hace unas pocas semanas, que son de origen colombiano, pues pudimos concluir que no hay intención de una intervención”.
En ese mismo diálogo la jefa de cartera enfatizó en que la posición con el régimen de Nicolás Maduro no ha cambiado, pues desde el Estado colombiano no se reconocen el resultado de las elecciones de las cuales, a la fecha aún no se han presentado las actas electorales. Además, Villavicencio explicó al ser cuestionada sobre si en Venezuela hay una democracia que “es un Estado que ha tenido unas herramientas democráticas, que tiene unas instancias en donde últimamente han devenido en situaciones no muy ajustadas a lo que sería un proceso electoral, con toda la transparencia, y eso es lo que hemos dicho”.
Puede leer la entrevista completa: “No hay intención de una intervención”: Colombia descartó golpe de EE. UU. a Venezuela
Sus declaraciones llegan en el auge de las tensiones entre la administración de Donald Trump y el presidente Gustavo Petro con motivo de la descertificación anunciada el pasado lunes. De hecho, la funcionaria ya había afirmado que en caso de una decisión negativa por parte de los Estados Unidos – como terminó sucediendo – esta sería fundamentalmente sustentada en aspectos políticos y no técnicos.
Una descertificación “política”
Sobre la decisión emitida por la Oficina Oval sobre la descertificación en la lucha antidrogas, la canciller Villavicencio también se pronunció de forma reciente. Inicialmente aseveró que “no refleja los grandes esfuerzos del país para evitar que la droga inunde las principales calles del mundo. No se puede desconocer a efectividad de nuestras fuerzas armadas en combatir a los grupos organizados del crimen transnacional”.
La Canciller aseguró que cada 40 minutos se destruyen laboratorios y/o estructuras para la producción de estupefacientes, sustentadaen datos del ministerio de Defensa.
👁‍🗨 Conozca cómo votan los senadores y representantes a la Cámara en ‘Congreso a la mano’.
👉 Lea más sobre el Congreso, el gobierno Petro y otras noticias del mundo político.
✉️ Si tiene interés en los temas políticos o información que considere oportuno compartirnos, por favor, escríbanos a cualquiera de estos correos: hvalero@elespectador.com; aosorio@elespectador.com; dortega@elespectador.com; dcristancho@elespectador.com; mbarrios@elespectador.com ; lbotero@elespectador.com o lperalta@elespectador.com.",23-09-2025,20-09-2025,Política,,Cancillería rechaza “desmesurada presencia militar” de EE. UU. en la región ,https://www.elespectador.com/politica/venezuela-esta-preocupada-cancilleria-rechaza-operaciones-militares-de-estados-unidos-en-el-mar-caribe-noticias-hoy/
Congresistas señalan irregularidades en la más reciente información remitida a la Corte Constitucional para lograr la aprobación de esta ley. Insisten que las actas no han sido aprobadas,Redacción Política,politica,"Audio generado con IA de Google
0:00
/
0:00
Una nueva controversia se desató alrededor de la reforma pensional luego de que el presidente de la Cámara de Representantes, Julián López, remitiera el último informe sobre la aprobación de las actas de las sesiones extraordinarias en las que presuntamente se subsanaron los vicios de la ley pensional.
Integrantes de esta corporación aseguraron que se cometieron nuevas irregularidades en este trámite solicitado por la Corte Constitucional para evaluar la ponencia sobre la legitimidad de la Ley 2381 de 2024. De acuerdo con las denuncias de las representantes Lina María Garrido y Katherine Miranda, el más reciente informe tanto López como el procurador General, Gregorio Eljach, están cometiendo “falsedad ideológica y fraude procesal”.
Le interesa:Nace Alianza por la Democracia, una apuesta para proteger las elecciones 2026
La congresista de Cambio Radical señala que en el informe emitido el pasado 5 de septiembre no confirmaba la aprobación de las actas, especialmente de la 256 en la que se referencia la sesión extraordinaria del 27 de junio cuando se realizó el anuncio para debate de la ley pensional. Garrido apunta que ahora, tras un concepto no vinculante emitido por Procuraduría sí reconocen la aprobación de estos documentos por parte de la plenaria de la Cámara.
“Ojo Corte Constitucional, el Procurador y el presidente de la Cámara quieren inducirlos a un error. El acta 256 no está aprobada”, aseguró la congresista. Quien fuese segunda vicepresidenta de la corporación durante la legislatura anterior, recalcó que la asistencia de 79 congresistas no es suficiente para dar discusión a ningún proyecto, pues se requiere un mínimo de 94 para la aprobación del orden del día, y con ello, el anuncio de proyectos.
Caso similar detalló Katherine Miranda (Alianza Verde), cuestionó que “esa misma votación se repitió 3 veces antes con idénticos resultados. Si las anteriores no fueron válidas, ¿por qué sí la última? Eso es un vicio de procedimiento y el documento enviado hoy a la Corte Constitucional puede constituir falsedad en documento público”. Es por lo anterior que desde la Cámara emprenderían acciones legales bajo los delitos de falsedad en documento público y fraude procesal.
¿Qué sigue para la reforma pensional?
El trámite de esta ley culminó en el Congreso en junio de 2024 y se esperaba su entrada en vigor en el mismo mes de 2025. Sin embargo, una serie de acciones jurídicas frenó la puesta en marcha de la ley 2381, que además, durante su estudio en la Corte Constitucional por parte del magistrado Jorge Enrique Ibáñez determinó una serie de vicios de trámite sustentados en la falta de debate en la plenaria de la Cámara de Representantes.
Por ello, desde el alto tribunal se emitió un oficio para que la corporación subsanara el vicio al cierre de la legislatura (16 de junio) anterior. Este proceso se desarrolló entre los días 27 y 28 de junio, pero desde el llamado a las sesiones extra generó controversia, puesto que algunos congresistas aseguran que el decreto que llamó a esta sesión era ilegal, siendo uno de los puntos estudiados por el magistrado Ibáñez.
Ahora que se cumplieron los plazos para la presentación de las actas solicitadas por la Corte, se espera que el magistrado radique la ponencia para emitir concepto definitivo sobre esta ley. Este documento sería radicado en los próximos días y su votación no tardaría mucho en la sala plena del alto tribunal en donde se estima, el gobierno no cuenta con las mayorías.
Puede leer: Presidente de la Cámara envió a la Corte Constitucional actas sobre la pensionalEn un nuevo llamado previo la decisión del presidente de la Corte Constitucional, el presidente Gustavo Petro defendió la legalidad del proceso. Tras el envío de las actas, el mandatario nacional señaló que “efectivamente la carta del presidente de la Cámara, muestra que hubo mayoría constitucional en la sesión donde se aprobó la conciliación de la reforma laboral y efectivamente el acta de dicha sesión fue aprobada”. Bajo su concepto, el jefe de Estado aseguró que “el acta de la sesión de anuncio del tema, efectivamente se efectuó en sesión con quórum deliberatorio, porque los anuncios no necesitan de quórum decisorio”, razón por la que espera no hayan más “dilaciones” en la aprobación de esta ley.
👁‍🗨 Conozca cómo votan los senadores y representantes a la Cámara en ‘Congreso a la mano’.
👉 Lea más sobre el Congreso, el gobierno Petro y otras noticias del mundo político.
✉️ Si tiene interés en los temas políticos o información que considere oportuno compartirnos, por favor, escríbanos a cualquiera de estos correos: hvalero@elespectador.com; aosorio@elespectador.com; dortega@elespectador.com; dcristancho@elespectador.com; mbarrios@elespectador.com ; lbotero@elespectador.com o lperalta@elespectador.com.",23-09-2025,20-09-2025,Política,,Anuncian acciones contra presidente de la Cámara por informes sobre la reforma pensional ,https://www.elespectador.com/politica/reforma-pensional-denuncian-nuevos-vicios-de-tramite-por-parte-del-presidente-de-la-camara-de-representantese/
El director de la UNP destacó las dificultades que está teniendo el gobierno para cubrir la demanda de protección para aspirantes presidenciales y al Congreso. Se necesitan 1.000 vehículos y los procesos de licitación han sido declarados desiertos.,Redacción Política,politica,"Audio generado con IA de Google
0:00
/
0:00
Con un ramillete de 107 candidatos a la Presidencia, las solicitudes para protección de los aspirantes a la Casa de Nariño se han desbordado, anticipando una falta de recursos en medio de una temprana carrera electoral. Em diálogo con El Espectador, el director de la Unidad Nacional de Protección (UNP), Augusto Rodríguez Ballesteros, profundizó los problemas que busca saldar el Gobierno y las alternativas que se están explorando para solventar esta crisis.
¿Qué pasa con los vehículos de protección a precandidatos presidenciales?
Básicamente lo que ocurrió es que al presentarse esta situación de solicitudes de protección que no existían antes, que se salen de lo normal, escasean los recursos. Nosotros antes no protegíamos precandidatos; hemos protegido siempre candidatos y hemos protegido políticos. Pero en el trance de hacerse elegir y sin haber inscrito las candidaturas, esos precandidatos antes no se tenían.
Las candidaturas se entienden en los tres últimos meses del proceso electoral, ósea, cuando se cierra el calendario electoral. De allí en adelante los que quedaron inscritos ya son candidatos y son los que van a aparecer en los tarjetones. Eso dura tres meses.
Puede leer: Estos son los enredos que busca atajar el Gobierno para la protección de candidatos
Pero aquí ocurrió una cosa compleja que fue el atentado y homicidio del doctor Miguel Uribe Turbay. Ello constituyó una situación que había la necesidad de entrar a estudiar y tomar medidas. Asesinaron a un precandidato, a una persona que había anunciado que iba a ser candidato, entonces en esa categoría que no existía, nos tocó extender el tiempo de protección.
Para cubrir eso necesitamos vehículos, muchos más vehículos. En la UNP convocamos un proceso licitatorio en el que se plantearon vehículos convencionales y vehículos blindados, pero el resultado fue que en un porcentaje muy alto no se presentaron ofertas y por lo tanto se declararon desiertas.
¿Cómo evalúan el tipo de seguridad para un precandidato?
Nosotros hacemos el estudio de riesgo de la entidad y con la Policía se determinan las medidas de acuerdo con el nivel de riesgo que se den. Se hizo necesario tanto para candidaturas presidenciales como las de Congreso empezar a ir dando esquemas de protección en ese periodo de campaña.
Para ello se adelantó el CORMPE (Comité de Coordinación y Recomendación de Medidas de Protección en el Proceso Electoral), que es el espacio donde diferentes autoridades como el Ejército, la Policía y la Unidad Nacional de Protección, junto con el Ministerio del Interior, evalúan los riesgos de precandidatos. A este proceso tocó agregarle ocho meses más en los que se tuvo que hacer la extensión de la protección para ese periodo.
Eso implica que además de lo inusitado que esta situación generó en medio de los posibles candidatos, mucha gente asustada empezó a pedir medidas de protección. Y las medidas de protección normalmente las están pidiendo son de carácter fuerte.
Le sugerimos: UNP advierte dificultades para la protección de precandidatos presidenciales
¿Cuántas solicitudes de protección se tienen previstas y cuántas se están estudiando?
En este momento ya llevamos 64, porque había algunas en proceso que ya se evacuaron y ya tenemos 64 solicitudes de precandidaturas que han sido atendidas para la Presidencia.
El número de precandidaturas al Congreso está creciendo en este momento, está por ahí cerca de los 50 aspirantes, muchos de ellos son congresistas que ya tienen medidas de protección y que tienen vehículos. Pero la situación es que muchos de ellos están pidiendo que se les fortifique los esquemas que tienen y aquí es cuando empezamos a tener dificultades.
No va a haber vehículos disponibles para fortalecerle esquemas a los congresistas que ya tienen vehículos. Vehículos en el número plural, vehículos blindados en su protección.
¿Y la proyección en estos próximos meses de cuántos es?
Estamos muy preocupados porque nosotros tenemos en este momento un número cercano a los 290 parlamentarios. Y supongamos que todos quieran repetir, entonces todos ahorita se nos convierten en precandidatos. Y si todos están pensando que se les va a reforzar los esquemas que ya tienen vehículos blindados, con más vehículos blindados, pues va a ser imposible.
El llamado es prácticamente para que tengan en cuenta que ellos son una población protegida. Aquí podríamos hablar de que el riesgo es de todas maneras alto. Y que muchas veces, a pesar de que haya protección muy alta, de todas maneras se ejecutan atentados y eso ocurre no solamente aquí sino en todas las latitudes.
La protección no solamente es elementos, personas de protección, escoltas, vehículos blindados sino también muchas veces la disposición y la autoprotección. Una serie de elementos que las mismas campañas deben estar previendo.
Le puede interesar: 107 nombres y contando: así avanza la puja por suceder al presidente Petro
Es decir, en lo posible no hacer actos en espacios abiertos cuando no está la seguridad de que las entidades territoriales en las que se realice concurran a la protección porque los primeros respondientes en el tema de la protección y la seguridad no es la UNP o la Policía, es el ente territorial que tiene autoridad sobre otras autoridades como la propia Policía o el Ejército, puede determinar formas de protección.
Aquí eso no se ha tenido muy en cuenta, sobre todo en este escenario de precampaña que es un poco desordenado porque todavía no hay oficialidad de los partidos y como es una cosa en borrador, pero que de todas maneras los precandidatos salen a los territorios y sabemos que la situación de seguridad está difícil.
Ahora, hay que tener en cuenta que hay una situación difícil, ya no tanto por recursos económicos porque el Estado, el gobierno, el Ministerio de Hacienda ha venido haciendo esfuerzos grandes y digamos que hemos podido movernos, pero el problema es que tenemos que ejecutar con los vehículos. No hay vehículos blindados y convencionales tampoco. Estamos en un momento crítico. La UNP está buscando otras alternativas.
En ese sentido ¿qué tantos vehículos se requieren?
Nosotros hemos protegido a los aspirantes con lo que había, pero nosotros no podemos descuidar a las otras poblaciones, a los líderes sociales, a los líderes comunales que han sido víctimas principales dentro de estos procesos violentos por los que hemos atravesado las diferentes regiones, los desplazados, las personas reclamantes de tierras, los líderes ambientales, periodistas y las demás poblaciones que atendemos desde la unidad nacional de protección. Todas estas poblaciones hay que mantenerles y hay que preocuparnos mucho por su protección.
Y pues no vamos a decir que entonces le damos a los candidatos y descuidamos o les quitamos a las regiones. Eso no se puede hacer. Aquí se trabaja, la entidad trabaja por demanda de protección y cuando el riesgo que es la variable que determina qué tipo de protección hay que dar, y marca que hay que poner medidas fuertes, toca hacerlo.
Aquí llamamos a la solidaridad, sobre todo a la solidaridad de los que tienen en este momento medidas de protección, que utilicen, por ejemplo, cuando se van a desplazar a un territorio, manden en avanzada a uno de sus carros blindados, porque la entidad no tiene en territorio vehículos disponibles para hacerles recibimiento a cada uno cuando se están desplazando a la región a hacer campañas. Eso sería imposible.
Pero ¿de cuánto es la demanda de aparatos logísticos para protección?
El Congreso de la República, las dos cámaras, no se comprometieron a firmar en el convenio que se hizo con la UNP en este servicio, que es de apoyos en los territorios a los que ya no se comprometió. Eso sencillamente pudo ser por los costos, porque un vehículo blindado diariamente está cercano a los 7 millones de pesos.
Estamos buscando 1.000 vehículos porque necesitamos no solamente para el tema electoral. Necesitamos para todo, porque ha habido una avalancha de solicitudes de protección. Para el Gobierno es muy importante la ruta colectiva.
Siga con nosotros: Ajustes en el Congreso a la doble militancia serían salvavidas para unidad del Pacto
Finalmente ¿qué medidas plantean integrar para este proceso?
Estamos explorando con Fuerzas Militares, además de salir de nuevo a licitación, la opción de conseguir vehículos en los países vecinos. No hemos hablado de Venezuela, porque no lo hemos explorado, pero estamos mirando otros países para analizar si pudiéramos obtener vehículos y que pudiéramos hacer algún tipo de transacción gobierno a gobierno. Sin embargo, se está explorando apenas.
Lo que sí estamos mirando como alternativa para fortalecer la ruta individual es el esquema ligero. Esta se usa ante la escasez de vehículos y ante solicitud de algunas personas que dicen no me pongan vehículo cuatro puertas blindado. Las personas prefieren que se les dé un apoyo económico para que ellos con el apoyo económico contraten un vehículo particular o se pueda mover con una escolta.
El esquema ligero es una escolta, un chaleco de protección para la persona que está pidiendo las medidas, un medio de comunicación y un apoyo económico que sirve para pagar el transporte del protegido y de su escolta. Es menos notorio y cuando el riesgo no es muy alto se utiliza. Vamos a tratar de ponerlo también para los sistemas de protección para las personas que están en la precampaña.
👁‍🗨 Conozca cómo votan los senadores y representantes a la Cámara en ‘Congreso a la mano’.
👉 Lea más sobre el Congreso, el gobierno Petro y otras noticias del mundo político.
✉️ Si tiene interés en los temas políticos o información que considere oportuno compartirnos, por favor, escríbanos a cualquiera de estos correos: hvalero@elespectador.com; aosorio@elespectador.com; dortega@elespectador.com; dcristancho@elespectador.com; mbarrios@elespectador.com ; lbotero@elespectador.com o lperalta@elespectador.com.",23-09-2025,20-09-2025,Política,,“No va a haber vehículos para fortalecer esquemas a los congresistas”: Augusto Rodríguez ,https://www.elespectador.com/politica/augusto-rodriguez-revelo-una-crisis-en-vehiculos-para-la-proteccion-de-precandidatos-presidenciales-noticias-hoy/
"Sin tanta visibilidad como la de las discusiones sobre la Presidencia, en la izquierda, la derecha y el centro buscan definir sus hojas de ruta para tener éxito en las legislativas del próximo 8 de marzo. Son más de mil aspirantes. A menos de seis meses, aún hay debates internos que dividen el futuro de cada fuerza.",Leonardo Botero Fernández,politica,"La disputa por el poder en 2026 no se definirá solo con la Presidencia. El 8 de marzo del año entrante, los partidos librarán un pulso para lograr las mayorías en el Congreso: será la primera gran batalla por los votos. Son 296 curules en disputa (108 en Senado y 188 en Cámara) y, aunque parece un número amplio, lo cierto es que la competición será entre más de mil nombres que esperan tener una silla en el hemiciclo colombiano. Y todo esto ha dejado al descubierto grietas y peleas en cada partido, donde se están enfrentando no solo los...",23-09-2025,20-09-2025,Elecciones 2026,Suscriptores,Se desató puja partidista por la primera batalla de 2026: la elección de Congreso,https://www.elespectador.com/politica/elecciones-colombia-2026/partidos-estan-en-puja-por-la-primera-batalla-de-2026-eleccion-de-congreso-pacto-historico-centro-democratico-noticias-hoy/
Los mejores confidenciales sobre el poder en Colombia.,Redacción de El Espectador,politica,"Armas y narcos
Esta semana en que la Casa de Nariño volcó su estrategia a sacarle rédito a la descertificación que Estados Unidos le impuso a Colombia por lo que Washington considera es falta de resultados concretos en la lucha contra el narcotráfico, se dijo que el país dejaría de comprarle armas a la potencia norteamericana. El argumento es que podría potenciarse la producción de este tipo de equipos de protección a nivel nacional o buscar otros mercados. Reporteros de este diario consultaron con diversas fuentes qué tan ejecutable es...",23-09-2025,21-09-2025,Política,Suscriptores,"Alto turmequé: sobre descertificaciones, nombramientos y anuncios",https://www.elespectador.com/politica/alto-turmeque-sobre-descertificaciones-nombramientos-y-anuncios/
"En el sector de La Favorita, tres hombres y una mujer fueron ubicados abordo del carro robado. ",Redacción Bogotá,bogota,"Audio generado con IA de Google
0:00
/
0:00
La Policía Nacional, a través de uniformados de la Estación de Policía Mártires, capturó a cuatro personas señaladas de participar en el hurto de un vehículo.
La alerta ciudadana permitió que las autoridades desplegaran un plan candado, llegando hasta el sector conocido como La Favorita, donde interceptaron el automotor y capturaron a tres hombres y una mujer.
La víctima fue la encargada de reconocer a los asaltantes quien narró como minutos antes en la localidad de Kennedy, lo obligaron bajo amenazas a entregar el carro.
Lea más: Las localidades más afectadas por mal parqueo: 43 mil conductores sancionados
Al interior del vehículo, uniformados de la Policía encontraron armas cortopunzantes y un dispositivo electrónico de descargas. Los detenidos fueron dejados a disposición de la Fiscalía General de la Nación por el delito de hurto, mientras que el automotor recuperado fue entregado a su propietario.
Según la Policía Metropolitana de Bogotá, en lo corrido del año han capturado 26.800 personas por diferentes delitos y la incautación de 137 mil armas cortupunzantes.
La hora exacta en la que más roban carro
Las regiones más urbanizadas concentran el mayor número de casos de robos de vehículos. Bogotá y sus alrededores encabezan el listado con 32.2%, seguido por Antioquia (18.3%), Valle del Cauca (15%) y Atlántico (10%). Así lo concluyó el más reciente informe de SVR (Recuperación de Vehículos Robados) a cargo de la empresa Ituran, una firma que ofrece pólizas de protección a conductores.
Basado en los vehículos adscritos a su sistema durante el primer trimestre de 2025, señalaron que factores como la alta densidad vehicular, la movilidad constante y la actividad comercial parecen influir en la recurrencia del delito en estos territorios.
“Estas cifras muestran que, aunque el fenómeno tiene un alcance nacional, su intensidad se siente especialmente en los principales corredores urbanos y logísticos del país, donde la exposición de los vehículos es mayor y los delincuentes encuentran más oportunidades”, señalaron.
Vehículos particulares: los más robados
En cuanto a los tipos de vehículos afectados, el informe revela que los automóviles y camionetas particulares representaron el 61.7% de los robos, seguido por los camiones con un 36,7% y un 1% en motocicletas. Esta tendencia indica que los delincuentes se enfocan en vehículos de uso diario, posiblemente por su fácil comercialización o por contar con menos sistemas de protección tecnológica.
“Este dato cobra relevancia si se tiene en cuenta que muchos propietarios de vehículos particulares no cuentan con dispositivos de rastreo o sistemas avanzados de seguridad, lo cual los convierte en objetivos más vulnerables frente a flotas empresariales o vehículos especializados”, argumentó Ituran.
Por otro lado, hallaron que el horario más crítico para los robos fue entre las 12:00 p.m. y las 6:00 p.m., con el 37,2% de los casos. Le sigue la franja entre las 6:00 a.m. y las 12:00 p.m., con un 30,6%.
Las principales modalidades
En lo referente a las modalidades de hurto el informe revela dos tendencias llamativas. La más frecuente, con un 43,9% de los casos, corresponde a situaciones en las que sus clientes los contactan por prevención, sin que se configure un robo como tal. Estos casos suelen estar relacionados con el olvido de la ubicación del vehículo, traslados por grúa debido a infracciones o situaciones similares, donde la falta de atención del propietario juega un papel clave. La segunda tendencia irradia en el 39.4% de los casos por el abuso de confianza, lo que evidencia la astucia de las bandas criminales. El 13.3% se produjo mediante la modalidad de atraco y/o halado y el 3.3% restante involucró el uso de escopolamina o extorsión al conductor.
“Estas cifras no solo evidencian el riesgo constante que enfrentan los conductores en Colombia, sino también el impacto positivo de contar con tecnología de punta y un acompañamiento experto”, afirmó Juan Francisco Villamil nuestro Country Manager.
El hurto a vehículos se redujo en Bogotá en un 44 %
De acuerdo con datos de la secretaría de Seguridad, en el primer trimestre del 2024 se presentaron 1.602 denuncias por hurto de vehículos. Este año, en el mismo periodo, fueron 598. Además, van 415 capturas por delitos asociados a hurto automotores, falsedad marcaria y receptación, y se han recuperado 304 carros.
El trabajo conjunto entre la secretaría y la Policía Metropolitana de Bogotá ha evitado, este año, el hurto de más de 1.000 carros en la ciudad. “En un trabajo articulado con la Policía hemos reforzado las acciones en sectores con alta vulnerabilidad al hurto de vehículos. Estos patrullajes no solo tienen el objetivo de disuadir a los delincuentes, sino también de realizar acciones preventivas con los ciudadanos”, aseguró César Restrepo, secretario de Seguridad de Bogotá.
Le puede interesar: Cayeron ladrones de droguerías en Bogotá: robaban productos dermatológicos
Asimismo, en el marco de la estrategia de Lucha Contra el Crimen se ha logrado la desarticulación de redes criminales dedicadas al hurto y comercialización ilegal de autopartes, que ha permitido la captura de 415 personas este año y la incautación de 196 motores y 17 chasis de dudosa procedencia.
Para conocer más noticias de la capital y Cundinamarca, visite la sección Bogotá  de El Espectador.",23-09-2025,21-09-2025,Bogotá,,Cuatro delincuentes fueron capturados tras haber hurtado violentamente un vehículo,https://www.elespectador.com/bogota/cuatro-delincuentes-fueron-capturados-tras-haber-hurtado-violentamente-un-vehiculo/
"Esta semana se conocieron las dos primeras sentencias de la Jurisdicción Especial para la Paz (JEP), sobre secuestros y falsos positivos. María Camila Moreno, directora del Centro Internacional para la Justicia Transicional (ICTJ), analizó en diálogo con El Espectador los retos que plantea al Estado y al país el cumplimiento de las sanciones propias a exguerrilleros de las Farc y exmilitares.",Gustavo Montes Arias,judicial,,23-09-2025,20-09-2025,Judicial,,“Las sentencias llegan en un momento político muy complejo”: María Camila Moreno,https://www.elespectador.com/judicial/las-sentencias-llegan-en-un-momento-politico-muy-complejo-maria-camila-moreno/
El alto tribunal ordenó que solo podrán ser impuestas para vehículos que estén circulando y no para los que estén inmóviles. Conozca acá las condiciones de la decisión.,Redacción Judicial,judicial,"Audio generado con IA de Google
0:00
/
0:00
No tener el Seguro Obligatorio de Accidentes de Tránsito (SOAT) o no tener la revisión tecnomecánica al día, ya no será una razón para ser multado, siempre y cuando no esté circulando el vehículo que no tenga. Así lo estableció el Consejo de Estado en una decisión conocida recientemente en contra de dos resoluciones del Ministerio de Transporte que daba vía libre a las multas a carros que estuvieran parqueados, simplemente a través de una consulta del sistema.
La decisión fue tomada por la Sección Tercera del alto tribunal, que revisó una demanda en contra de las Circulares 20134200330511 de 12 de septiembre de 2013, 20144000135701 de 6 de mayo de 2014 y 20144000213141 de 17 de junio de 2014. Esos documentos facultaban a las autoridades de tránsito para verificar que el SOAT y la revisión estuvieran vigentes a través de herramientas tecnológicas. Sin embargo, no era claro si aplicaba solamente para los vehículos que efectivamente estuvieran en tránsito, o si era para cualquiera.
El Consejo de Estado revisó y decidió la demanda de un ciudadano en contra de las circulares del ministerio, señalando que la norma señalaba que las multas debían recaer solamente en los vehículos que efectivamente estuvieran circulando sin esos requisitos. Es decir, que un conductor que no tuviera los papeles en regla, pero que no estuviera circulando con el vehículo, no debía ser multado, pues no estaba infringiendo así las normas.
Al revisar el caso, el alto tribunal encontró que “las normas previamente expuestas establecen de manera expresa que la obligación de garantizar el cumplimiento de las condiciones técnico-mecánicas, ambientales y de seguridad se predica exclusivamente de los vehículos que se encuentren en circulación o tránsito efectivo por el territorio nacional"". Por ende, se lee en la decisión, “la imposición de sanciones administrativas por el incumplimiento de tales condiciones solo resulta jurídicamente procedente si se constata que el vehículo se encontraba transitando al momento de la infracción”.
Sobre la norma, el Consejo de Estado fue aún más preciso: la norma reza que “para que un vehículo pueda transitar”, debe cumplir con determinadas condiciones técnicas. Esto, a los ojos del alto tribunal, deja claro que “la exigencia legal está supeditada a la acción de circular por la vía pública, y no a la simple tenencia o propiedad del automotor”.
Para que las multas por las infracciones de este tipo puedan ser impuestas, dice la Sección Tercera, se debe configurar el acto de estar transitando “no en estado, es decir, cuando el vehículo efectivamente transita en condiciones irregulares, y no por el solo hecho de su existencia en tal estado mientras permanece inmovilizado o fuera de la vía”.
En la decisión del Consejo de Estado se lee que la imposición de sanciones por tener un vehículo inmóvil sin SOAT y sin tecnomecánica, “se desconoció el alcance de las normas que sirvieron de sustento a las circulares cuestionadas, toda vez que se modificó o amplió el contenido material de aquellas y, de contera, que se incurrió en vulneración de norma superior”.
Así las cosas, el alto tribunal encontró que el Ministerio de Transporte emitió circulares que no podían estar por encima de las leyes de tránsito y transporte ya establecidas. Por tanto, las anuló en lo referente a la imposición de multas a vehículos que no estuvieran transitando, así les hiciera falta el SOAT y la revisión tecnomecánica.
Esta es la decisión completa sobre las multas de tránsito:
Para conocer más sobre justicia, seguridad y derechos humanos, visite la sección Judicial de El Espectador.",23-09-2025,20-09-2025,Judicial,,Consejo de Estado frenó multas automáticas para carros que no tengan SOAT o tecnomecánica,https://www.elespectador.com/judicial/consejo-de-estado-freno-multas-automaticas-para-carros-que-no-tengan-soat-o-tecnomecanica/
El hombre engañó y amenazó a una niña y a una adolescente para que viajaran con él hasta Caquetá y se unieran a las filas del grupo armado.,Redacción Judicial,judicial,"Audio generado con IA de Google
0:00
/
0:00
Cristian Camilo Serna Hurtado, un reclutador de menores para que se sumaran a las filas de las disidencias de las Farc, fue condenado a ocho años de prisión. El hombre, quien aceptó la responsabilidad del delito de reclutamiento ilícito, operaba en la zona de Chaparral (Tolima).
El hombre aceptó los cargos durante la audiencia de imputación y se sometió a sentencia anticipada. Un juez lo condenó a ocho años y nueve meses de prisión por hechos ocurridos en agosto de 2024.
De acuerdo con la información recopilada por la Fiscalía en el caso, Serna Hurtado contactó a una niña de 13 años y a una adolescente de 17 años en Chaparral (Tolima). A las dos menores las engañó y amenazó atentar contra sus familias, para que así lo acompañaran a Caquetá y se vincularan a una estructura de las disidencias de las Farc.
Las pesquisas arrojaron que el hombre inicialmente compró tiquetes para transportar en bus a las menores de edad a Guamo (Tolima). Sin embargo, la madre de la adolescente se dio cuenta de lo que sucedía y evitó que su hija acudiera al lugar.
Por su parte, dice la Fiscalía, “la niña alcanzó a abordar el vehículo y durante el trayecto fue recuperada por unidades de la Policía Nacional, que también capturaron en situación de flagrancia al reclutador”. Desde ese momento permanece privado de la libertad.
Para conocer más sobre justicia, seguridad y derechos humanos, visite la sección Judicial de El Espectador.",23-09-2025,20-09-2025,Judicial,,Reclutador de menores para disidencias Farc fue condenado a ocho años de cárcel,https://www.elespectador.com/judicial/reclutador-de-menores-para-disidencias-farc-fue-condenado-a-ocho-anos-de-carcel/
"El hombre, presunto coordinador logístico de las disidencias de alias Calarcá, tiene orden de captura por al menos cinco delitos.",Redacción Judicial,judicial,"Audio generado con IA de Google
0:00
/
0:00
En medio de una nueva asonada contra el Ejército, la población civil impidió la captura de “Chimbo de oro”, un presunto integrante de las disidencias de las Farc. El hecho ocurrió en La Macarena (Meta) y fue la segunda asonada registrada este fin de semana.
En la vereda La Samaria se escondía el presunto coordinador logístico del grupo armado. Con una orden de allanamiento, tropas de la Fuerza de Tarea Omega, integrantes del CTI y funcionarios de la Dirección Especializada Contra Organizaciones Criminales Seccional Villavicencio, llegaron al lugar para capturarlo.
Según las investigaciones, alias “Chimbo de oro” es coordinador logístico de la Estructura Éver Castro, Bloque Jorge Suárez Briceño, disidencias de las Farc bajo el mando de alias “Calarcá”. Es señalado de los delitos de reclutamiento ilícito, concierto para delinquir agravado, fabricación, tráfico y porte de arma, munición de uso restringido y de uso privativo de las fuerzas militares.
A la hora de llevar a cabo la captura, la fuerza pública fue interceptada por algunos integrantes de la Asociación Campesina Ambiental del Losada Guayabero y pobladores de la zona, según denunció la institución castrense. Según los uniformados, “estas personas impidieron el procedimiento judicial y la materialización de la captura, mediante asonada, quitándole el capturado a las tropas y obligándolas a salir del lugar”.
Tras el fallido operativo, la institución resaltó que “con esta situación queda en evidencia la participación de algunos líderes comunitarios en actividades ilegales, lo cual será puesto en conocimiento de las autoridades judiciales competentes"".
Asimismo, expresaron su rechazo por la instrumetalización de la población civil por parte de los grupos armados. La institución aseguró que esas acciones “ponen en riesgo la vida de nuestros soldados y la seguridad territorial”.
Para conocer más sobre justicia, seguridad y derechos humanos, visite la sección Judicial de El Espectador.",23-09-2025,20-09-2025,Judicial,,Asonada contra el Ejército impidió captura de “Chimbo de oro” en La Macarena (Meta),https://www.elespectador.com/judicial/asonada-contra-el-ejercito-impidio-captura-de-chimbo-de-oro-en-la-macarena-meta/
"Retenidos con engaños, perseguidos, secuestrados, torturados, violentados por su rol político o por su pertenencia étnica. Esos son algunas de las características que halló la justicia transicional en los casos de secuestros y ejecuciones extrajudiciales por los que emitió sus primeras dos sentencias. ",Paulina Mesa Loaiza,judicial,"Audio generado con IA de Google
0:00
/
0:00
Más de 8.500 personas acreditadas como víctimas en toda Colombia. 135 casos de ejecuciones extrajudiciales o falsos positivos en el Batallón La Popa, de Valledupar (Cesar). Más de 21.000 personas secuestradas en distintos sitios del país cometidos entre 1990 y 2016. Cinco grandes patrones criminales. Siete exjefes guerrilleros y 12 militares en retiro condenados. Cuatro proyectos de reparación priorizados.
Esas son algunas de las cifras que resumen las dos sentencias emitidas el pasado 16 y 18 de septiembre por la Jurisdicción Especial para la Paz (JEP), con relación a los macrocasos 01 y 03, que investiga la justicia transicional, creada tras el Acuerdo de Paz de 2016. Las primeras decisiones que imponen sanciones restaurativas en lugar de penas de cárcel.
Pero, más allá de los números para medir la efectividad de la justicia, en el centro de las decisiones están las víctimas de los más graves crímenes de guerra y de lesa humanidad cometidos por grupos al margen de la ley y agentes del Estado, durante medio siglo de violencia. Estas son sus voces.
Lea también: Sentencias de la JEP: las historias de las víctimas de falsos positivos en Valledupar
Mónica Oyuela, hija de Augusto Oyuela, secuestrado y asesinado por las Farc
Mónica Oyuela tenía 13 años cuando esperó recibir en el aeropuerto a un papá enfermo y convaleciente. Eso se imaginó cuando su mamá le dijo que el papá estaba grave, que no había esperanza luego de escuchar por radio que habían encontrado dos cuerpos amarrados a un árbol en Cartagena del Chairá. Pero lo primero que las recibió en esa terminal fue un carro fúnebre, una cita verde y un ataúd con el cuerpo de Augusto Oyuela.
Han pasado 30 años desde ese momento y a Mónica le sigue doliendo casi lo mismo. Respira profundo y se arma de valentía para contar que está relacionada con el caso 01 en la JEP por el secuestro, tortura y asesinato de su padre, Augusto, cuando él tenía 42 años. Era un ganadero y comerciante de San Vicente del Caguán que un día fue citado por la columna Teófilo Forero de las antiguas Farc a una reunión para mejorar las carreteras de la zona, pero ese encuentro, al que también citaron a su socio, se convirtió en un secuestro de no más de diez días en el que los transportaron hasta la finca de unos campesinos donde los torturaron y asesinaron.
Mónica recuerda con total lucidez y tristeza que en televisión estaban pasando la novela de las nueve de la noche, Café con aroma de mujer, cuando los tiros interrumpieron el silencio de la vereda. Cuenta que los campesinos no quisieron salir a mirar, que llamaron a la Fiscalía y que la noticia se difundió por radio. Su mamá supo que su papá estaba muerto, pero no pudo decirle la verdad. Mónica estaba segura que su papá se iba a recuperar de lo que fuera que le hubiera sucedido, pero después supo que no era así y que a sus 13 años le tocaría hacerse la fuerte hasta que pudiera reclamar verdad y justicia.
En el 2022, después de pasar un camino tedioso por Justicia y Paz, Mónica ingresó a la JEP y le comenzaron a hablar de verdad y reparación. No entendía esa forma de justicia hasta que un año después la invitaron a una audiencia de reconocimiento. A través de un vínculo de YouTube vio a Fabián Ramírez, comandante del Bloque Sur de las Farc. “Lo veo hablando de mi padre y reconociendo. Eso fue histórico, fue increíble, fundamental. Eso para mí fue el inicio de sentir que estaba obteniendo justicia”, cuenta Mónica. Después vinieron un par de encuentros más con otros jefes guerrilleros y Mónica pudo saber muchas cosas que necesitaba y quería conocer. En las audiencias, Mónica se dedicó a mostrar el valor de su padre para que los comparecientes entendieran todo lo que ella había perdido. Con la reciente sentencia de la JEP a los siete miembros del antiguo secretariado de las Farc, Mónica se siente reparada.
“Prefiero una justicia imperfecta porque la justicia ordinaria no me hubiera traído nada de esto. El que haya una sentencia es para mí que esto no sea indefinido. Es un paso más para soltar y cerrar”, agrega, aunque reconoce que siempre será necesario repetir el perdón todas las veces que sean necesarias. “Ellos han podido volver con sus familias, nosotros ya no podemos volver a nuestras familias y ningún esfuerzo es suficiente. Sigan invirtiendo en la lucha, busquen a las personas desaparecidas, sigan pidiendo perdón cuantas veces sea necesario y nunca crean que es suficiente”.
Héctor Mahecha, víctima de secuestro por las Farc
Héctor Mahecha fue víctima de secuestro, tortura, amenazas, desplazamiento forzado y hechos de terrorismo por el Comando Conjunto Central de las extintas Farc. Recuerda que a su padre también lo secuestraron y que pusieron bombas en su casa y su negocio. Con todo ese pasado en su vida, hoy Héctor dice que es una persona positiva y que tiene mucha fe. Cree que el proceso en la JEP ha sido largo y trabajoso, pero al mismo tiempo sanador.
Héctor reconoce que al principio fue incrédulo de una justicia transicional y que cuando se enfrentó a la antigua cúpula de las Farc fue un impacto muy grande. En todo ese camino se alejó de la idea de una justicia punitiva, pues encontró mayor beneficio en la verdad. “Muchas víctimas quieren cárcel para ellos, pero ¿en qué va a beneficiar a las víctimas tener encerrada a la cúpula en una cárcel? Eso no va a ayudar a las víctimas como tal porque pagan su pena y listo, salen. La justicia de la verdad me parece que funciona más para las personas que tengan muchas dudas y se solucionen”, explica Héctor.
Hoy por hoy reconoce que tiene una posición ambigua frente a la reciente sentencia de la JEP contra los siete ex jefes guerrilleros, en parte porque siente que no se dijo nada concreto. Por eso entiende que exista disgusto entre las víctimas, pero sabe que dentro de los proyectos de restauración se pueden hacer trabajos, obras y actividades restaurativas que de verdad valgan la pena. Sobre todo resalta que la fundación ReviPaz pueda participar.
“En mi caso particular no hubo víctimas mortales. Sufrimos todos los flagelos y yo no puedo dar, ni nadie puede dar reversa y tratar de resolver el pasado. Hay que mirar desde aquí el presente y el futuro. Entiendo que para otras víctimas no sea fácil porque hay resentimiento, hay una duda razonable en cuanto a que no se han hecho muchas cosas. Muchos teníamos proyectos de vida, pero la guerra nos los quitó.”, agrega y espera que con esta sentencia, los ex Farc sigan trabajando por las víctimas tanto a nivel simbólico como restaurativo.
Le puede interesar: “Ni 8 ni 50 años son suficientes. Es irreparable”: Rodrigo Londoño sobre secuestros de FARC
Juan Carlos González, víctima de secuestro por las Farc
Juan Carlos González fue víctima de secuestro por las Farc en al menos cuatro ocasiones y en cada una de las veces que la guerrilla lo internó en la selva él pensó en su familia. “Uno no piensa en nada más. Es una total incertidumbre. ¿Qué va a ser de mi familia si no vuelvo?”, relata. También, cada vez que lo liberaron, Juan Carlos recordó que sus padres siempre le enseñaron a dar el perdón. “Nosotros tenemos la facultad de perdonar, pero no tenemos la facultad de condenar. El único que tiene la facultad de condenar es Dios. Mientras no descarguemos todo eso que tenemos represado, vamos a sufrir”, agrega.
Esa enseñanza lo ha ayudado a vivir. Sabe que nadie ni nada le va a devolver lo que perdió, pero se consuela al decir que la vida debe continuar. Tras la sentencia de la JEP, Juan Carlos sintió que fue una forma de cerrar un capítulo, sin necesidad de olvidar lo que le sucedió.
“Se sabía que la sentencia sería sin restricciones políticas, con algunas restricciones de movilidad. Pero esto nos enseña también que hay que trabajar mancomunadamente, trabajar juntos para lograr una paz estable y duradera. Hay que abrir nuestros corazones, sacar el odio y el rencor. No tenemos que olvidar lo que pasó, pero sí dejar el odio y el rencor de nuestros corazones para que las cosas surjan y hay que trabajar con ellos porque así lo dice la justicia transicional”, dijo Juan Carlos.
Olga González, hija Gilberto González, secuestrado y desaparecido por las Farc
Olga González cuenta que ella y su familia fueron condenados a 13 años y dos meses de sufrimiento e incertidumbre, a pesar de no haber cometido ningún crimen. Desde que secuestraron y desaparecieron a su padre, el agricultor Gilberto González, el 28 de mayo de 2012, toda su familia se sumió en una condena de dolor. Hoy se siente inconforme con la sanción de la JEP a los máximos responsables de la política de secuestro dentro de las Farc porque la sanción de 8 años es mucho menor a los 13 años y dos meses que sufrieron. Hace poco menos de dos meses que Olga y su familia encontraron el cuerpo de su papá luego de una ardua labor de búsqueda. Aunque su hallazgo fue un bálsamo, también fue la chispa que encendió una pregunta que todavía no tiene respuesta: ¿Qué fue lo que pasó?
“Estamos esperando la verdad. Esa es la reparación que yo espero que llegue. Hoy nosotros ya tenemos a mi papá con nosotros, pero ¿qué pasó desde el instante que se llevaron a mi papá de ese lugar? ¿Qué pasó hasta el día que él murió y qué pasó desde el lugar de donde se lo llevaron y al lugar donde lo encontramos? ¿qué pasó? Nosotros queremos esa verdad, queremos saber qué pasó, queremos saber el por qué y esa verdad no ha llegado”, cuenta.
Olga espera que la vida no se le acabe sin responder esas preguntas. Quiere que la fe, la esperanza y la paciencia que la acompañaron durante 13 años y dos meses le alcance para conocer la verdad que todavía no le han dicho. Por eso, con la sentencia de la JEP, Olga le dice al último secretariado de las Farc que los compromisos no se pueden quedar en papel, que las víctimas necesitan ser reparadas en todos los sentidos y que ya no quiere seguir sufriendo en la incertidumbre. “Una reparación completa será cuando la verdad sea dicha, no por terceros sino por boca directamente de las personas que cometieron los delitos”.
Mario Montoya, víctima de secuestro por las Farc
Mario Montoya dice que para hoy estar contando su historia tuvo que pagar 238 millones de pesos por once días en cautiverio. Fue secuestrado por las Farc el 7 de febrero de 2009 cuando trabajaba como en la Universidad del Tolima. Lo liberaron bajo la promesa del pago de una cuota mensual. No tenía tanto dinero para pagar su rescate, entonces tuvo que endeudarse y hoy, 16 años después, todavía debe una parte de esa alta suma de dinero. Pero más allá del daño económico, lo que más le pesa a Mario es el daño que le hicieron a su familia. “Mi familia está desintegrada, eso lo ocasionó el secuestro. ¿Quién nos ayuda a que la familia vuelva a estar unida? Si me vuelven a secuestrar, no me dejo llevar, yo me hago matar. No vuelvo a vivir ese flagelo”, cuenta Mario. Con la sentencia de la JEP, Mario espera que sea abran las puertas para que se reconozca el daño a las víctimas y que en los 8 años de sanción beneficien a los que estuvieron secuestrados para sentirse finalmente reparado.
Víctima de secuestro por las Farc
“El vacío de justicia es grande, pero es el precio que teníamos que pagar para acabar con la violencia. Sabíamos que la única manera de que ellos se entregaran y accedieran al Acuerdo de Paz, a incorporarse a la vida civil, era no pagar cárcel. Ese es el precio que pagamos las víctimas y tuvimos que sacrificarnos con el fin de que se hubiese apagado la violencia en ese momento. Pero miramos hoy en día nuestro país y nos hacemos la pregunta ¿Vale la pena parar la violencia cuando está resurgiendo nuevamente? Si en mi caso personal tengo que olvidarme de eso para haber evitado las muertes del 2016 hacía acá, pues no tengo nada que decir, solo sacar fortaleza y pasar la página”.
✉️ Si le interesan los temas de paz, conflicto y derechos humanos o tiene información que quiera compartirnos, puede escribirnos a: cmorales@elespectador.com; pmesa@elespectador.com o aosorio@elespectador.com.",23-09-2025,21-09-2025,JEP y Desaparecidos,,Sentencias de la JEP: las voces de las víctimas de secuestro por las extintas Farc,https://www.elespectador.com/colombia-20/jep-y-desaparecidos/sentencias-de-la-jep-las-voces-de-las-victimas-de-secuestro-por-las-extintas-farc/
"En medio de las posiciones encontradas y cuestionamientos sobre las dos primeras sentencias de la Jurisdicción Especial para la Paz (JEP), María Camila Moreno, directora del ICTJ, habló sobre las sanciones, los cabos que quedaron sin atar y del momento político que atraviesa el país. Advirtió que Es importante no olvidar que son decisiones para la construcción de paz.",Gustavo Montes Arias,judicial,"Para María Camila Moreno, directora del Centro Internacional para la Justicia Transicional (ICTJ), las decisiones de la Jurisdicción Especial para la Paz (JEP) “tienen apellido”: son sentencias para la construcción de paz. Lo resalta incluso, pese a las posturas encontradas que han generado las dos primeras sanciones sobre casos de secuestros y falsos positivos cometidos por exjefes de las antiguas Farc y militares en retiro.
En diálogo con El Espectador, la directora de la organización que ha acompañado durante dos décadas los...",23-09-2025,21-09-2025,Judicial,Suscriptores,“La JEP es una justicia que tiene que pavimentar el camino para la paz”: María Camila Moreno,https://www.elespectador.com/judicial/la-jep-es-una-justicia-que-tiene-que-pavimentar-el-camino-para-la-paz-maria-camila-moreno/
El director del IDPYBA señaló que este tipo de maltrato es una de las problemáticas que enfrenta la entidad. ,Redacción Bogotá,bogota,"Audio generado con IA de Google
0:00
/
0:00
El equipo de Reacción Inmediata y Pedagogía del IDPYBA en Transmilenio rescató a un gato y un perro que estaban siendo utilizados para pedir dinero con la excusa de brindarles cuidado a los animales.
Lea más: Las localidades más afectadas por mal parqueo: 43 mil conductores sancionados
El caso ocurrió en la estación de la calle 22, hasta donde llegó la entidad distrital y junto a la Policía, los aprehendieron y trasladaron a un centro veterinario, donde médicos, tras una revisión y exámenes, determinaron que se encontraban en malas condiciones de salud. Ahora, el canino y el felino se encuentran en recuperación y quedaron bajo custodia del IDPYBA.
El director de la entidad, Antonio Hernández, recordó que este es uno de los tipos de maltrato animal que tiene por objeto fines económicos a través de la mendicidad. Hernández detalló como personas inescrupulosas “incluso los drogan para que las personas los vean en una situación dramática y den plata, acudiendo a la compasión”.
Frente a esta problemática, “este es uno de los resultados, de muchos que se irán dando. En ningún lado está permitido el uso de animales para la mendicidad. Seguiremos trabajando en contra de esto”, sentenció Hernández.
¿Cómo reportar casos de presunto maltrato animal en Bogotá?
Los ciudadanos pueden reportar casos de maltrato animal a través de:
- Línea Contra el Maltrato Animal (601) 4399801
- Línea Única de Emergencias Distritales 123 en caso de una urgencia vital.
- Correo institucional proteccionanimal@animalesbog.gov.co
- Plataforma ‘Bogotá te escucha’ de la Alcaldía de Bogotá, en donde se pueden adjuntar fotos y/o videos como evidencia.
Le puede interesar: Cayeron ladrones de droguerías en Bogotá: robaban productos dermatológicos
Para conocer más noticias de la capital y Cundinamarca, visite la sección Bogotá  de El Espectador.",23-09-2025,21-09-2025,Bogotá,,Rescatan a un gato y un perro explotados para mendicidad en Transmilenio,https://www.elespectador.com/bogota/rescatan-a-un-gato-y-un-perro-explotados-para-mendicidad-en-transmilenio/
"La estampida de capitales obliga al Gobierno de Milei a quemar más de US$1.000 millones en tres días para sostener al peso, en medio de dudas sobre su plan de estabilización y con elecciones clave en el horizonte.",Agencia Bloomberg,economia,"Audio generado con IA de Google
0:00
/
0:00
Los inversores están retirando dinero de Argentina a un ritmo cada vez mayor, lo que ha obligado a los responsables políticos a inyectar US$1.000 millones en el mercado de divisas en solo dos días para evitar una devaluación del peso que descarrilaría el plan de estabilización del presidente Javier Milei y volvería a sumir a la economía en una crisis.
Los profundos recortes de gasto y las reformas radicales del economista libertario fueron bien recibidos por los inversores globales poco después de que asumiera en 2023, desatando un repunte en los mercados financieros. La inflación comenzó a ceder, cayendo por debajo del 100%, lo que apuntaló el apoyo a Milei durante un tiempo. Pero a medida que empezó a sufrir reveses políticos que minaron su capacidad de seguir impulsando su agenda, los bonos, las acciones y la moneda del país se desplomaron.
Recomendado: ¿Puede Colombia depender de las remesas para sostener su economía?
El derrumbe ha dejado al gobierno luchando por mantener al peso dentro de la banda de flotación establecida como parte de un préstamo de US$20.000 millones otorgado este año por el Fondo Monetario Internacional. El peso tocó esta semana el techo de la banda —alrededor de 1.475 por dólar— e incluso lo superó brevemente, generando nerviosismo entre los argentinos, acostumbrados a repetidas crisis cambiarias, de que estuviera gestándose otra.
Con la moneda cayendo casi a diario en las últimas dos semanas, las autoridades inyectaron más de US$400 millones para apuntalarla, impusieron controles más estrictos a las operaciones con divisas y buscaron tranquilizar a los inversores asegurando que no permitirán que el peso se hunda, lo que podría alimentar otra espiral inflacionaria.
También han tenido que intervenir en los mercados, gastando US$1.100 millones en solo tres días para apuntalar el peso. Las cantidades han aumentado drásticamente cada día —US$53 millones el miércoles, US$379 millones el jueves y US$678 millones el viernes—, lo que indica lo rápido que está empeorando el estado de ánimo.
Le podría interesar: La actividad economía consolidó su repunte en julio: ¿cómo le fue a cada sector?
“Confiamos plenamente en el programa y no nos vamos a mover de ahí”, aseguró el ministro de Economía, Luis Caputo, en un pódcast el jueves por la noche. “Vamos a vender hasta el último dólar del techo de la banda”.
Las medidas del gobierno hasta ahora han hecho poco por tranquilizar a los inversores, que han ido perdiendo confianza en la capacidad de Milei de transformar la segunda economía más grande de Sudamérica desde la dura derrota sufrida en elecciones locales que se interpretó como un presagio de las legislativas del próximo mes.
Los votantes, que luchan por adaptarse a la desaceleración económica y el mayor costo de vida, se enfurecieron por los recortes al financiamiento de áreas esenciales como salud y educación y por un escándalo de corrupción que involucra al círculo íntimo de Milei. Con su popularidad en caída, la victoria de la oposición peronista en la provincia de Buenos Aires fue vista como señal de que no podrá avanzar con el resto de su agenda. Las derrotas sucesivas en el Congreso solo han aumentado la preocupación.
“Probablemente sea demasiado pronto para decir que la historia se está desmoronando, pero ciertamente la nueva información de la última semana ha sido toda negativa”, dijo en una entrevista Christine Reed, gestora de deuda en moneda local de mercados emergentes en Ninety One, Nueva York. “Las perspectivas de cara a las elecciones intermedias han empeorado drásticamente”.
Los inversores han salido en estampida. El S&P Merval tiene este mes el peor desempeño entre más de 90 índices bursátiles globales que sigue Bloomberg. Los bonos en dólares de Argentina lideran las pérdidas en los mercados emergentes en el mismo período, con los títulos con vencimiento en 2035 en su nivel más bajo en un año tras las dos peores semanas registradas. Los rendimientos, que estaban en 10,27% a comienzos de septiembre, superaron el 17%, devolviendo la deuda del país a territorio distressed.
La moneda ha perdido terreno casi todas las jornadas desde las elecciones en la provincia de Buenos Aires, con una caída de 7% justo después de conocerse el resultado.
“Al ritmo actual, el gobierno necesitaría US$9.750 millones para defender la banda hasta las elecciones”, dijo Santiago Resico, economista de one618 Group en Buenos Aires, tras la intervención del jueves. “Parece un costo demasiado alto para el gobierno y podría llevarlo a modificar el esquema cambiario”.
El banco central de Milei había levantado algunos controles de cambio y acordado dejar flotar el peso dentro de una banda que se expande gradualmente un 1% al mes en ambas direcciones, dividida uniformemente en incrementos diarios, como parte del acuerdo con el FMI. Una vez que el peso toca el piso o el techo de la banda —como ocurrió esta semana— las autoridades monetarias pueden intervenir directamente.
Pero incluso antes de que se intensificara la ola de ventas, el gobierno ya había tomado otras medidas para contener a la moneda. En los últimos meses, el Tesoro comenzó a vender dólares y el banco central recurrió a los mercados de futuros para estabilizar el peso ante el aumento de la presión. El gobierno también elevó los requisitos de encaje para absorber pesos y limitó la demanda de dólares de los agentes de bolsa.
El jueves por la noche, el banco central prohibió a accionistas y directivos de bancos operar dólares financieros, conocidos localmente como MEP y CCL, durante hasta 90 días después de comprar divisas en el mercado oficial.
El endurecimiento súbito de las reglas cambiarias marca un giro abrupto para Milei, un defensor del libre mercado que ganó las elecciones con promesas de dolarizar la economía y cerrar el banco central. Esas promesas atrajeron a inversores que veían la necesidad de un cambio radical para poner fin a un ciclo de crisis que llevó a defaults y a espirales inflacionarias.
La deuda del país ofreció algunos de los mejores retornos en los mercados emergentes en 2024, subiendo más del 100%, según datos compilados por Bloomberg.
Algunos administradores de fondos, como Reed de Ninety One, aún no tiran la toalla. La gestora ha mantenido exposición a bonos locales del país, aunque cubriendo el riesgo cambiario ante la volatilidad del escenario —el gobierno probablemente no logrará una mayoría en el Congreso el próximo mes, sostiene, y tendrá que devaluar la moneda después de la votación.
“Incluso si se mantiene una política cambiaria insostenible durante las próximas semanas, si aumenta las probabilidades de ganar, creo que debería hacerse”, dijo. “Lo que el mercado busca ahora mismo es simplemente alguna prueba de que la administración entiende que está en una mala posición y que está cambiando su estrategia”.
Lo que dice Bloomberg Economics
“El riesgo país ha superado los 1.500 puntos básicos, el banco central gastó más de US$400 millones para defender al peso y hay dudas sobre cómo el gobierno cubrirá las fuertes obligaciones de deuda en moneda extranjera de 2026 y 2027. Con el acceso al mercado internacional cada vez más lejano, el equipo económico de Milei enfrenta un margen de maniobra cada vez más estrecho”, señalaron Jimena Zúñiga, analista geoeconómica, y Adriana Dupita, economista jefe adjunta de mercados emergentes
En los últimos días, los rivales de Milei en la Cámara de Diputados intensificaron su oposición a la agenda de austeridad del gobierno. Rechazaron dos polémicos vetos al gasto en educación y salud. Se prevé que el Senado sea aún más hostil al gobierno, lo que implica que el es probable que el aumento de gasto se apruebe. Las elecciones provocaron nuevas caídas en los activos del país, ya que anticipan problemas para la segunda mitad del mandato de Milei.
“El mercado ya está descontando una discontinuidad el 27 de octubre, bajo el supuesto de que el régimen de bandas expirará con las elecciones”, escribió Resico en un informe. “Esta fecha de vencimiento implícita erosiona la credibilidad cada día, haciendo más difícil defender el régimen, independientemente de los fundamentales”.
💰📈💱 ¿Ya te enteraste de las últimas noticias económicas? Te invitamos a verlas en El Espectador.",23-09-2025,19-09-2025,Macroeconomía,,Argentina inyecta US$1.000 millones para mantener la inflación a raya ,https://www.elespectador.com/economia/argentina-inyecta-us1000-millones-para-mantener-la-inflacion-a-raya/
Nicolás Maduro señala a EE. UU. de narcotráfico y despliegue militar en el Caribe mientras pide diálogo por la paz.,Agencia AFP,mundo,"Audio generado con IA de Google
0:00
/
0:00
El presidente de Venezuela, Nicolás Maduro, rechazó los señalamientos que Estados Unidos hizo en su contra por narcotráfico e invitó a su par estadounidense, Donald Trump, a “preservar la paz con diálogo” en una carta difundida este domingo por el gobierno venezolano.
🔑Las claves de lo que dijo Maduró a Trump (por si tiene afán)
Estados Unidos desplegó ocho buques en el Caribe con el argumento de combatir el tráfico de drogas y hasta la fecha ha destruido al menos tres embarcaciones de presuntos narcotraficantes que salieron de Venezuela, dejando 14 fallecidos.
La administración estadounidense acusa a Maduro de tener vínculos con el narcotráfico y pide 50 millones de dólares por su captura, pero en la carta Maduro rechaza los señalamientos.
“Es el peor de los fake news (noticias falsas) que se ha lanzado contra nuestro país para justificar una escalada a un conflicto armado que le haría un daño catastrófico a todo el continente”, dice Maduro en el texto.
Venezuela denuncia una “amenaza militar” en su contra tras el despliegue de los buques estadounidenses. El ministro de Defensa, Vladimir Padrino López, habló de una “guerra no declarada” el viernes.
Le recomendamos: República Dominicana incauta parte de la droga de la más reciente lancha atacada por EE. UU.
“Lo invito Presidente a preservar la paz con diálogo y entendimiento en todo el hemisferio”, dijo. Asimismo, agregó: “Presidente, espero que podamos juntos derrotar estos fake news que llenan de ruido una relación que tiene que ser histórica y pacífica”.
El mandatario sostuvo que Venezuela es un territorio “libre de producción de drogas” y que apenas un 5% de la droga que se produce en su vecina Colombia intenta ser trasladada por territorio venezolano.
“Un dato muy relevante es que este año ya hemos neutralizado y destruido más del 70 por ciento de ese pequeño porcentaje que intentan cruzar por esa extensa frontera, de más de 2200 kilómetros que tenemos con Colombia”, dijo.
Le podría interesar: Trump amenaza a Venezuela con consecuencias “incalculables” si no acepta retorno de migrantes
Ataque a lancha rápida
El domingo por la mañana, República Dominicana informó de un ataque estadounidense contra un barco que transportaba droga cerca de sus costas.
“A raíz de un golpe militar aéreo de los Estados Unidos contra una lancha rápida de narcoterroristas que transportaba aproximadamente 1.000 kilogramos de presunta cocaína”, se incautaron “377 paquetes de la sustancia a 80 millas náuticas al sur de Isla Beata, provincia de Pedernales”, dijo Carlos Devers, vocero de la Dirección Nacional de Control de Drogas (DNCD).
Una fuente cercana a la investigación en Santo Domingo destacó que el barco de donde incautaron la droga provenía “sin duda” de Venezuela.
También puede leer: Un ataque más: Trump anuncia que EE. UU. hizo ataque “cinético” a barco venezolano
“Esas pacas (paquetes) que yo vi, esos colores, no los había visto como los de Colombia, porque los del Colombia son una paca diferente. Es un saco como con una raya. Estas —las destruidas— tienen muchas rayas”, dijo la fuente.
El presidente estadounidense publicó el viernes un nuevo video que, según él, mostraba un ataque estadounidense que mató a tres “narcoterroristas” en un barco que transportaba droga con destino a Estados Unidos.
Sin embargo, no especificó si este ataque era uno de los que ya había mencionado en los últimos días, o si se trataba de uno nuevo.
👀🌎📄 ¿Ya se enteró de las últimas noticias en el mundo? Invitamos a verlas en El Espectador.
🌏📰🗽 El Espectador, comprometido con ofrecer la mejor experiencia a sus lectores, ha forjado una alianza estratégica con The New York Times con el 30 % de descuento.
Este plan ofrece una experiencia informativa completa, combinando el mejor periodismo colombiano con la cobertura internacional de The New York Times. No pierda la oportunidad de acceder a todos estos beneficios y más. ¡Suscríbase aquí al plan superprémium de El Espectador hoy y viva el periodismo desde una perspectiva global!
📧 📬 🌍 Si le interesa recibir un resumen semanal de las noticias y análisis de la sección Internacional de El Espectador, puede ingresar a nuestro portafolio de newsletters, buscar “No es el fin del mundo” e inscribirse a nuestro boletín. Si desea contactar al equipo, puede hacerlo escribiendo a mmedina@elespectador.com o a cgomez@elespectador.com",23-09-2025,21-09-2025,Venezuela,,Maduro invita a Trump al diálogo en medio de despliegue de buques de EE. UU.,https://www.elespectador.com/mundo/venezuela/maduro-invita-a-trump-al-dialogo-en-medio-de-despliegue-de-buques-de-ee-uu/
Las autoridades les seguían la pista desde un violento hurto a una droguería de Colsubidio en la carrera 15 con calle 108.,Redacción Bogotá,bogota,"Audio generado con IA de Google
0:00
/
0:00
Este sábado la Policía Metropolitana de Bogotá logró la captura de cinco delincuentes a quienes les seguían la pista hace cerca de un mes. Los ladrones fueron capturados in fraganti en la carrera séptima con calle 52 cuando iban en un vehículo lleno de productos dermatológicos que habían sido recientemente robados.
Lea más: Lo que se sabe del asesinato de una mujer encontrada a la orilla del río Tunjuelo
Precisamente, esta banda es señalada de haber cometido otro violento hurto el pasado 29 de agosto en una droguería de la cadena Colsubsidio en la carrera 15 con calle 108. Allí, pasadas las 9:30 a.m., tres de ellos aprovecharon que la encargada del local estaba abriendo el establecimiento, y tras intimidarla y amenazarla, la obligaron a entregar las llaves de las vitrinas.
De acuerdo con el teniente coronel Ricardo Chávez, comandante de la estación de Policía de la localidad de Usaquén, una vez los uniformados llegaron al sitio para atender la emergencia, confirmaron que la empleada del lugar había sido blanco de amenazas e intimidaciones y que los delincuentes abrieron vitrinas para llevarse varios productos dermatológicos. Acto seguido los implicados salieron caminando y abandonaron la zona.
Los delincuentes serían autores de otros delitos similares cometidos en las localidades de Teusaquillo, Chapinero, Kennedy, Usaquén. Tras su captura, quedaron bajo disposición de la Fiscalía para su proceso penal.
Le puede interesar: Apareció mujer que agredió a otra en el Festival Cordillera: “me arrepiento”
Es de mencionar que el hurto a comercios mantiene una tendencia a la baja en Bogotá. En lo corrido de 2025, las denuncias por este delito han tenido una reducción del 25 % frente a igual periodo de 2024.
Para conocer más noticias de la capital y Cundinamarca, visite la sección Bogotá  de El Espectador.",23-09-2025,20-09-2025,Bogotá,,Cayeron ladrones de droguerías en Bogotá: robaban productos dermatológicos,https://www.elespectador.com/bogota/cayeron-ladrones-de-droguerias-en-bogota-robaban-productos-dermatologicos/
"Recuerde que este mal comportamiento no solo afecta el tránsito, sino que su reincidencia puede llevar a la suspensión de la licencia de conducción. ",Redacción Bogotá,bogota,"Audio generado con IA de Google
0:00
/
0:00
El Parque de la 93 fue objeto del más reciente operativo de la Secretaría de Movilidad contra conductores mal parqueados. El resultado fue la imposición de 29 órdenes de comparendo y dos inmovilizaciones a vehículos en estado de abandono.
Lea más: Zonas de parqueo pagas: solo pérdidas, que impiden financiar al SITP
Durante este año, la entidad distrital informó que ha realizado 10.824 operativos de recuperación del espacio público en la ciudad, sancionando a 43.727 conductores.
Estos controles los priorizan en zonas estratégicas de la ciudad, identificadas como focos de mal parqueo a partir de datos recopilados por la entidad, peticiones de la ciudadanía y trabajo conjunto con las alcaldías locales. Por ello, entre las localidades con mayor incumplimiento de la norma son Chapinero, Teusaquillo y Fontibón.
Y es que los mal parqueados no solo afectan a peatones y a otros conductores, sino la movilidad en general, al disminuir un 52 % la velocidad promedio en los corredores. “Pone en riesgo a peatones, ciclistas y conductores, y obstruye el paso de vehículos esenciales como ambulancias o carros de bomberos. Por eso, la entidad adelanta operativos de manera continua en toda la ciudad”, argumentó la Secretaría de Movilidad.
Le puede interesar: Sumapaz firma acuerdos clave con el Estado tras exigir atención a crisis histórica
Cabe recordar que estacionar en los lugares no autorizados no solo acarrea una sanción de $604.100, sino que quienes acumulen más de una infracción en seis meses pueden enfrentar la suspensión de la licencia de conducción. Cuenta de ello son los 8.295 casos abiertos por reincidencia entre enero y agosto de este año.
Para conocer más noticias de la capital y Cundinamarca, visite la sección Bogotá  de El Espectador.",23-09-2025,20-09-2025,Bogotá,,Las localidades más afectadas por mal parqueo: 43 mil conductores sancionados,https://www.elespectador.com/bogota/mas-de-43-mil-conductores-sancionados-por-mal-parqueo-estas-son-las-localidades-mas-afectadas/
40 paquetes rectangulares estaban ocultos y tenían como destino la ciudad de San Andrés. ,Redacción Bogotá,bogota,"Audio generado con IA de Google
0:00
/
0:00
En las últimas horas, la Policía Nacional capturó a mujer por tráfico de drogas. Los hechos se presentaron en una bodega de carga ubicada en las inmediaciones del Aeropuerto El Dorado.
Lea más: Cayeron ladrones de droguerías en Bogotá: robaban productos dermatológicos
Fue durante la realización de controles de seguridad por parte de los uniformados, que la persona encargada del envío de una encomienda adoptó una actitud sospechosa. Ante esta situación, uniformados procedieron a verificar el contenido de una caja donde había una estufa.
Sin embargo, al revisar a detalle, encontraron que en su interior había ocultos 40 paquetes rectangulares de marihuana (21 kilos) que tenían como destino la ciudad de San Andrés.
La mujer fue puesta bajo disposición de la Fiscalía y deberá responder por el delito de tráfico, fabricación o porte de estupefacientes.
Le puede interesar: Las localidades más afectadas por mal parqueo: 43 mil conductores sancionados
En lo corrido del año 2025, la Policía Metropolitana de Bogotá, en diferentes controles preventivos y operativos, ha logrado incautar en la capital más de 7,5 toneladas de marihuana.
Para conocer más noticias de la capital y Cundinamarca, visite la sección Bogotá  de El Espectador.",23-09-2025,20-09-2025,Bogotá,,Ocultos en una estufa: descubren a mujer en El Dorado llevando kilos de marihuana,https://www.elespectador.com/bogota/ocultos-en-una-estufa-descubren-a-mujer-en-el-dorado-llevando-kilos-de-marihuana/
"En el marco de la celebración de Amor y Amistad, las autoridades desarrollaron el despliegue.",Redacción Bogotá,bogota,"Audio generado con IA de Google
0:00
/
0:00
En el marco de la celebración de Amor y Amistad, la Alcaldía Local de San Cristóbal, en articulación con la Policía Nacional, la Personería de Bogotá y las Secretarías de Gobierno, Seguridad y Salud, adelantaron una jornada de control durante las últimas horas en 10 establecimientos de comercio de la localidad.
Lea más: Ocultos en una estufa: descubren a mujer en El Dorado llevando kilos de marihuana
Durante la verificación, las autoridades evidenciaron que dos de los establecimientos visitados no cumplían con la documentación requerida ni con las condiciones exigidas para su funcionamiento, por lo cual les fueron suspendidas sus actividades por un periodo de tres días. “En este tiempo, los propietarios deberán adelantar los trámites correspondientes y poner en regla su documentación para poder reabrir”, agregó la Alcaldía local.
Adicionalmente, en el operativo encontraron armas cortopunzantes y bebidas alcohólicas, con fecha de caducidad vencida.
Despliegan 2 mil policías para el Día de Amor y Amistad
La Secretaría de Seguridad y la Policía Metropolitana de Bogotá anunciaron un despliegue operativo y preventivo para este fin de semana de Amor y Amistad.
350 funcionarios del Distrito y 2.100 policías estarán desplegados en 19 localidades (Suba, Kennedy, Ciudad Bolívar, Engativá, Usme, Rafael Uribe, San Cristóbal, Bosa y Santa Fe) con especial presencia en zonas de rumba, centros comerciales, establecimientos de consumo de licor y espacios de alta afluencia de público.
Estas localidades son las que históricamente han registrado mayor número de incidentes para Amor y Amistad. Durante la misma celebración en 2024, por ejemplo, se registraron 10 homicidios, 67 lesiones por riñas y 16.074 incidentes de ruido y violencia intrafamiliar, principalmente en las primeras cuatro localidades mencionadas anteriormente.
Le puede interesar: Las localidades más afectadas por mal parqueo: 43 mil conductores sancionados
“En Bogotá no podemos permitir que una celebración termine en tragedia. Todo nuestro dispositivo está orientado a salvar vidas y prevenir violencias. Cada riña que evitamos es una vida que protegemos”, aseguró César Restrepo, secretario de Seguridad.
Para conocer más noticias de la capital y Cundinamarca, visite la sección Bogotá  de El Espectador.",23-09-2025,20-09-2025,Bogotá,,Jornada de control en San Cristóbal dejó al descubierto bares con alcohol vencido,https://www.elespectador.com/bogota/jornada-de-control-en-san-cristobal-dejo-al-descubierto-bares-con-alcohol-vencido-e-incautacion-de-armas/
La Fiscalía investiga cuál sería el móvil del homicidio. ,Redacción Bogotá,bogota,"Audio generado con IA de Google
0:00
/
0:00
La Policía Nacional, a través de unidades de la Seccional de Investigación Criminal (SIJIN) y en coordinación con el Cuerpo Técnico de Investigación (CTI), logró en las últimas horas la captura del presunto autor material del homicidio de un ciudadano, en el municipio de Guaduas (Cundinamarca).
Lea más: Cayeron ladrones de droguerías en Bogotá: robaban productos dermatológicos
El crimen ocurrió el pasado 16 de septiembre cuando la víctima se encontraba en una vía pública esperando un transporte con destino a la ciudad de Bogotá. Cámaras de seguridad grabaron el momento en que el hoy capturado y su cómplice, realizan rondas a bordo de una motocicleta y, sin mediar palabra, se acercan a José Edwin González Ibargüen, ocasionándole una herida mortal con arma de fuego a la altura del tórax.
A pesar de ser trasladado de inmediato al hospital San José de Guaduas, González falleció debido a la gravedad de la lesión.
Le puede interesar: Los argumentos con los que el Distrito defendió su decreto para la rumba en Bogotá
Sobre el móvil del hecho, la Fiscalía investiga si se trataría de una retaliación. Por su parte, el presunto actor criminal quedó bajo disposición del ente acusador por el delito de homicidio.
Para conocer más noticias de la capital y Cundinamarca, visite la sección Bogotá  de El Espectador.",23-09-2025,21-09-2025,Cundinamarca,,Capturan a supuesto sicario que mató a José Edwin González Ibargüen en Guaduas,https://www.elespectador.com/colombia/cundinamarca/capturan-en-guaduas-a-sujeto-que-asesino-a-su-victima-cuando-esperaba-transporte/
"Materiales como fragmentos de concreto, ladrillo, madera y residuos de PVC, entre otros, estaban siendo utilizados para el relleno de los terrenos. ",Redacción Bogotá,bogota,"Audio generado con IA de Google
0:00
/
0:00
La Corporación Autónoma Regional de Cundinamarca (CAR) impuso una medida preventiva con suspensión inmediata de actividades en un predio ubicado en la vereda Cerca de Piedra de Chía y otro en el sector Alto del Águila del municipio de Zipaquirá.
Lea más: Las localidades más afectadas por mal parqueo: 43 mil conductores sancionados
La razón, indicaron, fue el uso de Residuos de Construcción y Demolición (RCD) como concreto, ladrillo, madera y residuos de PVC, entre otros, para el relleno y la nivelación de terrenos.
Sin embargo, estas actividades ilegales tenía consecuencias. En el caso de Chía, generaba un escenario de riesgo de deslizamiento, mientras que en Zipaquirá, contaminaba una quebrada.
“En Chía, el relleno se estaría realizando en una zona de ladera, bordeando una vía pública. Por otra parte, en Zipaquirá, la disposición del material se estaría realizando en la ronda de una fuente hídrica innominada, lo que puede ocasionar la alteración de las características físicas y químicas de la quebrada debido a la contaminación por arrastre de sedimentos”, informó Bryan Martínez González, director de la CAR Sabana Centro.
Le puede interesar: Sumapaz firma acuerdos clave con el Estado tras exigir atención a crisis histórica
De esta manera, las medidas tienen por objetivo suspender la actividad que además tendrá un agravante dentro del proceso por incumplimiento de la norma, dado que su desarrollo afecta las condiciones del suelo y podría generar procesos de degradación del recurso, como la erosión y la compactación.
Para conocer más noticias de la capital y Cundinamarca, visite la sección Bogotá  de El Espectador.",23-09-2025,21-09-2025,Cundinamarca,,CAR sorprende actividades ilegales de relleno con escombros en Chía y Zipaquirá,https://www.elespectador.com/colombia/cundinamarca/car-sorprende-actividades-ilegales-de-relleno-con-escombros-en-chia-y-zipaquira/
"El activista Charlie Kirk fue recordado en Arizona con un homenaje que mezcla política y religión; Trump, JD Vance y Erika Kirk destacaron su legado y sus mensajes.",Redacción Mundo,mundo,"Audio generado con IA de Google
0:00
/
0:00
Este domingo se llevaron a cabo las exequias del activista de derecha Charlie Kirk, quien fue asesinado el pasado 10 de septiembre mientras daba un discurso en Orem, Utah. El evento se realizó en el estadio State Farm, en Glendale, Arizona, y reunió a miles de amigos y aliados políticos de Kirk.
🔑 Claves del homenaje a Charlie Kirk (por si tiene afán):
Durante la ceremonia, intervinieron familiares y políticos republicanos y de derecha estadounidenses. El presidente Donald Trump fue el último en hacer una intervención; antes de él, hablaron el vicepresidente J.D. Vance y la viuda del activista Erika Kirk, entre otros.
Le recomendamos: Homenaje a Charlie Kirk: Trump, Musk y líderes republicanos se reúnen en Arizona
Trump se refirió a Charlie Kirk como un mártir; sin embargo, dijo que no fue solamente uno cristiano (como lo hizo J.D. Vance), sino también uno estadounidense. “Nuestro mayor evangelista de la libertad estadounidense se volvió inmortal”, dijo Trump. “Ahora es un mártir por la libertad de Estados Unidos”, agregó.
El evento también se destacó porque logró reunir a Donald Trump y a Elon Musk, quienes se sentaron juntos pese a la separación y discusión pública que tuvieron en junio.
“Charlie Kirk es más grande hoy que nunca. Puede que eso no ayude a sus amigos y seres queridos, pero ellos saben que es verdad. Él ahora es eterno”, aseguró Trump en su intervención.
El mandatario añadió que “Charlie no odiaba a sus oponentes. Quería lo mejor para ellos. En eso discrepé con Charlie. Yo odio a mi oponente y no quiero lo mejor para él”.
Sin embargo, el mandatario aprovechó la oportunidad para anunciar que su administración había “encontrado una respuesta al autismo” y que la anunciaría la noche del lunes en la Casa Blanca.
Le podría interesar: Asesinato de Charlie Kirk evidencia violencia política y crisis armamentista en EE. UU.
👉 Intervenciones de familiares, amigos y colegas en homenaje a Kirk
El vicepresidente J.D. Vance, cercano a Charlie Kirk, atribuyó a su difunto amigo el mérito de las victorias políticas que los republicanos habían obtenido en los últimos años.
“Está aquí toda nuestra administración, pero no solo porque amábamos a Charlie como amigo —aunque así fue—, sino porque sabíamos que no estaríamos aquí sin él”, dijo Vance. “Charlie construyó una organización que transformó el equilibrio de nuestra política”.
“Debemos recordar que él es un héroe para los Estados Unidos de América y un mártir de la fe cristiana”, añadió el vicepresidente.
También puede leer: De Charlie Kirk a “Surrounded”: cómo los debates virales pueden radicalizarlo
La viuda Erika Kirk aseguró que el trabajo de su esposo quedó “incompleto” y que ahora ella lo completaría, ya que fue asignada como jefa de Turning Point USA, la organización que fundó Charlie Kirk, en la que viajaban por todo Estados Unidos para dar discursos sobre política conservadora en distintas universidades.
Además, perdonó públicamente al hombre que mató a su esposo. “Lo perdono porque eso es lo que hizo Cristo”, dijo. “La respuesta al odio no es el odio”, aseguró.
Marco Rubio, secretario de Estado, rindió homenaje a Charlie Kirk citando el mensaje del evangelio sobre la muerte y resurrección de Jesús. Stephen Miller, subjefe de personal de la Casa Blanca, vislumbró un despertar espiritual tras la muerte de Kirk.
El acto mezcló fervor religioso con un intenso llamado a la acción, diseñado para fortalecer el movimiento político del polémico activista, asesinado hace menos de quince días.
👀🌎📄 ¿Ya se enteró de las últimas noticias en el mundo? Invitamos a verlas en El Espectador.
🌏📰🗽 El Espectador, comprometido con ofrecer la mejor experiencia a sus lectores, ha forjado una alianza estratégica con The New York Times con el 30 % de descuento.
Este plan ofrece una experiencia informativa completa, combinando el mejor periodismo colombiano con la cobertura internacional de The New York Times. No pierda la oportunidad de acceder a todos estos beneficios y más. ¡Suscríbase aquí al plan superprémium de El Espectador hoy y viva el periodismo desde una perspectiva global!
📧 📬 🌍 Si le interesa recibir un resumen semanal de las noticias y análisis de la sección Internacional de El Espectador, puede ingresar a nuestro portafolio de newsletters, buscar “No es el fin del mundo” e inscribirse a nuestro boletín. Si desea contactar al equipo, puede hacerlo escribiendo a mmedina@elespectador.com o a cgomez@elespectador.com",23-09-2025,21-09-2025,América,,Así fue el homenaje a Charlie Kirk en Arizona: Trump y líderes republicanos presentes,https://www.elespectador.com/mundo/america/asi-fue-el-homenaje-a-charlie-kirk-en-arizona-trump-y-lideres-republicanos-presentes/
Estados Unidos exigirá US$ 100.000 anuales por visados para profesionales extranjeros y lanzará “tarjeta dorada” por mínimo un millón de dólares.,Agencia EFE,mundo,"Audio generado con IA de Google
0:00
/
0:00
Estados Unidos exigirá un pago anual de 100.000 dólares al año para conceder visados H1-B para profesionales altamente cualificados para favorecer contrataciones de estadounidenses en sectores de alto valor añadido, anunció este viernes el presidente Donald Trump, quien mencionó también una nueva “tarjeta dorada” a cambio de un pago mínimo de un millón de dólares.
🔑Las claves de las nuevas exigencias para la visa H1-B (por si tiene afán)
Según la proclamación firmada hoy por Trump, el incremento de las tarifas que las empresas pagan para poder contratar a extranjeros con la visa H-1B busca “proteger a los trabajadores estadounidenses”, al garantizar que las personas foráneas que se contraten tengan una cualificación tan alta que impida que las reemplace ningún nacional.
Le recomendamos: Redada en fábrica de Hyundai detuvo trabajadores con visas de negocios temporales
“La idea es que las grandes empresas tecnológicas y otras grandes compañías dejen de capacitar a trabajadores extranjeros”, dijo hoy el secretario de Comercio, Howard Lutnick, durante el acto para la firma del documento.
“Tendrán que pagar el salario completo al empleado (además de US$ 100.000 al año por el visado). No es rentable. Si van a capacitar a alguien, que sea a un recién graduado de una de las mejores universidades de nuestro país. Que capaciten a estadounidenses. Basta de traer extranjeros a ocupar nuestros empleos”, añadió Lutnick, que aseguró que “todas las grandes empresas están de acuerdo” con esta nueva política.
Trump ha criticado anteriormente el visado H1-B al considerar que, además de desincentivar la contratación de estadounidenses, fuerza un recorte a la baja de las bases salariales.
Le podría interesar: Trump planea cobra cien mil dólares para obtener este tipo de visa a EE. UU.
El H-1B es un visado de no inmigrante que permite a empleadores de EE. UU. contratar temporalmente a trabajadores extranjeros en ocupaciones especializadas y ha sido empleado de forma recurrente en años recientes por empresas del sector tecnológico como, por ejemplo, las que controla el magnate Elon Musk.
Según estimaciones basadas en datos del Gobierno, se cree que unas 700.000 personas viven actualmente en Estados Unidos con este visado, la mayoría procedentes de la India.
A su vez, Trump firmó hoy una orden ejecutiva para crear un nuevo tipo de programa para extranjeros altamente especializados y con gran respaldo financiero al que se ha bautizado como “tarjeta dorada”.
“Este programa creará una nueva vía para la obtención de visados, dirigida a extranjeros con habilidades extraordinarias que estén dispuestos a contribuir a Estados Unidos mediante el pago de un millón de dólares al Tesoro estadounidense, o bien con dos millones si una empresa patrocina a dicho individuo”, explicó Lutnick.
También puede leer: Así fue el homenaje a Charlie Kirk en Arizona: Trump y líderes republicanos presentes
Esto “les permitirá acceder a un trámite de visado acelerado como parte de este nuevo programa de la tarjeta dorada”, añadió el secretario de Comercio, que aseguró que hasta ahora EE. UU. ha estado recibiendo inmigrantes que se situaban profesionalmente “por debajo del promedio estadounidense”.
“Por eso, vamos a cambiarlo. Solo aceptaremos a personas con habilidades excepcionales. En lugar de que vengan a quitarle los empleos a los estadounidenses, crearán empresas y generarán empleos para ellos. Este programa recaudará más de US$ 100.000 millones para el Tesoro de los Estados Unidos, dinero que utilizaremos para reducir impuestos y la deuda pública”, concluyó.
👀🌎📄 ¿Ya se enteró de las últimas noticias en el mundo? Invitamos a verlas en El Espectador.
🌏📰🗽 El Espectador, comprometido con ofrecer la mejor experiencia a sus lectores, ha forjado una alianza estratégica con The New York Times con el 30 % de descuento.
Este plan ofrece una experiencia informativa completa, combinando el mejor periodismo colombiano con la cobertura internacional de The New York Times. No pierda la oportunidad de acceder a todos estos beneficios y más. ¡Suscríbase aquí al plan superprémium de El Espectador hoy y viva el periodismo desde una perspectiva global!
📧 📬 🌍 Si le interesa recibir un resumen semanal de las noticias y análisis de la sección Internacional de El Espectador, puede ingresar a nuestro portafolio de newsletters, buscar “No es el fin del mundo” e inscribirse a nuestro boletín. Si desea contactar al equipo, puede hacerlo escribiendo a mmedina@elespectador.com o a cgomez@elespectador.com",23-09-2025,21-09-2025,América,,EE. UU. exigirá 100.000 dólares al año para la visa de trabajo H1-B ,https://www.elespectador.com/mundo/america/ee-uu-exigira-100000-dolares-al-ano-para-la-visa-de-trabajo-h1-b/
"El primer ministro israelí, Benjamin Netanyahu, prometió este domingo que nunca habrá un Estado palestino y que Israel ampliará sus asentamientos en Cisjordania, en respuesta al reconocimiento formal de la soberanía palestina de parte del Reino Unido, Canadá y Australia.",Unidad de Video,mundo,,23-09-2025,22-09-2025,Más países,,Netanyahu dice que nunca habrá un Estado palestino,https://www.elespectador.com/mundo/mas-paises/netanyahu-dice-que-nunca-habra-un-estado-palestino/
"Así lo determinó un informe que presentó la Comisión de Determinación de los Hechos de las Naciones Unidas para Venezuela, en el que se lee, además, que “no existe autoridad nacional capaz de prevenir y sancionar las violaciones a los derechos humanos”. ",Agencia EFE,mundo,"Audio generado con IA de Google
0:00
/
0:00
La Comisión de Determinación de los Hechos de la ONU para Venezuela dijo este lunes que las investigaciones que ha efectuado a lo largo del último año, período en el que hubo un repunte de la represión relacionado con el resultado de las últimas elecciones presidenciales, confirman que sigue ocurriendo “el crimen de persecución por razones políticas”.
Destacó que “no existe autoridad nacional que haya demostrado ser capaz de prevenir, perseguir y sancionar las graves violaciones de los derechos humanos que constituyen crímenes internacionales”, por lo que “la única esperanza de justicia para las víctimas” recae en definitiva en la comunidad internacional.
En el pasado, esta comisión ha determinado en distintos informes la existencia de evidencia y ha documentado casos que indican que el Estado venezolano, a través de la cúpula del aparato gubernamental y de las fuerzas de seguridad, ha cometido crímenes de lesa humanidad.
El informe presentado hoy en Ginebra al Consejo de Derechos Humanos aporta “nueva evidencia de la dura represión postelectoral que siguió a los comicios presidenciales del 28 de julio de 2024” y establece que la persecución política “ha continuado en 2025 contra aquellos que defienden los derechos humanos y las libertades”.
Entre los elementos que aporta, la presidenta de la comisión, la jurista portuguesa Marta Valiñas, dijo que de las 25 muertes relacionadas con ese episodio represivo se pudieron examinar y documentar suficientemente 14, y que en doce de estas estaban involucradas las fuerzas de seguridad.
“En las protestas en la ciudad de Maracay, estado Aragua, miembros de la Guardia Nacional Bolivariana y de la 99ª Brigada del Ejército dispararon munición real contra los manifestantes. Seis personas murieron durante esos hechos. Una de ellas recibió un disparo con una escopeta a menos de 10 metros de distancia”, expuso Valiñas.
La jefa de la comisión también recordó que un año después de esos incidentes la Fiscalía “no ha informado sobre las investigaciones que dice haber realizado”, aunque desde el principio esta entidad aseguró que los cuerpos de seguridad no tenían responsabilidad alguna en las muertes y, por el contrario, acusó a la oposición. “Sin embargo, nuestra investigación ha revelado lo contrario y, hasta el momento, todas las muertes permanecen en la impunidad”, denunció.
En el documento entregado se subrayó que, ante las manifestaciones que se desataron tras los resultados electorales ofrecidos por el Consejo Nacional Electoral, el gobierno de Nicolás Maduro puso en operación “los métodos más duros de su maquinaria represiva” y destacó que la persecución política sigue.
Valiñas señaló que su grupo presentará en las próximas semanas un informe con las conclusiones detalladas sobre la responsabilidad de la Guardia Nacional Bolivariana en las violaciones de derechos humanos y los delitos internacionales documentados por la misión en los últimos años.
👀🌎📄 ¿Ya se enteró de las últimas noticias en el mundo? Invitamos a verlas en El Espectador.
El Espectador, comprometido con ofrecer la mejor experiencia a sus lectores, ha forjado una alianza estratégica con The New York Times con el 30 % de descuento.
Este plan ofrece una experiencia informativa completa, combinando el mejor periodismo colombiano con la cobertura internacional de The New York Times. No pierda la oportunidad de acceder a todos estos beneficios y más. ¡Suscríbase aquí al plan superprémium de El Espectador hoy y viva el periodismo desde una perspectiva global!
📧 📬 🌍 Si le interesa recibir un resumen semanal de las noticias y análisis de la sección Internacional de El Espectador, puede ingresar a nuestro portafolio de newsletters, buscar “No es el fin del mundo” e inscribirse a nuestro boletín. Si desea contactar al equipo, puede hacerlo escribiendo a mmedina@elespectador.com",23-09-2025,22-09-2025,Venezuela,,Maduro aplicó “los métodos más duros de represión” en Venezuela en el último año,https://www.elespectador.com/mundo/venezuela/maduro-aplico-los-metodos-mas-duros-de-represion-en-venezuela-en-el-ultimo-ano/
"El terminal de Bruselas, uno de los afectados, reportó cancelaciones en su itinerario aéreo, tanto de salida como de entrada. La compañía afectada por el daño aseguró que se encuentra en la etapa final de las actualizaciones para restaurar el servicio por completo. ",Redacción Mundo,mundo,"Audio generado con IA de Google
0:00
/
0:00
Los pasajeros en Europa se enfrentan a un nuevo día de retrasos en sus vuelos, mientras los funcionarios siguen lidiando con las consecuencias que dejó un ciberataque a la empresa detrás del software utilizado para el check-in y el embarque.
En los aeropuertos de Londres, Bruselas, Dublín y Berlín, algunos de los terminales afectados, se ha visto que las máquinas de entrega de equipaje han estado fuera de servicio y, en consecuencia, los trabajadores han optado por hacer el procesamiento de forma manual.
El daño, ocurrido el viernes, surgió de Collins Aerospace, un proveedor de software que trabaja con varias aerolíneas en todo el mundo. La compañía dijo el lunes que está trabajando con cuatro aeropuertos y aerolíneas afectadas, y que se encuentra en las etapas finales de las actualizaciones necesarias para restaurar la funcionalidad completa.
La Agencia de la Unión Europea para la Ciberseguridad aseguró que el daño fue ocasionado por un ransomware, un tipo de ciberataque en el que los hackers bloquean los datos y sistemas del objetivo para intentar obtener un rescate.
En medio de esto, un portavoz del aeropuerto de Bruselas afirmó que se cancelaron 40 de sus 277 vuelos de salida y 23 de sus 277 vuelos de llegada. En cambio, el británico Heathrow mencionó que “la gran mayoría de los vuelos están operando con normalidad, aunque la facturación y el embarque para algunos pueden demorar más de lo habitual”. Por su parte, el terminal de Dublín aseguró este lunes que no espera cancelaciones, aunque es una opción que aún no ha descartado.
👀🌎📄 ¿Ya se enteró de las últimas noticias en el mundo? Invitamos a verlas en El Espectador.
El Espectador, comprometido con ofrecer la mejor experiencia a sus lectores, ha forjado una alianza estratégica con The New York Times con el 30 % de descuento.
Este plan ofrece una experiencia informativa completa, combinando el mejor periodismo colombiano con la cobertura internacional de The New York Times. No pierda la oportunidad de acceder a todos estos beneficios y más. ¡Suscríbase aquí al plan superprémium de El Espectador hoy y viva el periodismo desde una perspectiva global!
📧 📬 🌍 Si le interesa recibir un resumen semanal de las noticias y análisis de la sección Internacional de El Espectador, puede ingresar a nuestro portafolio de newsletters, buscar “No es el fin del mundo” e inscribirse a nuestro boletín. Si desea contactar al equipo, puede hacerlo escribiendo a mmedina@elespectador.com",23-09-2025,22-09-2025,Europa,,Siguen los retrasos de varios vuelos en aeropuertos de Europa tras un ciberataque,https://www.elespectador.com/mundo/europa/siguen-los-retrasos-de-varios-vuelos-en-aeropuertos-de-europa-tras-un-ciberataque/
A finales de junio de 2025 entró en vigencia la nueva reforma laboral. Estos son los cambios que trae para los y las trabajadoras domésticas. ,Luna Mejía Farías,economia,"Audio generado con IA de Google
0:00
/
0:00
Desde el 25 de junio de 2025 rige la Ley 2466 de 2025, que moderniza la legislación laboral en Colombia. Entre sus disposiciones, dedica un artículo específico al trabajo doméstico —un sector con históricas brechas de formalización— y fija obligaciones claras para empleadores y derechos ampliados para las trabajadoras y los trabajadores del hogar.
Lea también: Nuevo pago de Jóvenes en Paz: confirman montos y fechas de los próximos giros
Contrato escrito
El artículo 33, titulado “Formalización del trabajo doméstico remunerado”, exige que toda persona contratada para labores domésticas (incluidas niñeras y cuidadore)— cuente con un contrato de trabajo escrito.
Ese contrato debe detallar funciones, modalidad de pago y condiciones, y debe registrarse en la Planilla Integrada de Liquidación de Aportes (PILA) para garantizar la afiliación a salud, pensión y demás prestaciones.
El incumplimiento puede acarrear sanciones por parte del Ministerio de Trabajo y multas o procedimientos por parte de la UGPP.
Le puede interesar: Bre-B arrancará el 6 de octubre: así lo confirmó el Banco de la República
Cambios en la estructura del salario
Desde septiembre de 2025, el salario de quienes trabajan en el servicio doméstico debe ajustarse al salario mínimo mensual legal vigente, que para este año es de $1.423.500, más un auxilio de transporte de $200.000.
En el caso de quienes laboran por días, el pago mínimo se calcula de forma proporcional: $47.450 diarios, más $6.667 de transporte, para un total de $54.117 por jornada, además de las prestaciones sociales correspondientes.
Sobre la forma de pago, el abogado laboral Víctor Julio Díaz explica: “Si una persona gana un salario mínimo puede recibir el 70% del salario en dinero y el otro 30 % en especie. Si devengan más del salario mínimo, pueden recibir el 50 % en dinero y el 50 % en especie. Entonces, para ellos, la reforma laboral no incrementa el salario. Solamente establece la obligación de hacer el contrato por escrito”.
Jornada, horas extra y recargos
La jornada máxima quedó establecida en 8 horas diarias y 42 horas semanales (de lunes a sábado). Las horas que excedan ese límite deben pagarse como horas extra.
Los recargos establecidos son por trabajo nocturno (entre 7:00 p. m. y 6:00 a. m.): recargo del 35 % sobre la hora normal, y por trabajo en domingos y festivos.
Respecto a lo anterior, se aplicará el recargo progresivo fijado por la reforma (80 % a partir de julio de 2025, 90 % en 2026 y 100 % desde 2027). Además, trabajar en jornada suplementaria o en condiciones especiales debe reflejarse en el contrato y en la liquidación de aportes (PILA).
Así mismo, la ley reafirma que las trabajadoras y trabajadores domésticos tienen derecho a vacaciones, cesantías, afiliación a salud y pensión, y demás prestaciones sociales.
💰📈💱 ¿Ya te enteraste de las últimas noticias económicas? Te invitamos a verlas en El Espectador.",23-09-2025,20-09-2025,Finanzas personales,,¿Trabaja en el sector doméstico? Le contamos lo que cambió con la reforma laboral,https://www.elespectador.com/economia/finanzas-personales/trabaja-en-el-sector-domestico-le-contamos-lo-que-cambio-con-la-reforma-laboral-noticias-hoy-noticias-colombia/
El pacto prevé que una junta dominada por estadounidenses y Oracle controlen los datos y el algoritmo de la aplicación para disipar temores de seguridad nacional.,Agencia AFP,economia,"Audio generado con IA de Google
0:00
/
0:00
El acuerdo para que la empresa matriz china de la popular aplicación de videos TikTok venda sus operaciones en Estados Unidos prevé la creación de una junta directiva dominada por estadounidenses, anunció este sábado una funcionaria de la Casa Blanca.
“Habrá siete puestos en la junta directiva que controlarán la aplicación en Estados Unidos, y seis de ellos serán estadounidenses”, declaró la secretaria de prensa de la Casa Blanca, Karoline Leavitt, a Fox News.
🔑Las claves de las negociaciones de TikTok y la Casa Blanca (por si tiene afán)
“Los datos y la confidencialidad serán supervisados por una de las mejores empresas tecnológicas estadounidenses, Oracle, y el algoritmo también será controlado por Estados Unidos”, añadió.
La Casa Blanca ha amenazado a la plataforma china con prohibir sus actividades locales por motivos de seguridad nacional si no vende su negocio en Estados Unidos.
Le recomendamos: Trump planea cobra cien mil dólares para obtener este tipo de visa a EE. UU.
Según Leavitt, todos estos puntos forman parte de una acuerdo entre las partes, al que solo le quedan unos detalles por cerrar. “Creo que esto sucederá en los próximos días”, prosiguió.
El presidente de Estados Unidos, Donald Trump, dijo el viernes, tras una llamada con su homólogo chino, Xi Jinping, que la firma de un acuerdo sobre TikTok podía ser ahora una “simple formalidad”.
A diferencia de Washington, Pekín no se ha pronunciado sobre la conversación que mantuvieron los dos jefes de Estado.
Sobre TikTok, el líder chino se limitó a pedir a la Casa Blanca que “ofrezca un entorno empresarial abierto, justo y no discriminatorio a las empresas chinas que invierten en Estados Unidos”.
Las negociaciones tienen lugar en un momento en que una ley estadounidense prevé prohibir la plataforma en Estados Unidos por motivos de seguridad nacional.
También le puede interesar: Revés para Trump contra la prensa: desestiman su demanda contra el New York Times
Pero desde su regreso al poder, Trump ha buscado una forma de mantenerla en funcionamiento, mediante la venta de las actividades de TikTok en Estados Unidos a un consorcio de inversores estadounidenses, entre los que se encuentra su aliado Larry Ellison, director de Oracle.
El presidente considera que TikTok le ayudó a aumentar su popularidad entre los jóvenes estadounidenses en la última campaña presidencial.
Según informaciones publicadas por The Wall Street Journal el viernes por la noche, el gobierno estadounidense pretende obtener una comisión de varios miles de millones de dólares por su papel de intermediario en las negociaciones.
👀🌎📄 ¿Ya se enteró de las últimas noticias en el mundo? Invitamos a verlas en El Espectador.
🌏📰🗽 El Espectador, comprometido con ofrecer la mejor experiencia a sus lectores, ha forjado una alianza estratégica con The New York Times con el 30 % de descuento.
Este plan ofrece una experiencia informativa completa, combinando el mejor periodismo colombiano con la cobertura internacional de The New York Times. No pierda la oportunidad de acceder a todos estos beneficios y más. ¡Suscríbase aquí al plan superprémium de El Espectador hoy y viva el periodismo desde una perspectiva global!
📧 📬 🌍 Si le interesa recibir un resumen semanal de las noticias y análisis de la sección Internacional de El Espectador, puede ingresar a nuestro portafolio de newsletters, buscar “No es el fin del mundo” e inscribirse a nuestro boletín. Si desea contactar al equipo, puede hacerlo escribiendo a mmedina@elespectador.com o a cgomez@elespectador.com",23-09-2025,20-09-2025,América,,Trump anuncia pacto para venta de TikTok con directiva dominada por estadounidenses,https://www.elespectador.com/mundo/america/trump-anuncia-pacto-para-venta-de-tiktok-con-directiva-dominada-por-estadounidenses/
La CRC pide que se garantice la sostenibilidad y la eficiencia dinámica del sector de las comunicaciones en el futuro.,Redacción Economía,economia,"Audio generado con IA de Google
0:00
/
0:00
Para la integración empresarial entre Tigo-Une (Colombia Móvil) y Movistar (Telefónica Colombia), la Comisión de Regulación de Comunicaciones (CRC) emitió un nuevo concepto técnico complementario.
El proceso se encuentra en evaluación por parte de la Superintendencia de Industria y Comercio (SIC), autoridad con la competencia exclusiva para autorizar o rechazar la operación.
¿Qué dice la CRC de la integración?
Con este análisis complementario, la CRC aporta una visión que busca anticipar riesgos, identificar oportunidades y fortalecer la solidez de la decisión que deba adoptar la autoridad de competencia.
Estas son las principales conclusiones del concepto:
Este concepto también recuerda que las decisiones en materia de competencia no solo tienen efectos inmediatos sobre precios, sino que son determinantes para asegurar la inversión, la innovación y la calidad del servicio en el mediano y largo plazo.
La CRC pide que se garantice la sostenibilidad y la eficiencia dinámica del sector en el futuro.
“El análisis resalta que este enfoque está alineado con las mejores prácticas internacionales de política de competencia y regulación de telecomunicaciones, lo que refuerza la pertinencia y solidez del acompañamiento que se brinda a la SIC”, dice la entidad.
Este nuevo pronunciamiento complementa el emitido por la CRC el pasado 14 de mayo de 2025 y busca acompañar técnicamente que la Comisión brinda a la SIC, en cumplimiento de sus competencias.
“La Comisión continuará aportando evidencia y análisis para que las decisiones que se adopten fortalezcan la competencia, promuevan la innovación y aseguren más y mejores servicios de telecomunicaciones para todos los colombianos”, señaló Claudia Ximena Bustamante, Comisionada y Directora Ejecutiva de la CRC.
Bustamante recuerda que el insumo no constituye una aprobación ni un rechazo por parte de la Comisión, sino de un análisis independiente que aporta evidencia y criterios regulatorios. En últimas, el propósito es garantizar que cualquier decisión preserve entornos competitivos en beneficio de los usuarios.
💰📈💱 ¿Ya te enteraste de las últimas noticias económicas? Te invitamos a verlas en El Espectador.",23-09-2025,20-09-2025,Empresas,,Integración entre Tigo-Une y Movistar: la CRC advierte los riesgos de la operación,https://www.elespectador.com/economia/empresas/integracion-entre-tigo-une-y-movistar-la-crc-advierte-los-riesgos-de-la-operacion/
El programa también le dará inicio a una línea complementaria de trayectorias de vida. ¿En qué consiste?,Redacción Economía,economia,"Audio generado con IA de Google
0:00
/
0:00
Comienza un nuevo ciclo de pagos para 22.179 estudiantes que hacen parte del programa Renta Joven. Estas transferencias tendrán una inversión superior a los $10.250 millones, de acuerdo con el director general de Prosperidad Social, Mauricio Rodríguez Amaya.
¿Quiénes recibirán el dinero y cuándo?
Fechas de pago
Desde el 19 de septiembre se realizan las entregas en las modalidades de abono a cuenta y por giro.
De otro lado, en noviembre se llevará a cabo la transferencia a más de 208.000 estudiantes por concepto de matrícula del primer semestre de 2025, con una inversión de $82.000 millones.
Formas de entrega
Estas entregas se realizarán en dos modalidades:
🚨 Atención: puede consultar si el giro está disponible entre el 26 de septiembre al 5 de octubre a través del enlace de consulta de giros del Banco Agrario.
¿Qué es “trayectorias de vida”?
El programa Renta Joven complementará su transferencia monetaria con la promoción de la asociatividad, para fortalecer la inclusión productiva de las y los estudiantes y garantizar su continuidad en la educación superior a largo plazo.
Es por eso que a partir del 29 de septiembre comienza la implementación de trayectorias de vida, donde se promoverán y fortalecerán los modelos asociativos, impulsados por las y los jóvenes.
“Queremos que cada joven no solo reciba una transferencia, sino que encuentre un camino para organizarse, aprender, emprender y transformar su territorio junto con otros y otras, porque el futuro se construye en comunidad”, expresó Rodríguez Amaya.
💰📈💱 ¿Ya te enteraste de las últimas noticias económicas? Te invitamos a verlas en El Espectador.",23-09-2025,20-09-2025,Finanzas personales,,Renta Joven inicia nuevo ciclo de pago: fechas y cómo reclamar el dinero,https://www.elespectador.com/economia/finanzas-personales/renta-joven-inicia-nuevo-ciclo-de-pago-fechas-y-como-reclamar-el-dinero/
"A nueve meses del torneo organizado en Estados Unidos, México y Canadá se ha presentado un escenario atípico para las empresas de suvenires.",Agencia AFP,economia,"Audio generado con IA de Google
0:00
/
0:00
A nueve meses del torneo organizado en Estados Unidos, México y Canadá, los fabricantes de gorras, pulseras, banderas o sombreros con el emblema de las selecciones nacionales deberían ir desbordados de pedidos.
Especialmente en Yiwu, en el este de China, uno de los principales centros mundiales de producción al por mayor de pequeños artículos que atrae a compradores de todo el mundo.
Pero los múltiples giros de la guerra comercial entre Pekín y Washington, especialmente la persistente incertidumbre sobre el monto de los aranceles que el presidente estadounidense Donald Trump decidirá imponer a los productos chinos, hacen dudar a los clientes.
En los pasillos de la fábrica Yiwu Wells Knitting Products, los obreros dan los toques finales a una multitud de accesorios deportivos.
“Estamos en este sector desde hace más de 10 años y fabricamos productos derivados de la Copa del Mundo para casi cada torneo”, explica Shang a AFP.
“Este año conseguimos pedidos pequeños. Pero los más importantes, que están en espera, aún no se concretan seguramente debido a los aranceles estadounidenses”, añade.
Un millón de artículos
En la fábrica, los trabajadores utilizan máquinas de coser para fijar flecos en los extremos de las bufandas mientras otros planchan.
China y Estados Unidos prorrogaron su tregua comercial hasta noviembre, evitando así la imposición recíproca de aranceles prohibitivos de tres cifras sobre sus productos.
La empresa donde trabaja Shang aún espera que sus clientes validen los grandes pedidos, que en conjunto representan alrededor de un millón de artículos.
Otros indicios de esta actitud contemplativa se encuentran en la inmensa “Ciudad del Comercio Internacional” de Yiwu, uno de los mayores mercados mayoristas del mundo.
En los pasillos iluminados con neón, los puestos que ofrecen balones de fútbol o banderas tienen poca afluencia en comparación con la habitual presencia de compradores extranjeros.
Los productos derivados son numerosos, desde anteojos de sol con los colores de las banderas de distintos países hasta llaveros de los que cuelgan mini botines.
“En esta época, antes del último Mundial, teníamos un gran flujo de pedidos masivos”, explica a AFP Daisy Dai, que vende balones impresos. Pero este año “los clientes dudan”.
Los compradores estadounidenses representaban antes una gran parte de su clientela, pero “desde el inicio de la guerra comercial, algunas grandes marcas dejaron de hacer pedidos por la falta de claridad sobre los aranceles”, explica.
A su lado, Zhu Yanjuan, vendedora de banderas y pequeños productos relacionados con la Copa del Mundo, explica que su volumen de pedidos del extranjero se ralentizó.
“Al fin y al cabo, no son productos de primera necesidad”, señala. Aun así permanece optimista: “las cosas mejorarán poco a poco”.
💰📈💱 ¿Ya te enteraste de las últimas noticias económicas? Te invitamos a verlas en El Espectador.",23-09-2025,20-09-2025,Macroeconomía,,¿Cómo los aranceles de Estados Unidos afectan al Mundial de fútbol 2026?,https://www.elespectador.com/economia/macroeconomia/como-los-aranceles-de-estados-unidos-afectan-al-mundial-de-futbol-2026/
"Las dinámicas de movilidad en Bogotá hacen que viajar por la ciudad sea una experiencia compleja. Trancones, obras, siniestros y eventos masivos se atienden desde un fuerte que nunca se detiene. Nos adentramos en él para ver cómo funciona.",Miguel Ángel Vivas Tróchez,bogota,"Dicen que quien se adapte al tránsito de un día normal en Bogotá, sin importar el medio de transporte, puede hacerlo en cualquier parte del mundo. Y si viene desde un municipio aledaño, sorteando el caos de los accesos a la capital, tiene máster en la materia.
Parece exagerado, pero no lo es: basta recordar que esta es una de las capitales con el peor tráfico del mundo, en la que sus habitantes a diario enfrentan retos como la modesta oferta de transporte público, eternos trancones, bloqueos, accidentes y ni hablar de los desvíos y las...",23-09-2025,21-09-2025,Bogotá,Suscriptores,Gestión al caos: así funciona el cerebro de la movilidad en Bogotá,https://www.elespectador.com/bogota/gestion-al-caos-asi-funciona-el-cerebro-de-la-movilidad-en-bogota/
El homicidio ocurrió en la Av. Villavicencio con carrera 87C. La Policía busca a los sicarios a partir de videos y testimonios. ,Redacción Bogotá,bogota,"Audio generado con IA de Google
0:00
/
0:00
Durante la noche del sábado 20 de septiembre, ocurrió un homicidio en el barrio Tintalito II, localidad de Kennedy. Según testigos, sobre las 10:30 de la noche, cuatro sujetos que iban a bordo de un bicitaxi se bajaron en uno de los frentes de obra de la Empresa Metro, para cometer el asesinato.
Lea más: Capturan en Guaduas a sujeto que asesinó a su víctima cuando esperaba transporte
De acuerdo con el reporte de la Policía Metropolitana de Bogotá, la víctima, entre los 25 y 30 años, presentaba una lesión en la cabeza producida por impacto de arma de fuego y hasta el momento se desconoce su identidad.
Al lugar, arribaron uniformados y el cuerpo del CTI de la Fiscalía para realizar el respectivo levantamiento del cadáver a la altura de la Av. Villavicencio con carrera 87C.
La Policía ya cuenta con videos de cámaras de seguridad, además de los testimonios de vecinos y el conductor del bicitaxi para establecer la identidad y paradero de los homicidas quienes huyeron a pie.
Será entonces la Fiscalía quien investigue y determine cuál es el móvil del asesinato.
Preocupa el panorama de homicidios con armas en Bogotá
La violencia continúa en la ciudad y los datos que salen a la luz no dejan un buen pronóstico. En esta oportunidad, el concejal Julián Sastoque lanzó una alerta sobre el desbordado uso de armas de fuego en Bogotá.
Como lo dio a conocer el concejal, según cifras del sistema estadístico de la Policía Nacional, en 2024 se cometieron 716 homicidios con arma de fuego, lo que representa un aumento del 28% frente a 2022 y un crecimiento de 129 casos respecto a 2023.
El 59% de todos los homicidios del año pasado se cometieron con este tipo de armas. Entre enero y mayo, se registran 318 homicidios con arma de fuego, frente a 266 del mismo periodo del año anterior. Esto representa un aumento superior al 10%, en apenas cinco meses.
Le puede interesar: Las localidades más afectadas por mal parqueo: 43 mil conductores sancionados
“Las cifras son escalofriantes. El asesinato se está normalizando en Bogotá y las armas de fuego están en el centro de esta tragedia. ¿Dónde están las estrategias de la administración para frenar esta barbarie?”, cuestionó Sastoque.
Como lo dio a conocer el cabildante, además del homicidio, el uso de armas en otros delitos también revela una ciudad azotada por la violencia. Entre enero y mayo de 2025 se han registrado 25 secuestros, de los cuales 19 fueron perpetrados con armas de fuego, casi el doble de los 11 reportados durante todo 2024.
Para conocer más noticias de la capital y Cundinamarca, visite la sección Bogotá  de El Espectador.",23-09-2025,21-09-2025,Bogotá,,Lo asesinaron y dejaron su cadáver  en un frente de obra del Metro de Bogotá,https://www.elespectador.com/bogota/encuentra-cadaver-de-hombre-asesinado-en-uno-de-los-frentes-de-obra-del-metro/
"Bogotá es la novena ciudad del continente con peor movilidad y todo un complejo sistema de acción y movimiento que requiere de una precisión quirúrgica para coordinarlos. Esto sucede en el centro de gestión del tránsito, un recinto conectado a 8.123 cámaras desde donde es posible observar todo lo que ocurre en las calles de la capital.",Miguel Ángel Vivas Tróchez,bogota,,23-09-2025,21-09-2025,Bogotá,,En medio de trancones y obras: así funciona el cerebro de la movilidad en Bogotá,https://www.elespectador.com/bogota/en-medio-de-trancones-y-obras-asi-funciona-el-cerebro-de-la-movilidad-en-bogota/
"Se trata de cuatro hombres y una mujer, todos con órdenes de captura vigentes por delitos como hurto y homicidio.",Redacción Bogotá,bogota,"Audio generado con IA de Google
0:00
/
0:00
La Policía Metropolitana de Bogotá presentó un cartel con los rostros de los integrantes más buscados de la estructura delincuencial conocida como Los Maracuchos, una de las bandas transnacionales con presencia en la ciudad que, pese a los frecuentes golpes de las autoridades, aún no ha podido ser desarticulada.
Le puede interesar: Gestión al caos: así funciona el cerebro de la movilidad en Bogotá
De acuerdo con las autoridades, las personas que conforman el cartel están vinculadas a la comisión de delitos graves como homicidio, concierto para delinquir, lesiones personales y hurto, entre otros.
Se trata de Luis Rolando Osorio Arévalo, alias “Mizono el Viejo”; Luis Enrique Moreno García, alias “Tuerto” o “Visco”; Ángel Emmanuel Izarra Martínez, alias “Ángel”; Martín Adolfo Leal, alias “Martín”; y Jennifer Andrea Alonso Cruz, conocida en el ámbito criminal simplemente como “Andrea”. Todos ellos tienen órdenes de captura vigentes.
Si ha visto a alguna de estas personas, o tiene información valiosa que permita a las autoridades dar con su paradero, puede comunicarse con la línea segura de la Policía al 305 768 1448, o escribir al correo electrónico mebog.sijin-uni@policia.gov.co.
También puede realizar su denuncia en un CAI o llamando directamente a la línea 123.
Recientemente, autoridades judicializaron a 12 presuntos integrantes de Los Maracuchos, vinculados con al menos 6 homicidios violentos en Bogotá, actos de tortura y tráfico de estupefacientes en localidades como Los Mártires y Kennedy.
Los señalados fueron capturados en diligencias realizadas de manera conjunta con la Policía Nacional en las localidades de Los Mártires, Rafael Uribe Uribe y Kennedy, en Bogotá; en Chinauta (Cundinamarca) y en Villavicencio (Meta). En las diligencias fueron incautadas armas de fuego, proveedores, cartuchos de distintos calibres, celulares y dinero en efectivo.
Para conocer más noticias de la capital y Cundinamarca, visite la sección Bogotá  de El Espectador.",23-09-2025,22-09-2025,Bogotá,,Policía presentó a los delincuentes más buscados de la banda ‘Los Maracuchos’,https://www.elespectador.com/bogota/policia-presento-a-los-delincuentes-mas-buscados-de-la-banda-los-maracuchos/
"Mientras crece el apoyo internacional hacia Palestina, Gaza enfrenta bombardeos, hospitales colapsados y miles de desplazados sin refugio.",Laura Henao Arévalo,mundo,"En Gaza, las personas no duermen por el miedo a las bombas que envía Israel. Las ofensivas de este país hacia Palestina han destruido la mayoría de las viviendas e infraestructuras clave de la ciudad, como los hospitales, que cada vez cuentan con menos capacidad y recursos para atender a la población herida.
Según Tareq Aby Azzoum, periodista en Gaza para Al Jazeera, Israel sigue utilizando drones para advertir a los civiles que huyan hacia el sur de Gaza, un espacio ya muy saturado por las familias desplazadas.
“La mayoría de los palestinos en...",23-09-2025,22-09-2025,Más países,Suscriptores,Reconocimiento de Palestina: simbolismo vs. realidad jurídica,https://www.elespectador.com/mundo/mas-paises/reconocimiento-de-palestina-en-la-onu-basta-para-frenar-la-crisis-humanitaria/
"Entrevista con Fumiaki Noya, traductor al japonés de las obras del premio Nobel de Literatura colombiano.",Nelson Fredy  Padilla,mundo,,23-09-2025,22-09-2025,El Magazín Cultural,,“García Márquez me enseñó a entender el mamagallismo”,https://www.elespectador.com/el-magazin-cultural/garcia-marquez-me-enseno-a-entender-el-mamagallismo/
"En su opinión, la iniciativa rusa podría contribuir a la creación de una atmósfera favorable para la reanudación del diálogo estratégico con Washington, estancado desde hace años. ",Agencia EFE,mundo,"Audio generado con IA de Google
0:00
/
0:00
El presidente ruso, Vladímir Putin, le propuso a Estados Unidos prolongar por un año el START III, el último tratado de desarme nuclear aún vigente entre ambas potencias y que expira el 5 de febrero de 2026.
“Rusia está dispuesta a seguir por espacio de un año ateniéndose a las limitaciones contempladas por el START III”, dijo el líder del Kremlin, en directo por la televisión, durante una reunión del Consejo Seguridad de Rusia.
Con todo, matizó que esa medida “solo será viable con la condición de que Estados Unidos actúe de manera análoga y no dé pasos que minen o destruyan la actual equivalencia de potenciales de disuasión”.
Putin calificó de paso “erróneo” y “corto de miras” desde “muchos puntos de vista” una posible renuncia definitiva de Estados Unidos al tratado, que fue firmado en abril de 2010 por los entonces presidentes Barack Obama y Dmitri Medvédev.
“En particular, repercutiría negativamente, bajo nuestro punto de vista, a la hora de garantizar los objetivos del Tratado de No Proliferación Nuclear”, señaló. Al tiempo que acusó de nuevo a Occidente de la “degradación” de la estabilidad estratégica, subrayó que Moscú considera “justificado mantener el statu quo” para evitar una mayor carrera armamentista.
En su opinión, la iniciativa rusa podría contribuir a la creación de una atmósfera favorable para la reanudación del diálogo estratégico con Washington, estancado desde hace años. Eso sí, pidió a los departamentos correspondientes que analicen “escrupulosamente” las actividades de la parte estadounidense en materia de arsenales estratégicos, sistemas de defensa antimisiles y despliegue de armamento en el espacio.
Pasos desestabilizadores como esos por parte de Estados Unidos “pueden echar por tierra los esfuerzos por nuestra parte para mantener el statu quo en el ámbito del START. Reaccionaremos de la manera adecuada”, advirtió. Putin subrayó que “nadie debe tener ninguna duda: Rusia está en disposición de responder a cualquier amenaza (...), no de palabra, sino con la adopción de medidas técnico-militares”.
Recordó que hace unos meses el Kremlin renunció a la moratoria al emplazamiento de misiles de corto y medio alcance como reacción del despliegue en Europa y la región de Asia-Pacífico de sistemas análogos estadounidenses y occidentales “que amenazan directamente la seguridad de Rusia”.
En los últimos meses, Moscú ha asegurado en varias ocasiones que se acababa el tiempo para renovar el START III, también conocido como Nuevo START.
Putin suspendió la aplicación del tratado, aunque no llegó a denunciarlo, el 21 de febrero de 2023, razón por la cual los especialistas occidentales no han podido inspeccionar las instalaciones rusas. El tratado limita el número de armas nucleares estratégicas, con un máximo de 1.550 cabezas nucleares y 700 sistemas balísticos para cada una de las dos potencias, en tierra, mar o aire.
👀🌎📄 ¿Ya se enteró de las últimas noticias en el mundo? Invitamos a verlas en El Espectador.
El Espectador, comprometido con ofrecer la mejor experiencia a sus lectores, ha forjado una alianza estratégica con The New York Times con el 30 % de descuento.
Este plan ofrece una experiencia informativa completa, combinando el mejor periodismo colombiano con la cobertura internacional de The New York Times. No pierda la oportunidad de acceder a todos estos beneficios y más. ¡Suscríbase aquí al plan superprémium de El Espectador hoy y viva el periodismo desde una perspectiva global!
📧 📬 🌍 Si le interesa recibir un resumen semanal de las noticias y análisis de la sección Internacional de El Espectador, puede ingresar a nuestro portafolio de newsletters, buscar “No es el fin del mundo” e inscribirse a nuestro boletín. Si desea contactar al equipo, puede hacerlo escribiendo a mmedina@elespectador.com",23-09-2025,22-09-2025,Europa,,Putin le propone a EE. UU. prolongar un año más un tratado sobre desarme nuclear,https://www.elespectador.com/mundo/europa/putin-le-propone-a-estados-unidos-prolongar-un-ano-mas-un-tratado-sobre-desarme-nuclear/
"El despliegue militar de EE. UU. refuerza la presión sobre Maduro, pero revela límites y riesgos de una intervención en Venezuela.",Txomin Las Heras Leizaola*,mundo,"Audio generado con IA de Google
0:00
/
0:00
En medio del ruido mediático que se ha generado por los movimientos militares de Estados Unidos en el sur del Caribe, de la propaganda desplegada por Washington y Caracas para defender sus posturas, y de las alertas que se han activado en algunas capitales de la región por las consecuencias que podría traer una eventual intervención militar en Venezuela, cabe preguntarse qué pasaría si, al final, no ocurre nada que cambie el actual estado de cosas que mantiene a Nicolás Maduro en el poder.
No se trata de una pregunta retórica, pues tenemos un importante antecedente ocurrido durante la primera administración de Donald Trump (2017-2021), cuando se ejerció gran presión sobre el gobierno venezolano a través del incremento de las sanciones personales sobre figuras del régimen y de sanciones financieras para afectar su economía; del apoyo diplomático al gobierno interino de Juan Guaidó, secundado por más de cincuenta países; y de una velada amenaza de injerencia militar reflejada en la famosa frase “todas las opciones están sobre la mesa”, repetida por los principales colaboradores del mandatario republicano.
Trump dejó la Casa Blanca sin que, efectivamente, pasara nada, y el gobierno de Joe Biden, que lo sucedió, cambió de estrategia al volcarse hacia unas negociaciones que buscaban abrir la puerta a una salida democrática en Venezuela a través de las elecciones previstas para 2024, a cambio de un relajamiento de las sanciones económicas que pesaban sobre el país suramericano. Esto también terminó en un estruendoso fracaso tras el monumental fraude cometido en los comicios presidenciales del 28 de julio de 2024, en los que se desconoció el amplio triunfo del candidato opositor apoyado por María Corina Machado, Edmundo González Urrutia.
Curiosamente, el regreso de Trump no varió en un primer momento de manera significativa la estrategia negociadora implementada por los demócratas. Se produjo tanto un intercambio de prisioneros norteamericanos en Venezuela por migrantes venezolanos detenidos en El Salvador, como un alivio aún mayor de las sanciones que pesan sobre Caracas, sintetizado en el restablecimiento parcial de la licencia a la empresa petrolera Chevron para continuar con sus negocios en tierras venezolanas. Una medida nada agresiva contra los gobernantes venezolanos y que fue recibida con gran algarabía en el Palacio de Miraflores.
El despliegue de la flota naval norteamericana en las cercanías de las costas de Venezuela, con la discutible excusa de la lucha contra el narcotráfico, después de haber declarado al Cartel de los Soles como grupo terrorista y denunciado a Nicolás Maduro como su principal líder —por cuya captura se elevó la recompensa a 50 millones de dólares— sí supone un cambio en la actitud del gobierno norteamericano hacia una posición de mayor dureza, igual que en el primer cuatrienio de Trump, como se señaló antes. Sin embargo, algunos factores podrían estar indicando que tampoco se llegará al extremo de una intervención armada.
Le puede interesar: Maduro llevará militares a los barrios de Venezuela para entrenar a la población en el uso de armas
Es indudable que se está ejerciendo una amenaza creciente sobre el régimen venezolano, buscando probablemente llegar a algún tipo de negociación que posibilite la salida de Maduro del poder y la apertura de un proceso de transición a la democracia. El ataque a una embarcación que presuntamente transportaba drogas desde Venezuela apunta precisamente en esa dirección.
Algunos voceros del gobierno norteamericano han hablado de “máxima presión”, pero el subsecretario de Estado, Christopher Landau, aclaró hace pocos días que no está planteada una acción militar para derrocar al mandatario venezolano y reiteró que esa tarea le corresponde al pueblo de Venezuela. Por cierto, la canciller de Colombia, Rosa Villavicencio, coincidió recientemente con este planteamiento al afirmar que “no hay intención de una intervención”.
Esta posición es congruente con la política exterior de carácter aislacionista defendida por el gobierno de Trump, quien ha querido diferenciarse de sus antecesores en el cargo, tanto demócratas como republicanos, en lo referente a las políticas que en el pasado llevaron a diversas intervenciones armadas en el exterior, como las de Irak y Afganistán, por solo citar algunas.
El presidente norteamericano no ha escondido sus intenciones de hacerse acreedor del Premio Nobel de la Paz y, para ello, se ha atribuido mediaciones exitosas en varios brotes de conflictos armados surgidos en diferentes partes del mundo, como entre la India y Pakistán, así como entre Tailandia y Myanmar. Si bien ha expresado su apoyo total a Israel en el caso de la Franja de Gaza y en su enfrentamiento con Irán —lo que podría verse como una excepción—, también ha desplegado, aunque sin éxito alguno por el momento, todos sus esfuerzos para poner fin a la guerra entre Ucrania y Rusia.
En este sentido, no luciría coherente una acción bélica terrestre en Venezuela que, más allá de la evidente superioridad militar sobre el país latinoamericano, podría llevar a un terreno desconocido con imprevisibles consecuencias. Si comparamos este caso con la invasión a Panamá en 1989 para derrocar a Manuel Noriega, Venezuela es una nación geográficamente más grande y compleja, con grandes ciudades, donde además actúan grupos guerrilleros colombianos, como el Ejército de Liberación Nacional (ELN), que verían esta ocasión como una oportunidad de oro para justificar su lucha.
Si la intención de Washington no es generar una incursión armada, cobra fuerza la explicación de que este despliegue de fuerza bélica en el Caribe podría formar parte de una operación propagandística del trumpismo para volver a conectar con la población latina estadounidense, cuyas relaciones con el gobierno se han visto muy deterioradas tras las agresivas políticas migratorias adoptadas desde que Trump llegó al poder en enero de 2025. Los estados de Florida y Texas, con un decisivo electorado de origen latino, son clave para la pretensión republicana de alcanzar una clara mayoría tanto en la Cámara de Representantes como en el Senado en las elecciones de medio mandato previstas para 2026.
Si bien esta escalada entre Estados Unidos y Venezuela ejerce presión sobre el régimen venezolano, también le sirve a este para fortalecer la narrativa nacionalista y antiimperialista, que su aparato de propaganda aprovecha al máximo en un intento —es pronto para decir si con éxito o no— por aglutinar en torno suyo a una población que ha dado claras muestras de desapego y hartazgo hacia Maduro.
Vea también: Maduro aplicó “los métodos más duros de represión” en Venezuela en el último año
También es una oportunidad para el presidente venezolano de romper el aislamiento internacional que padece por parte del mundo democrático, especialmente tras el fraude electoral que lo mantuvo en el poder, al recabar apoyos de países —particularmente de América Latina— que rechazan una intervención armada. Las posiciones expresadas sobre este tema por el presidente de Colombia, Gustavo Petro, son un claro ejemplo de ello.
*Investigador adscrito al Observatorio de Venezuela de la Universidad del Rosario e investigador principal del Radar Colombia-Venezuela, en alianza con la Fundación Konrad Adenauer, así como presidente de Diálogo Ciudadano Colombo-Venezolano.
👀🌎📄 ¿Ya se enteró de las últimas noticias en el mundo? Invitamos a verlas en El Espectador.
El Espectador, comprometido con ofrecer la mejor experiencia a sus lectores, ha forjado una alianza estratégica con The New York Times con el 30 % de descuento.
Este plan ofrece una experiencia informativa completa, combinando el mejor periodismo colombiano con la cobertura internacional de The New York Times. No pierda la oportunidad de acceder a todos estos beneficios y más. ¡Suscríbase aquí al plan superprémium de El Espectador hoy y viva el periodismo desde una perspectiva global!
📧 📬 🌍 Si le interesa recibir un resumen semanal de las noticias y análisis de la sección Internacional de El Espectador, puede ingresar a nuestro portafolio de newsletters, buscar “No es el fin del mundo” e inscribirse a nuestro boletín. Si desea contactar al equipo, puede hacerlo escribiendo a mmedina@elespectador.com",23-09-2025,22-09-2025,Venezuela,,Las maniobras de EE. UU. en el Caribe: ¿Y si al final no pasa nada?,https://www.elespectador.com/mundo/las-maniobras-de-ee-uu-en-el-caribe-y-si-al-final-no-pasa-nada/
"Dos papás cuentan lo difícil que ha sido luchar por la libertad de sus hijos, presos del otro lado de la frontera, sin saber mucho sobre cómo están. Desde aquí, les mandan un mensaje de fortaleza y amor, narran los esfuerzos que han hecho para ser escuchados y cuentan que uno de sus principales miedos es que ellos se conviertan “en carne de cañón” en medio de las tensiones de Estados Unidos y Venezuela.",Laura Isabel Sánchez Useche,mundo,🎬 📸 🎥 ¿Lo último en video?: No se pierda el contenido en video de El Espectador.,23-09-2025,22-09-2025,América,,Padres de colombianos presos en Venezuela: “Esto es un secuestro” ,https://www.elespectador.com/mundo/america/padres-de-colombianos-presos-en-venezuela-esto-es-un-secuestro/
El Ministerio de Minas y Energía busca que el ajuste favorezca el bolsillo de los usuarios y la competitividad del sector productivo.,Redacción Economía,economia,"Audio generado con IA de Google
0:00
/
0:00
Las tarifas de transporte de gas reducirán significativamente sus costos para los usuarios y el sector productivo, de acuerdo con un anuncio hecho por el Ministerio de Minas y Energía.
La disminución se logrará mediante la revisión de la metodología que calcula los valores. Por ejemplo, el transporte en el tramo Cartagena – Bogotá pasará de valer 5,68 dólares por cada mil pies cúbicos de gas transportados al día (USD/kPCD) a 3 USD/kPCD, lo que representa una caída cercana al 50 %.
Además, se actualizará la regulación sobre el margen de comercialización en el mercado secundario y la habilitación de la comercialización de gas importado a largo plazo.
Se trata de “pasos clave para aliviar la presión sobre las tarifas y dar mayor estabilidad al mercado”, explicó Edwin Palma, ministro de Minas y Energía.
El Gobierno resaltó la importancia de que los agentes del sector se comprometan a sacar adelante los proyectos estratégicos de infraestructura de importación y regasificación, más allá de intereses particulares.
“Necesitamos visión y cooperación para garantizar la seguridad energética del país y aprovechar incluso oportunidades de integración regional en la frontera”, destacó el jefe de la cartera.
Desde el Ministerio de Minas y Energía sostienen que las anteriores son medidas técnicas con impacto social porque favorecen la competitividad, alivia al bolsillo de los usuarios y aumenta la seguridad energética.
Las declaraciones las hizo el jefe de la cartera de energía desde el municipio de La Jagua de Ibirico, en el departamento del Cesar.
💰📈💱 ¿Ya te enteraste de las últimas noticias económicas? Te invitamos a verlas en El Espectador.",23-09-2025,20-09-2025,Economía,,El costo del transporte de gas se reducirá hasta en un 50 %: ¿cómo se hará?,https://www.elespectador.com/economia/el-costo-del-transporte-de-gas-se-reducira-hasta-en-un-50-como-se-hara/
Le explicamos en qué casos aplica cada una de estas figuras y quiénes pueden ser los beneficiarios.,Redacción Economía,economia,"Audio generado con IA de Google
0:00
/
0:00
El sistema pensional tiene múltiples aristas y conceptos que suelen confundirse, con consecuencias que pueden impactar directamente su bolsillo.
Uno de los más frecuentes es la diferencia entre la sustitución pensional y la pensión de sobrevivientes: términos que suenan similares, pero que en la práctica representan figuras jurídicas distintas.
¿En qué se diferencian?
La sustitución pensional es el derecho que tienen algunos familiares de una persona ya jubilada que fallece, para recibir la pensión que mes a mes percibía en vida. Su objetivo es garantizar que ese ingreso continúe como apoyo económico, evitando que la muerte del pensionado deje desamparados a sus beneficiarios.
Pueden acceder a la sustitución quienes dependían económicamente del pensionado al momento de su fallecimiento, siguiendo un orden de prioridad: primero el cónyuge o compañero(a) permanente; después los hijos que estudien (hasta los 25 años) o que tengan alguna discapacidad; si no hay cónyuge ni hijos, el derecho pasa a los padres y, en su ausencia, a los hermanos dependientes.
La diferencia con la pensión de sobrevivientes es que, en el caso de la sustitución, la persona fallecida ya era pensionada. En cambio, la pensión de sobrevivientes aplica cuando el afiliado muere sin haberse jubilado, pero protege a los mismos beneficiarios (cónyuge, hijos, padres o hermanos dependientes).
En resumen: la sustitución pensional se origina en el fallecimiento de un jubilado, mientras que la pensión de sobrevivientes corresponde al fallecimiento de un afiliado que aún no había accedido a la pensión.
💰📈💱 ¿Ya te enteraste de las últimas noticias económicas? Te invitamos a verlas en El Espectador.",23-09-2025,21-09-2025,Finanzas personales,,¿Cuál es la diferencia entre sustitución pensional y pensión de sobrevivientes? ,https://www.elespectador.com/economia/finanzas-personales/cual-es-la-diferencia-entre-sustitucion-pensional-y-pension-de-sobrevivientes-noticias-hoy-noticias-colombia/
"El primer borrador de la ley de competencias, necesaria para poner en marcha la promesa a las regiones que quedó plasmada en la reforma al Sistema General de Participaciones, no convence a los expertos. Las voces consultadas dicen que no cumple su función y algunos advierten que el Gobierno busca una reforma a la salud por la puerta de atrás.",Karen Vanessa Quintero Martínez,economia,"Decepcionante”, “se queda corto”, “falta mucho”, “una reforma a la salud por la puerta de atrás”. Estas son algunas de las expresiones que usaron los expertos consultados por este diario para describir el primer borrador de la ley de competencias, un proyecto vital para saldar una deuda histórica con las regiones. Aunque no es posible abordar todas las puntas de este debate, la mayoría filosas, sí es necesario, e incluso urgente, ponerlas sobre la mesa.
Sin la ley de competencias no se puede poner en marcha la reforma constitucional al...",23-09-2025,21-09-2025,Economía,Suscriptores,Los peros a la ley de competencias: un borrador débil para una deuda histórica,https://www.elespectador.com/economia/ley-de-competencias-para-el-sgp-un-borrador-debil-para-una-deuda-historica-advierten-expertos/
"La cadena del sector arrocero busca soluciones frente a altos fletes, las dificultades de transporte y el ordenamiento productivo.",María Camila Ramírez Cañón,economia,"Audio generado con IA de Google
0:00
/
0:00
Aunque la crisis de los arroceros dejó de ser ruidosa luego de terminar los paros, darle fin a las angustias de los productores ha sido un proceso. Además, a la olla de dificultades se le sumó un nuevo ingrediente: el cierre de la vía al Llano y el paso restringido.
En medio de este contexto se realizó la última sesión del Consejo Nacional del Arroz, que tuvo lugar el 17 de septiembre de 2025. En ella participaron representantes de productores, semillistas, la industria, el Ministerio de Agricultura y demás entidades.
La sesión tuvo como fin abordar, en primer lugar, la implementación de la Resolución No. 241 de 2025, por la cual se sometió al régimen de libertad regulada de precios al arroz paddy verde y establece un precio mínimo de adquisición para el grano, de acuerdo con la región en la que se produce.
También se revisó el acuerdo para la estabilización de la Cadena Nacional del Arroz, suscrito entre la Cámara Induarroz de la Asociación Nacional de Industriales (ANDI) y Federación Nacional de Arroceros (Fedearroz) que establece un precio por debajo al dispuesto por el Minagricultura.
Dicho acuerdo tendrá vigencia desde la firmeza del presente acto administrativo hasta el 30 de octubre de 2025. Y solo podrá ser prorrogado mediante previa solicitud y aprobación por parte del Ministerio de Agricultura y de la Superintendencia de Industria y Comercio (SIC).
El acuerdo fue aprobado mediante Resolución No. 65722 de 2025, expedida por la SIC, y aclarado por la Resolución No. 72845 del 18 de septiembre de 2025.
¿Cómo avanza la aplicación de los acuerdos?
La cartera agropecuaria informa los principales avances de la reunión. Entre ellos está que el Minagricultura deberá realizar una mesa de trabajo para revisar el anexo de reporte de información.
Se trata de una obligación dispuesta por el artículo 5° de la Resolución 241 de 2025, que obliga a todo comprador a reportar semanalmente a esta cartera los precios pagados por arroz paddy verde, las toneladas compradas, el municipio de compra, el molino, planta o agencia. Además, debe especificar la forma, el plazo, las condiciones de pago y el financiamiento.
Al respecto, el Ministerio verificó los anexos de reporte y acordaron un instrumento que fue enviado ese mismo día a los actores de la cadena.
El día 6 de octubre se realizará una mesa de trabajo con los actores de la cadena, para abordar el Acuerdo Nacional de la Cadena del Arroz, con el fin de socializar la primera versión y avanzar en este proceso que busca soluciones para el sector.
Además, el Minagricultura adelantó que la próxima sesión del Consejo Nacional del Arroz abordará la implementación del Plan de Ordenamiento Productivo del Arroz (POP) y buscará establecer el plan de trabajo respectivo.
Afectaciones por cierre de la vía al Llano
En atención a la emergencia que se presenta en la vía al Llano, específicamente por el deslizamiento en el kilómetro 18, el Ministerio de Agricultura se comprometió a convocar una reunión con el Ministerio de Transporte para exponer el impacto de los cierres sobre el transporte de arroz en esta vía.
Ante la urgencia de la situación se acordaron las siguientes medidas:
💰📈💱 ¿Ya te enteraste de las últimas noticias económicas? Te invitamos a verlas en El Espectador.",23-09-2025,21-09-2025,Economía,,Así avanza el sector del arroz en medio de la crisis y cierre de la vía al Llano,https://www.elespectador.com/economia/asi-avanza-el-sector-del-arroz-en-medio-de-la-crisis-y-cierre-de-la-via-al-llano/
"Las decisiones de la Reserva Federal le echarían combustible al mayor repunte de los bonos de los mercados emergentes en años, según expertos.",Agencia Bloomberg,economia,"Audio generado con IA de Google
0:00
/
0:00
Un índice de referencia para la deuda interna de los gobiernos del mundo en desarrollo este año ya ha entregado a los inversores un rendimiento del 15 % en términos de dólares, lo que lo pone en camino para el mejor año desde al menos 2017.
Las ganancias se desataron después de que la guerra comercial del presidente Donald Trump y los rápidos cambios de política arrojaran dudas sobre las perspectivas de la economía más grande del mundo, lo que llevó a los inversores a trasladar parte de su efectivo a otra parte.
Ahora, el hecho de que la Reserva Federal haya vuelto a recortar las tasas tras una pausa de nueve meses está dando a los inversores aún más incentivos para buscar pagos mayores en otras partes, como Colombia.
La deuda denominada en moneda local, cuya rentabilidad se vería amplificada si el dólar sigue bajando, es una de las inversiones favoritas de los gestores de fondos de DoubleLine Capital, propiedad de Jeffrey Gundlach, y JPMorgan Asset Management.
Neuberger Berman se inclina por las monedas de mercados emergentes y los bonos locales. Y Bank of America Corp. no ve “ninguna alternativa” para el resto del año que pueda competir con las operaciones de carry trade en mercados emergentes, que consisten en endeudarse en países con tipos de interés bajos e invertir el dinero en aquellos que ofrecen una mayor rentabilidad.
“Sin duda, existe un claro interés en invertir en algo que no esté vinculado al dólar”, afirmó Patrick Campbell, gestor de cartera de Morgan Stanley Investment Management.
“Hemos observado mucho más interés en algunas de nuestras estrategias más orientadas a índices de referencia, como los mercados emergentes locales, algo que, sinceramente, no habíamos visto desde 2012”.
Las posiciones reflejan las apuestas a que la flexibilización de la Fed seguirá lastrando al dólar, lo que impulsa la rentabilidad de los bonos respaldados por divisas en alza. También podría impulsar operaciones de carry trade que implican la obtención de préstamos en EE. UU.
Las medidas de la Reserva Federal “siguen respaldando la perspectiva de un dólar estadounidense más débil y tasas de interés más bajas de cara al futuro”, afirmó Nathan Thooft, gestor de cartera sénior de Manulife Investment Management. “Ambas medidas favorecen la renta variable y la deuda de los mercados emergentes”.
Las subidas en los mercados emergentes se vieron impulsadas por la errática aplicación de aranceles por parte de Trump, que durante la primera mitad del año hizo caer al dólar a su mayor nivel desde principios de los años 1970.
Al mismo tiempo, las tasas de interés se han mantenido significativamente más altas en los países en desarrollo, donde muchos bancos centrales se mostraron más reticentes a flexibilizar la política monetaria debido a las preocupaciones sobre la inflación.
Esta combinación ha impulsado la deuda pública de los mercados emergentes a superar la rentabilidad de la mayoría de las inversiones de renta fija a nivel mundial. El aumento del 15 % es más del doble que el de los bonos basura corporativos estadounidenses, y se compara con las ganancias del 5,4 % del Índice Bloomberg del Tesoro de EE. UU.
El repunte ha sido liderado por Brasil, México, Colombia, Hungría y Sudáfrica, países que han ganado al menos un 23 % este año.
La magnitud del avance, por supuesto, puede limitar el alcance de futuras ganancias. Cualquier revalorización del dólar, ya sea por la reducción de las apuestas de recorte de tasas en EE. UU. o por el aumento de las tensiones geopolíticas, podría perjudicar la confianza. Las ventas masivas en Turquía a principios de este año y el rápido deterioro en Argentina la semana pasada, que obligaron al banco central a agotar sus reservas, también ponen de relieve la rapidez con la que el nerviosismo político puede trastocar los mercados emergentes.
Pero los analistas e inversores dijeron que estos efectos se verán compensados ​​por los impactos más positivos de la decisión de la Fed de flexibilizar la política el miércoles, así como por indicios de otras dos medidas similares para finales de año.
Esto se debe en parte a que las autoridades de los países en desarrollo podrían seguir el ejemplo, impulsando aún más los bonos. Los rendimientos ajustados a la inflación en países como Sudáfrica y Colombia probablemente también seguirán atrayendo efectivo mediante operaciones de carry trade.
En promedio, la deuda de mercados emergentes ha tenido una rentabilidad de entre el 6% y el 8% tras los recortes de tipos de la Reserva Federal, según Iain Stealey, director de inversiones internacional de renta fija de JPMorgan Asset Management. El fondo JPMorgan Global Bond Opportunities, que él mismo gestiona, mantiene una sobreponderación en mercados emergentes.
Valerie Ho, gestora de cartera de DoubleLine, dijo que su fondo ha apostado por posiciones centradas en Brasil, Sudáfrica y Hungría, países que deberían recibir apoyo del cambio de la Fed y de un dólar más débil.
“En este contexto, estamos contentos de mantener estos puestos”, afirmó.
El entorno actual “sigue siendo favorable para los mercados emergentes”, afirmó Hepworth. “El rumbo está claro”.
💰📈💱 ¿Ya te enteraste de las últimas noticias económicas? Te invitamos a verlas en El Espectador.",23-09-2025,21-09-2025,Macroeconomía,,Las apuestas de la economía de Estados Unidos beneficiarían a Colombia: ¿cómo?,https://www.elespectador.com/economia/macroeconomia/las-apuestas-de-la-economia-de-estados-unidos-beneficiarian-a-colombia-como/
El futuro de la tasa de cambio dependerá en gran medida de lo que ocurra en la economía de Estados Unidos. Le contamos qué puede esperar de la divisa.,Redacción Economía,economia,"Audio generado con IA de Google
0:00
/
0:00
El precio del dólar ha logrado mantenerse por debajo de los $3.900, a pesar de los movimientos en los mercados y en la economía de Estados Unidos.
De hecho, el dólar registró esta semana una tendencia a la baja frente al peso colombiano, iniciando con una TRM de $3.906 y descendiendo hasta los $3.880, su nivel más bajo en lo que va del año, de acuerdo con Carlos Güisa, gerente de Análisis Económicos y Proyectos de la Cámara Colombiana de Comercio Electrónica (CCCE).
La caída estuvo impulsada, en gran parte, por la decisión de la Reserva Federal de Estados Unidos de recortar su tasa de interés en 25 puntos básicos, lo que lleva la tasa al rango de 4,00 % – 4,25 %.
Se trata de “una señal clara de desaceleración en la economía estadounidense”, en palabras de Güisa. Puesto que la medida tiende a debilitar el dólar globalmente, ya que reduce el atractivo de invertir en activos denominados en esa moneda y estimula la salida de capital hacia economías emergentes con mejores proyecciones.
La combinación de tasas de interés y los aranceles de EE. UU. ha impulsado la deuda pública de los mercados emergentes a superar la rentabilidad de la mayoría de las inversiones de renta fija a nivel mundial.
El repunte ha sido liderado por Brasil, México, Colombia, Hungría y Sudáfrica, países que han ganado al menos un 23 % este año, según estimaciones de Bloomberg.
Para el caso colombiano, Güisa explica que los resultados económicos recientes —incluyendo una inflación más controlada y la decisión del Banco de la República de mantener estables las tasas de interés desde junio— han fortalecido la percepción de estabilidad macroeconómica. A su vez, ello impulsa la entrada de inversión extranjera y favorece la apreciación del peso.
¿Seguirá bajando el precio del dólar?
La tasa de cambio dependerá de cómo asuman los mercados el recorte de las tasas de interés de la Fed, esa es la clave de acuerdo con Sebastián Chacón Marín, director de la Escuela de Negocios y Desarrollo Internacional del Politécnico Grancolombiano.
Por el momento, las apuestas de los analistas estadounidenses se inclinan a que habrá más recortes este año. Esa es la expectativa generalizada debido al comportamiento de la economía de Estados Unidos, especialmente porque la generación de empleo no ha sido la esperada y permanece la incertidumbre generada por los aranceles, dice Chacón.
De ser así, invertir en Colombia seguiría siendo atractivo. Otro factor que ha incidido es el flujo histórico de remesas, pues se estima que podrían estar sobre el 3 % del PIB para el cierre del año, lo que pone más billetes verdes en circulación y afecta la tasa de cambio respecto a la oferta y demanda.
Además, “los inversionistas continúan favoreciendo activos refugio alternativos como el oro y la plata, ambos alcanzando nuevamente máximos históricos, mientras que los flujos hacia mercados de renta variable se mantienen apoyados por el mayor apetito por riesgo y un entorno de baja volatilidad global”, sostiene Rodrigo Lama, Chief Business Officer de la fintech latinoamericana Global66.
En medio de este contexto, lo que hará la diferencia para la tasa de cambio esta semana y en adelante es el comportamiento de la economía estadounidense porque es lo que marca la pauta para las decisiones de la Fed sobre las tasas de interés y puede seguir impulsando, o no, a los mercados emergentes como el colombiano.
¿Qué precio se espera para el dólar?
Si bien es imposible predecir el precio del dólar, algunos analistas y expertos hacen sus apuestas. En general, los consultados por Fedesarrollo consideran que en septiembre la tasa de cambio se ubicará en un rango entre $3.922 y $3.950, con $3.950 como respuesta mediana.
Por su parte, el Informe Económico del Banco de Bogotá dice que el soporte del dólar estará en $3.825, con resistencia hacia los $3.899 y una alta volatilidad.
Finalmente, los analistas de Fedesarrollo esperan una tasa de cambio cercana a los $4.030 para el cierre de 2025.
💰📈💱 ¿Ya te enteraste de las últimas noticias económicas? Te invitamos a verlas en El Espectador.",23-09-2025,21-09-2025,Macroeconomía,,Precio del dólar en Colombia: factores y proyecciones para el cierre de septiembre,https://www.elespectador.com/economia/macroeconomia/precio-del-dolar-en-colombia-factores-y-proyecciones-de-la-moneda-para-el-cierre-de-septiembre/
"De acuerdo con el Concejo, en Bogotá cada 30 minutos se reporta a un menor como posible víctima de violencia o explotación sexual. Así es la actualidad de este delito, que crece exponencialmente.",Camilo Tovar Puentes,bogota,"La trata de menores es una alarmante problemática en Bogotá. Aunque no es un fenómeno nuevo, recientes investigaciones y denuncias ciudadanas han evidenciado un crecimiento en las actividades de las redes criminales que raptan, captan, trasladan y explotan a niños, niñas y adolescentes en distintos sectores de la ciudad, del país e, incluso, a nivel internacional. Pero no es algo fortuito: el acceso al mundo digital desde edades más tempranas ha facilitado el accionar de estos grupos delincuenciales, que están al acecho en redes sociales y en...",23-09-2025,22-09-2025,Bogotá,Suscriptores,"Crece riesgo de trata infantil en Bogotá: investigar y prevenir, una tarea de todos",https://www.elespectador.com/bogota/crece-riesgo-de-trata-infantil-en-bogota-investigar-y-prevenir-una-tarea-de-todos/
"Cinco hombres y tres mujeres, integrantes de la banda ‘La 57′, fueron enviados a prisión.",Redacción Bogotá,bogota,"Audio generado con IA de Google
0:00
/
0:00
Durante casi un año, una banda delincuencial operó en zonas de alta afluencia en las localidades de Chapinero y Teusaquillo, donde al menos diez personas terminaron en hospitales tras ser drogadas, golpeadas y despojadas de sus pertenencias. Esta semana, las autoridades capturaron a los ocho integrantes de este grupo criminal conocido como La 57.
Le puede interesar: Crece riesgo de trata infantil en Bogotá: investigar y prevenir, una tarea de todos
Su estrategia consistía en usar aplicaciones de citas para atraer hombres y citarlos en bares o zonas de fiesta, donde les ofrecían licor barato y servicios sexuales. Una vez las víctimas bajaban la guardia, les mezclaban bebidas con medicamentos usados en diagnósticos psiquiátricos o psicológicos como clonazepam, que generan somnolencia. Una vez les suministraban las dosis y las víctimas se encontraban en total estado de indefensión, procedían con los hurtos.
Además de hurtar pertenencias de valor como joyas, relojes o celulares, también obtenía contraseñas, datos bancarios y acceso a aplicaciones financieras. Con esa información hacían compras en tiendas, transferencias, retiros, y hasta solicitaban préstamos en nombre de las víctimas. Todo mientras los afectados permanecían inconscientes o semiinconscientes, y eran abandonados en las calles o frente a los bares en donde inicialmente fueron citados.
Entre los detenidos figura alias El Costeño, señalado como líder de la banda, encargado de coordinar todo el entramado. Además, entre los cómplices figuran alias Martínez, su mano derecha, encargado de manipular las cuentas bancarias y realizar las compras. Piña, que trabajaba como falso mesero, perfilaba a las víctimas y las agredía físicamente para forzar la entrega de claves. Jean Pierre actuaba como halador y era el encargado de atraer clientes con promociones engañosas. Por su parte, alias La Flaca, Asmira y María eran quienes contactaban a los hombres a través de aplicaciones de citas y los convencían de asistir a los encuentros.
En los allanamientos realizados en Teusaquillo, Engativá y Soacha, se incautaron 21 celulares, datáfonos, medicamentos, tarjetas bancarias y botellas de licor utilizadas para dopar a las víctimas.
Los ocho detenidos fueron enviados a prisión y enfrentan cargos por hurto calificado y agravado, secuestro extorsivo y concierto para delinquir. Algunos ya contaban con antecedentes por homicidio, amenazas a testigos y otros delitos graves. Según las autoridades, la banda llegó a recaudar hasta 50 millones de pesos mensuales por esta modalidad criminal.
En lo corrido del año, esta es la segunda banda desarticulada por este tipo de delitos en Bogotá. La Policía ha logrado capturar a 16 personas que utilizaban estrategias similares para vaciar las cuentas bancarias de sus víctimas tras drogarlas.
Para conocer más noticias de la capital y Cundinamarca, visite la sección Bogotá  de El Espectador.",23-09-2025,22-09-2025,Bogotá,,Usaban apps de citas para drogar y robar a sus víctimas en Chapinero y Teusaquillo,https://www.elespectador.com/bogota/usaban-apps-de-citas-para-drogar-y-robar-a-sus-victimas-en-chapinero-y-teusaquillo/
"Para planear mejor su ruta este lunes 22 de septiembre, El Espectador le cuenta en vivo cómo avanza la movilidad en Bogotá. Conozca el pico y placa para hoy, cómo está operando Transmilenio y las novedades en las principales vías de la capital. ",Redacción Bogotá,bogota,"Audio generado con IA de Google
0:00
/
0:00
Bogotá es una de las ciudades con el peor tráfico vehicular de Latinoamérica. Y, ahora, con la serie de obras que se adelantan en los principales corredores de la capital, mucho más.
Para planear mejor su ruta este lunes 22 de septiembre y llegar a tiempo, les contamos en vivo cómo avanza la movilidad; el pico y placa para hoy; qué vías están cerradas; rutas alternas; cómo opera Transmilenio y las principales novedades en las vías de la ciudad.
Pico y placa
Para este lunes 22 de septiembre, la restricción aplica para vehículos particulares cuyas placas terminen en 1, 2, 3, 4 y 5. Recuerde que la medida empieza a las 6:00 a. m. y termina a las 9:00 p. m. Esta restricción también aplica para los taxis con placa terminada en 3 y 4.
Manifestantes se retiran de la glorieta de la carrera 50 con calle 3 y se restablece la movilidad en el sector
De acuerdo con Transmilenio, por manifestantes que realizan bloqueos intermitentes, las siguientes rutas de TransMiZonal realizan desvíos:
CL155; 111; 191; 787A; 56A; GA501; HA642; GA516; 99; 544A; GA541; 731; GL519; C1; GK505; 91; GA507; 7; 579; GA532; 593; SE6; 614; LK810; LK812; LD800; 143; 669; HK715; CF154; KA324; KA336; T48; 688; FA405; FL422; KL304; KA302
De acuerdo con la Secretaría de Movilidad, manifestantes se sitúan en la glorieta de la carrera 50 con calle 3 y generan afectación vial en el sector.
Rutas Alternas:Av. Primero de MayoAv. NQS Av. Comuneros
El sistema de transporte masivo de Bogotá reportó inicio de operaciones sin novedades que afecten la normal prestación del servicio.",23-09-2025,22-09-2025,Bogotá,,Movilidad: cesan bloqueos y retorna el tránsito normal en rotonda de la carrera 50,https://www.elespectador.com/bogota/movilidad-hoy-lunes-22-de-septiembre-asi-esta-el-trafico-en-las-vias-de-bogota/
Este año se celebra la edición 18. Habrá más de 30 actividades para biciusuarios.,Redacción Bogotá,bogota,"Audio generado con IA de Google
0:00
/
0:00
Esta semana Bogotá celebra a la bici, uno de sus emblemas y parte fundamental de la apuesta para descarbonizar el transporte de la ciudad y avanzar hacia una movilidad sostenible. Del 22 al 28 de septiembre se llevará a cabo una nueva edición de la Semana de la Bicicleta, que contará con una agenda diseñada para transformar las calles y parques de la capital a través de encuentros y espacios de formación.
En contexto: Ciclovía:50 años de la revolución del pedal
Durante estas fechas, el Instituto Distrital de Recreación y Deporte (IDRD), en articulación con la Secretaría Distrital de Movilidad y la Secretaría de Cultura, Recreación y Deporte, liderará una programación que incluye actividades formativas, recreativas y competitivas en distintos puntos de la ciudad.
Entre estas actividades se destaca la Escuela de la Bicicleta, una iniciativa que cuenta con 37 puntos permanentes en 19 localidades.
“Con 37 puntos permanentes de la Escuela de la Bici, tres activos en Ciclovía y más de 93.000 procesos de enseñanza en lo corrido del año, seguimos impulsando la autonomía y la seguridad de miles de ciudadanos, en especial de mujeres, que hoy son el 80 % de quienes han aprendido a montar en su caballito de acero”, indicó Daniel García Cañón, director del IDRD.
¿Cuáles serán las actividades?
Para esto, el Distrito abrirá un nuevo punto permanente de la Escuela de la Bicicleta en el Parque Urbanización Codabas. La jornada incluirá una exhibición de BMX Freestyle, además de actividades de rumba musicalizada y yoga para la comunidad.
Horario:  9:30 a.m. hasta la 1:30 p.m.
En esta actividad, la Plazoleta exterior del Concejo de Bogotá será escenario de este encuentro que reunirá a la ciudadanía con un punto de mecánica y exhibición de emprendimientos del clúster del deporte.
Horario: 7:00 a.m. hasta las 2:00 p.m.
Reto El Codito (Usaquén): más de 200 ciclistas medirán su resistencia en un trazado de 5,5 kilómetros con un desnivel positivo de 275 metros, partiendo desde el Parque Servitá.
Horario: 6:30 a.m. hasta las 12:00 m.
Horario: 7:00 a.m. hasta las 11:45 a.m.
Otras actividades:
¿Por qué se celebra?
Bogotá, reconocida como la capital de la bicicleta y pionera en el uso de este medio de transporte, cuenta con la red de ciclorrutas más grande de Latinoamérica. Desde 2007, la Semana de la Bicicleta es un evento reglamentado que se ha consolidado como una celebración masiva que integra cultura, pedagogía, recreación y deporte para toda la ciudadanía.
Le puede interesar: Crece riesgo de trata infantil en Bogotá: investigar y prevenir, una tarea de todos
Para conocer más noticias de la capital y Cundinamarca, visite la sección Bogotá  de El Espectador.",23-09-2025,22-09-2025,Bogotá,,"Semana de la bicicleta en Bogotá: conozca la agenda, retos y horarios",https://www.elespectador.com/bogota/semana-de-la-bicicleta-en-bogota-conozca-la-agenda-retos-y-horarios/
Con este programa de aprovechan alrededor de 620 mil m3 de agua lluvia al mes.,Redacción Bogotá,bogota,"Audio generado con IA de Google
0:00
/
0:00
Con el objetivo de mitigar la problemática de desabastecimiento hídrico en el territorio, desde la Corporación Autónoma Regional de Cundinamarca (CAR) anunciaron la entrega de más de 5.000 tanques de recolección de aguas lluvias en 48 municipios ​de la jurisdicción de la entidad (algunos en Boyacá) en el marco del programa “Cosecha de Agua Comunitaria.”
Lea más: Usaban apps de citas para drogar y robar a sus víctimas en Chapinero y Teusaquillo
¿Cuál ha sido su impacto?
Según indicó la corporación, esta estrategia ha tenido un impacto de alrededor de 620 mil metros cúbicos de agua optimizados mensualmente. Estos han sido aprovechados por los hogares beneficiarios en labores de limpieza, riego, cría de animales, entre otros.
Este servicio ha ayudado a abastecer entre 41.000 y 62.000 familias durante 30 días.
Más noticias: Policía presentó a los delincuentes más buscados de la banda ‘Los Maracuchos’
“Por medio de esta iniciativa estamos fomentamos soluciones que ayuden a mitigar la crisis de escasez de agua a la que nos enfrentamos actualmente, así como a generar una cultura del cuidado y ahorro de nuestro recurso agua”, indicó Alfred Ignacio Ballesteros, director general de la CAR.
¿Qué más trae la estrategia?
Como indicaron, este proyecto no es solo la entrega de los tanques, sino que también incluyen una estrategia de cultura y educación ambiental, que llevan a cabo por medio de talleres y capacitaciones para las comunidades para transformar sus hábitos en sus labores diarias.
Le puede interesar: Gestión al caos: así funciona el cerebro de la movilidad en Bogotá
Los kits que les entregan a las comunidades están compuestos por: un tanque de almacenamiento con capacidad de entre 500 o 1.000 litros, canales, empaques, tubo bajante y accesorios para su adecuada instalación. Según añadió el director Ballesteros, este programa ayudará a que familias cuenten con el recurso en períodos secos y podrán hacer un uso controlado de este.
Para conocer más noticias de la capital y Cundinamarca, visite la sección Bogotá  de El Espectador.",23-09-2025,22-09-2025,Bogotá,,Entregarán 5.000 tanques más para recolección de aguas lluvias en Cundinamarca ,https://www.elespectador.com/bogota/mas-de-5000-familias-han-sido-beneficiarias-del-agua-lluvia-con-tanques-de-la-car/
Son cuatro los criterios que se deben cumplir para alcanzar la denominación de Estado. Le contamos cómo va el caso palestino y qué conflictos globales hay alrededor de ello. ,Redacción Mundo,mundo,"Audio generado con IA de Google
0:00
/
0:00
El reconocimiento al Estado palestino que llegó este fin de semana por parte del Reino Unido, Canadá y Australia, y posteriormente de Portugal, fue importante, en la medida en la que ellos eran aliados tradicionales de Israel. Ahora bien, aunque más de 150 países han reconocido a Palestina como Estado, aún quedan algunas preguntas sobre el futuro que esta decisión puede tener en la arena internacional.
De momento y según la Convención de Montevideo de 1933, hay cuatro criterios para la condición de Estado. Bajo esos parámetros, debe haber una población permanente, un territorio definido, un gobierno propio y la capacidad de conducir relaciones internacionales con otros países.
Bajo las condiciones actuales, en las que Israel sigue con la destrucción de la Franja de Gaza, además de la expansión de sus asentamientos en Cisjordania, considerados ilegales por el derecho internacional, se cumplen parcialmente solo dos de ellos: una población permanente, aunque los bombardeos en Gaza son una amenaza para eso, si se tiene en cuenta que la mayoría de su población está desplazada y que se cuentan más de 60.000 víctimas mortales, y la capacidad de establecer relaciones internacionales.
Aunque en este caso hay un territorio, ese está en disputa. Recordemos que los palestinos reclaman como suyos el este de Jerusalén, Cisjordania y la Franja de Gaza, pero todos ellos fueron conquistadas por Israel durante la guerra de los Seis Días, en 1967. A esto se suma el choque entre la Autoridad Palestina (con el partido Fatah administrando Cisjordania) y el gobierno de Hamás en el enclave que hoy sigue bajo asedio. Es decir, han pasado 77 años de separación geográfica y 18 años de división política.
Entonces, aunque la Autoridad Palestina representa a su población en el plano internacional, el control israelí y su falta de autoridad sobre Gaza limitan sus capacidades. Eso sí, la interlocución se podría ver reforzada con el reconocimiento en el exterior, ya que supondría establecer contactos diplomáticos directos.
Quienes han dado el reconocimiento deben revisar sus relaciones con el Estado israelí y garantizar que sus acuerdos no perjudiquen sus obligaciones con Palestina. Además, no podrán beneficiarse de la explotación israelí en los territorios ocupados. Es decir, deberán dejar de importar productos israelíes obtenidos fuera del marco legal.
¿Qué pasa con Estados Unidos?
Las anexiones en Cisjordania profundizarían el enfrentamiento de Israel con Europa, ampliarían su brecha con los Estados árabes y distanciarían aún más a Estados Unidos de sus aliados en todo el mundo, mientras la administración de Donald Trump mantiene su apoyo a Benjamin Netanyahu.
En una carta abierta, unos legisladores republicanos les advirtieron al primer ministro británico, Keir Starmer, al primer ministro canadiense, Mark Carney, y al primer ministro australiano, Anthony Albanese, que “proceder con el reconocimiento pondrá a su país en desacuerdo con la política y los intereses estadounidenses de larga data y puede dar lugar a medidas punitivas en respuesta”.
Lo que no está claro es si Estados Unidos respaldará activamente la respuesta de Israel –incluida una posible toma de control de partes de Cisjordania– o si la administración de Trump simplemente acordó no interponerse en las acciones ordenadas por el Ejecutivo israelí.
La anexión de Cisjordania ha sido calificada por los países árabes como una “línea roja”, y podría conducir a una degradación de las relaciones diplomáticas solo cinco años después de la normalización de los lazos con Emiratos Árabes Unidos y Baréin, a través de la firma de los Acuerdos de Abraham.
👀🌎📄 ¿Ya se enteró de las últimas noticias en el mundo? Invitamos a verlas en El Espectador.
El Espectador, comprometido con ofrecer la mejor experiencia a sus lectores, ha forjado una alianza estratégica con The New York Times con el 30 % de descuento.
Este plan ofrece una experiencia informativa completa, combinando el mejor periodismo colombiano con la cobertura internacional de The New York Times. No pierda la oportunidad de acceder a todos estos beneficios y más. ¡Suscríbase aquí al plan superprémium de El Espectador hoy y viva el periodismo desde una perspectiva global!
📧 📬 🌍 Si le interesa recibir un resumen semanal de las noticias y análisis de la sección Internacional de El Espectador, puede ingresar a nuestro portafolio de newsletters, buscar “No es el fin del mundo” e inscribirse a nuestro boletín. Si desea contactar al equipo, puede hacerlo escribiendo a mmedina@elespectador.com",23-09-2025,22-09-2025,Más países,,¿Qué implica reconocer al Estado palestino y qué tensiones hay alrededor de eso?,https://www.elespectador.com/mundo/mas-paises/que-implica-reconocer-al-estado-palestino-y-que-tensiones-hay-alrededor-de-eso/
"El despliegue militar de Trump en el Caribe, bajo la bandera antinarcóticos, apunta en realidad a aumentar la presión para sacar a Maduro del poder.",Eric Schmitt | The New York Times,mundo,"El gobierno de Trump afirma que la misión tiene como objetivo interrumpir el tráfico de drogas. Pero funcionarios militares y analistas dicen que el verdadero objetivo podría ser expulsar del poder al presidente de Venezuela.
Los ataques militares estadounidenses de este mes contra tres embarcaciones que, según funcionarios del gobierno de Donald Trump, traficaban drogas en el mar Caribe, han puesto de relieve la considerable armada naval y la flota aérea de aviones espía que el Pentágono ha enviado a la región en lo que dice ser una misión...",23-09-2025,22-09-2025,Venezuela,Suscriptores,"Aumento de tropas de EE. UU. en el Caribe, ¿una campaña más amplia contra Venezuela?",https://www.elespectador.com/mundo/venezuela/aumento-de-tropas-de-ee-uu-en-el-caribe-una-campana-mas-amplia-contra-venezuela/
"La primera ministra Giorgia Meloni calificó de “indignante” lo sucedido y aseguró que “la violencia no va a cambiar en absoluto la vida de las personas” en el enclave palestino. Las protestas contra el asedio en la Franja se registraron en ciudades como Roma, Turín y Nápoles. ",Agencia EFE,mundo,"Audio generado con IA de Google
0:00
/
0:00
Un total de 60 agentes del orden resultaron heridos y unas 18 personas fueron detenidas tras los disturbios ocurridos en las manifestaciones celebradas este lunes en varias ciudades italianas, en protesta contra la ofensiva militar israelí en Gaza.
Durante la jornada de huelga convocada por algunos sindicatos italianos, los momentos de mayor violencia se vivieron en Milán (norte), donde la marcha derivó en fuertes disturbios en la estación central, la mayor de la ciudad, cuando numerosas personas irrumpieron en su acceso principal, tras romper el cordón policial y atentar contra puertas y mobiliario.
Inmediatamente después se desplegó un grupo de antidisturbios que sofocó la irrupción con porras y gases lacrimógenos, e impidió que los manifestantes accedieran al interior de la estación, completamente blindada.
Los incidentes se saldaron con una decena de manifestantes detenidos y alrededor de 60 miembros de las fuerzas del orden heridos, de los cuales 23 tuvieron que ser trasladados al hospital, según medios locales.
Además de Milán, también se registraron incidentes en Bolonia (norte), donde los manifestantes ocuparon la autopista A14, que une la ciudad con Taranto, y la Policía respondió utilizando gases lacrimógenos y cañones de agua.
El cortejo llegó previamente hasta la estación central de Bolonia, custodiada por al menos una quincena de vehículos blindados, contra los que algunos manifestantes lanzaron huevos y petardos, disturbios que se saldaron con 8 manifestantes detenidos.
Durante la jornada, varias personas se manifestaron en más de 70 ciudades italianas contra la ofensiva militar israelí en Gaza. La movilización, convocada por varios sindicatos, entre ellos la Unión Sindical de Base (USB), provocó cancelaciones de trenes, cortes de calles, interrupciones en el metro y en el tráfico urbano, mientras miles de manifestantes, entre ellos colectivos estudiantiles, salieron a las calles para “paralizar” el país.
La primera ministra italiana, Giorgia Meloni, calificó de “indignantes” las imágenes de Milán y dijo esperar “palabras claras de condena” por parte de los organizadores de la huelga y las demás formaciones políticas.
“Violencias y destrozos que nada tienen que ver con la solidaridad y que no cambiarán en absoluto la vida de las personas en Gaza, pero sí tendrán consecuencias concretas para los ciudadanos italianos, que acabarán sufriendo y pagando los daños provocados por estos vándalos”, escribió en su cuenta de X: “Un pensamiento de cercanía a las fuerzas del orden, obligadas a soportar la prepotencia y la violencia gratuita de estos pseudo-manifestantes”.
Por su parte, el ministro del Interior, Matteo Piantedosi, calificó los disturbios como “una acción violenta deliberada de ataque contra las fuerzas policiales” y definió a los manifestantes como “alborotadores que intentan aprovechar la sensibilidad general sobre este tema como una oportunidad para llevar a cabo los habituales actos de violencia pura y simple”.
En la capital, Roma, se manifestaron más de 30.000 personas, que primero se concentraron frente a la estación de Termini, obligando a cortar los accesos, y luego se desplazaron por las calles para bloquear el tráfico.
La protesta contó con una masiva participación de jóvenes y estudiantes, que llegaron organizados en grupos y clases enteras, así como con colegios, lo que propició la presencia de menores en las protestas.
También en ciudades como Trieste (norte), Turín (norte), Nápoles (sur) y Venecia (norte) las manifestaciones multitudinarias se desarrollaron con bloqueos de vías ferroviarias, puertos y carreteras.
Los sindicatos aún no han facilitado datos sobre la huelga, pero el ministro de Transportes, Matteo Salvini, ya ha asegurado que “ha tenido una participación muy baja”. El funcionario añadió: “No hubo cancelaciones en los trenes Intercity, mientras que se reportaron cuatro o cinco cancelaciones en los trenes Frecciarossal, de alta velocidad, y menos del 20 % en los trenes regionales”.
👀🌎📄 ¿Ya se enteró de las últimas noticias en el mundo? Invitamos a verlas en El Espectador.
El Espectador, comprometido con ofrecer la mejor experiencia a sus lectores, ha forjado una alianza estratégica con The New York Times con el 30 % de descuento.
Este plan ofrece una experiencia informativa completa, combinando el mejor periodismo colombiano con la cobertura internacional de The New York Times. No pierda la oportunidad de acceder a todos estos beneficios y más. ¡Suscríbase aquí al plan superprémium de El Espectador hoy y viva el periodismo desde una perspectiva global!
📧 📬 🌍 Si le interesa recibir un resumen semanal de las noticias y análisis de la sección Internacional de El Espectador, puede ingresar a nuestro portafolio de newsletters, buscar “No es el fin del mundo” e inscribirse a nuestro boletín. Si desea contactar al equipo, puede hacerlo escribiendo a mmedina@elespectador.com",23-09-2025,22-09-2025,Europa,,Disturbios en Italia mientras hubo protestas contra el asedio israelí en Gaza,https://www.elespectador.com/mundo/europa/disturbios-en-italia-mientras-hubo-protestas-contra-el-asedio-israeli-en-gaza/
"Este reconocimiento por parte de algunos de los tradicionales aliados occidentales de Israel supone un cambio diplomático histórico, condenado por el primer ministro israelí, Benjamin Netanyahu, y criticado por Estados Unidos.",Redacción Mundo,mundo,"Audio generado con IA de Google
0:00
/
0:00
Francia y otros países se preparan para reconocer a Palestina como Estado este lunes al inicio de la gran reunión anual de la la ONU en Nueva York, un importante giro diplomático que Israel y Estados Unidos ven como una recompensa al movimiento islamista Hamás.
El reconocimiento formal del Estado de Palestina por parte de Reino Unido, Canadá, Australia y Portugal el domingo, aumentó la presión sobre Israel en momentos que intensifica su guerra en Gaza, donde han muerto decenas de miles de personas en un territorio devastado.
Francia seguirá el mismo camino el lunes durante una cumbre organizada por París y Arabia Saudita sobre la llamada solución de dos Estados, es decir la convivencia en paz y seguridad del estado israelí junto al palestino.
Una “recompensa a Hamás”
El reconocimiento es el resultado de un proceso de varios meses que hace unos días ya permitió aprobar por amplia mayoría en la Asamblea General un texto que apoya la creación de un Estado palestino pero excluyendo explícitamente al movimiento islamista Hamás, una condición exigida por numerosos países occidentales.
Los palestinos “quieren una nación, quieren un Estado y no debemos empujarlos hacia Hamás. Si no les ofrecemos una perspectiva política y el reconocimiento (...), quedarán atrapados con Hamás como única solución”, dijo el domingo el presidente francés Emmanuel Macron, en declaraciones a la cadena estadounidense CBS.
“Si queremos aislar a Hamás, el proceso de reconocimiento y el plan de paz que lo acompaña son una condición previa”, justificó.
El domingo, horas antes del inicio de la reunión en la ONU, Reino Unido, Canadá, Australia y Portugal formalizaron el reconocimiento.
Tal medida será rechazada el martes por el presidente estadounidense, Donald Trump, durante su primer discurso ante la Asamblea tras retornar al poder en enero.
“Francamente, él cree que es una recompensa para Hamás. Cree que estas decisiones son solo palabras”, dijo este lunes la secretaria de prensa de la Casa Blanca, Karoline Leavitt, a periodistas.
Agregó que Trump sostendrá además una “reunión multilateral” con los principales líderes musulmanes, incluidos de Catar, Arabia Saudita y Egipto.
De su lado, Alemania, que por su pasado nazi ha convertido el apoyo al Estado de Israel en piedra angular de su política exterior, reafirmó que el reconocimiento del Estado de Palestina debería ocurrir solo al final de un proceso de negociación para una solución de dos Estados.
Al menos 145 de los 193 países miembros de la ONU reconocen el Estado de Palestina, según un recuento de AFP. Sin embargo, los palestinos mantienen de momento su estatus de Estado observador mientras Estados Unidos continúa bloqueando su aspiración a ser un miembro pleno de Naciones Unidas.
Se espera este lunes también formalicen el reconocimiento Andorra, Bélgica, Luxemburgo, Malta y San Marino, entre otros, indicó la presidencia francesa.
En la Franja de Gaza, el ejército israelí sigue intensificando su ofensiva, iniciada tras el ataque de Hamás de octubre de 2023, y pese a la presión sobre Israel para que detenga la guerra en el territorio palestino, devastado por dos años de conflicto.
“Paz justa y duradera”
El presidente de la Autoridad Palestina, Mahmud Abás, que el lunes participará en la cumbre por videoconferencia porque le denegaron una visa para Estados Unidos, aseguró que el reconocimiento es “un paso importante y necesario hacia la realización de una paz justa y duradera”.
Algunos diplomáticos, no obstante, temen represalias israelíes.
Netanyahu, reiteró el domingo que no habrá un Estado palestino y amenazó con extender la colonización en Cisjordania, mientras dos ministros israelíes de ultraderecha, Itamar Ben Gvir y Bezalel Smotrich, pidieron la anexión de este territorio palestino ocupado.
“No deberíamos sentirnos intimidados por el riesgo de represalias” de Israel, dijo el secretario general de la ONU, Antonio Guterres, a la AFP.
En este contexto, el discurso de Netanyahu ante la Asamblea General de la ONU, previsto el viernes, es muy esperado.
Israel anunció este lunes que no participará en una reunión de emergencia el martes en el Consejo de Seguridad sobre Gaza debido a que coincide con el Año Nuevo Judío.
El ataque de Hamás del 7 de octubre de 2023 en territorio israelí causó la muerte de 1.219 personas, en su mayoría civiles, según datos oficiales.
Al menos 65.062 palestinos, en su mayoría civiles, han muerto a causa de las represalias israelíes en la Franja de Gaza, según el Ministerio de Salud del gobierno de Hamás, que tomó el poder en 2007 en ese territorio.
👀🌎📄 ¿Ya se enteró de las últimas noticias en el mundo? Invitamos a verlas en El Espectador.
El Espectador, comprometido con ofrecer la mejor experiencia a sus lectores, ha forjado una alianza estratégica con The New York Times con el 30 % de descuento.
Este plan ofrece una experiencia informativa completa, combinando el mejor periodismo colombiano con la cobertura internacional de The New York Times. No pierda la oportunidad de acceder a todos estos beneficios y más. ¡Suscríbase aquí al plan superprémium de El Espectador hoy y viva el periodismo desde una perspectiva global!
📧 📬 🌍 Si le interesa recibir un resumen semanal de las noticias y análisis de la sección Internacional de El Espectador, puede ingresar a nuestro portafolio de newsletters, buscar “No es el fin del mundo” e inscribirse a nuestro boletín. Si desea contactar al equipo, puede hacerlo escribiendo a mmedina@elespectador.com",23-09-2025,22-09-2025,Más países,,“Solo palabras”: Trump resta importancia a nuevos reconocimientos a Palestina,https://www.elespectador.com/mundo/mas-paises/trump-resta-importancia-a-nuevos-reconocimientos-de-francia-y-reino-unido-a-palestina/
"Trump celebró en su momento la suspensión del programa, y llegó a decir el viernes que la cobertura negativa de su administración debería ser “ilegal”.",Redacción Mundo,mundo,"Audio generado con IA de Google
0:00
/
0:00
El programa de Jimmy Kimmel, suspendido la semana pasada tras amenazas del gobierno estadounidense por comentarios del humorista sobre las consecuencias del asesinato del activista de derecha Charlie Kirk, regresará el martes al aire, dijo este lunes Disney.
“El miércoles pasado, tomamos la decisión de suspender la producción del programa para evitar agravar aún más una situación tensa en un momento emotivo para nuestro país. Es una decisión que tomamos porque consideramos que algunos de los comentarios eran inoportunos”, dijo en un comunicado Disney, dueña de la televisora ABC que emite “En Vivo con Jimmy Kimmel”.
“Hemos pasado los últimos días en conversaciones profundas con Jimmy y, tras ellas, decidimos que el programa vuelva al aire el martes”.
Las amenazas de la Comisión Federal de Comunicaciones (FCC, que regula el sector en Estados Unidos) y la salida del aire del programa de Kimmel, quien muchas veces apunta sus dardos a la administración del presidente Donald Trump, generó críticas en la izquierda por infringir la Primera Enmienda de la Constitución, que garantiza la libertad de expresión en el país.
Artistas, comediantes y figuras del entretenimiento se sumaron a las críticas.
Más de 400 estrellas de Hollywood publicaron este lunes una carta de la Unión Americana de Libertades Civiles (ACLU, por sus siglas en inglés) en defensa de Kimmel y la libertad de expresión.
“Jimmy Kimmel fue retirado del aire después de que nuestro gobierno amenazó a una compañía privada con retaliaciones. Esto marca un momento sombrío para la libertad de expresión en nuestra nación”, reza la misiva suscrita por astros como Tom Hanks, Jennifer Aniston, Meryl Streep y Pedro Pascal, protagonista de “Star Wars: The Mandalorian and Grogu” (2026), cuyo trailer fue revelado esta mañana por Disney.
Pero también cosechó cuestionamientos entre voces de la derecha como las del senador de Texas, Ted Cruz, y el animador Tucker Carlson.
“Me gusta Brendan Carr (...) Pero lo que dijo es tremendamente peligroso”, comentó Cruz en su podcast la semana pasada.
“Puede que ahora resulte satisfactorio amenazar a Jimmy Kimmel, pero lo lamentaremos cuando se utilice para silenciar a los conservadores en Estados Unidos”.
“Por las buenas o por las malas”
Kimmel insinuó el lunes pasado en su programa nocturno de variedades que el movimiento MAGA (Make America Great Again) de Donald Trump explotaba políticamente el asesinato de Kirk, un importante aliado del presidente.
Kirk, de 31 años, fue baleado el 10 de septiembre cuando participaba en un debate en un campus universitario de Utah. El sospechoso, Tyler Robinson, de 22 años, se entregó a las autoridades y está acusado de homicidio agravado.
“Durante el fin de semana se registraron nuevos mínimos, con la pandilla MAGA tratando desesperadamente de caracterizar al joven que asesinó a Charlie Kirk como cualquier cosa menos uno de los suyos y haciendo todo lo posible para sacar provecho político de ello”, dijo Kimmel el lunes pasado.
Menos de dos días después, el director de la FCC, Brendan Carr, amenazó a la televisora ABC con acciones legales.
“Podemos hacer esto por las buenas o por las malas. O estas compañías buscan la manera de cambiar la conducta, de actuar francamente respecto a Kimmel, o la FCC tendrá trabajo adicional por delante”, advirtió Carr el miércoles.
En seguida Nexstar, a cargo de la mayor parte de los canales afiliados de ABC, dijo que no transmitiría el programa, y ABC siguió anunciando su salida del aire “indefinidamente”.
Según el portal Primetimer, Disney habría perdido unos US$ 3,87 billones en valor de mercado desde la salida del aire de Jimmy Kimmel.
👀🌎📄 ¿Ya se enteró de las últimas noticias en el mundo? Invitamos a verlas en El Espectador.
El Espectador, comprometido con ofrecer la mejor experiencia a sus lectores, ha forjado una alianza estratégica con The New York Times con el 30 % de descuento.
Este plan ofrece una experiencia informativa completa, combinando el mejor periodismo colombiano con la cobertura internacional de The New York Times. No pierda la oportunidad de acceder a todos estos beneficios y más. ¡Suscríbase aquí al plan superprémium de El Espectador hoy y viva el periodismo desde una perspectiva global!
📧 📬 🌍 Si le interesa recibir un resumen semanal de las noticias y análisis de la sección Internacional de El Espectador, puede ingresar a nuestro portafolio de newsletters, buscar “No es el fin del mundo” e inscribirse a nuestro boletín. Si desea contactar al equipo, puede hacerlo escribiendo a mmedina@elespectador.com",23-09-2025,22-09-2025,América,,Disney regresa al aire a Kimmel tras presión popular y billones en pérdidas,https://www.elespectador.com/mundo/america/disney-regresa-al-aire-a-kimmel-tras-presion-popular-y-billones-en-perdidas/
Gustavo Petro confirmó que el cuerpo sin vida fue encontrado en el Estado de México. ,Hugo Santiago Caro,mundo,"Audio generado con IA de Google
0:00
/
0:00
Después de varios días desaparecido en la colonia Polanco, en Ciudad de México, Bayron Sánchez Salazar, artísticamente llamado B-King, fue encontrado sin vida este lunes en el Estado de México.
La noticia, confirmada por autoridades mexicanas, fue replicada por el presidente de Colombia, Gustavo Petro.
El presidente, citando una noticia de El País, afirmó que el asesinato es responsabilidad de “mafia internacional fortalecida por la estúpida política militar y prohibicionista, llamada ‘guerra contra las drogas’ a la que obligan a la humanidad y a América Latina”.
Según El País, el perfil de Sánchez y el de Jorge Luis Herrera Lemos, conocido como Regio Clown, coinciden con dos cuerpos hallados por las autoridades mexicanas el 17 de septiembre, hace una semana.
Los familiares reconocieron el cuerpo en el municipio Tlalnepantla, en el Estado de México, a unos 18 kilómetros de la capital mexicana. La última vez que los artistas fueron vistos con vida fue el 14 de septiembre, tres días antes de la aparición de los cuerpos, en un gimnasio en la colonia Polanco, un refinado barrio de Ciudad de México.
“De ahí no sabemos nada, no tenemos información ninguna (...) desconfiamos de todo el mundo, no sé por qué no investigaron a las personas que estuvieron con ellos”, afirmó a W Radio Sofía Agudelo, hermana de Sánchez.
Durante los últimos días el presidente Gustavo Petro pidió a través de X a su homóloga mexicana, Claudia Sheinbaum, ayudar con la búsqueda. Esta última se refirió al tema en su conferencia de prensa diaria de este lunes, afirmando que las cancillerías de ambos país ya estaban en contacto sobre las desapariciones.
👀🌎📄 ¿Ya se enteró de las últimas noticias en el mundo? Invitamos a verlas en El Espectador.
El Espectador, comprometido con ofrecer la mejor experiencia a sus lectores, ha forjado una alianza estratégica con The New York Times con el 30 % de descuento.
Este plan ofrece una experiencia informativa completa, combinando el mejor periodismo colombiano con la cobertura internacional de The New York Times. No pierda la oportunidad de acceder a todos estos beneficios y más. ¡Suscríbase aquí al plan superprémium de El Espectador hoy y viva el periodismo desde una perspectiva global!
📧 📬 🌍 Si le interesa recibir un resumen semanal de las noticias y análisis de la sección Internacional de El Espectador, puede ingresar a nuestro portafolio de newsletters, buscar “No es el fin del mundo” e inscribirse a nuestro boletín. Si desea contactar al equipo, puede hacerlo escribiendo a mmedina@elespectador.com",23-09-2025,22-09-2025,América,,"Cuerpo de cantante colombiano B-King, encontrado sin vida en México",https://www.elespectador.com/mundo/america/cuerpo-de-cantante-colombiano-b-king-encontrado-sin-vida-en-mexico/
"¿Es lógico destrabar $2,5 billones inmovilizados en obras o es irresponsable alterar las reglas de juego? El Gobierno insiste en que su decreto de reprogramación de vigencias futuras es un acto de eficiencia, pero los críticos advierten que afecta la confianza inversionista y es un riesgo para las APP.",Alejandro  Rodríguez Torres,economia,"Confianza es una palabra perdida en el laberinto político en los últimos días, pero es el cimiento para construir relaciones duraderas y resilientes a lo largo del tiempo. En la compleja ingeniería de la infraestructura, donde el Estado y el capital privado se alían para construir el país, la credibilidad es un activo tangible.
Allí, justamente, aparece uno de los mecanismos que materializa esta confianza: las vigencias futuras. Estos compromisos presupuestales garantizan recursos para pagar obras que superan un periodo de Gobierno. Es decir,...",23-09-2025,21-09-2025,Economía,Suscriptores,Cuando el Estado reescribe los pagos: los riesgos de reprogramar vigencias futuras,https://www.elespectador.com/economia/cuando-el-estado-reescribe-los-pagos-los-riesgos-de-reprogramar-vigencias-futuras/
"Las franjas horarias para el paso en sentido Bogotá - Villavicencio son de dos horas, mientras que para el tránsito de Villavicencio a Bogotá son de cuatro horas.",Redacción Economía,economia,"Audio generado con IA de Google
0:00
/
0:00
Desde el sábado 6 de septiembre se ha restringido el paso por la vía al Llano debido a un derrumbe de casi 100.000 metros cúbicos de material vegetal y rocas en Chipaque (Cundinamarca).
Para subsanar los problemas de movilidad en el corredor vial, se habilitó el paso por la variante del kilómetro 18. De este modo se le da circulación provisional y alternado a los vehículos que circulan por la carretera mientras se terminan los trabajos en el tramo principal.
Horarios de paso
Coviandina, concesionaria del corredor, informa que según lo definido por el Comité de Seguimiento, los vehículos tendrán paso por la variante del kilómetro 18 en franjas diferenciadas.
Sentido Bogotá - Villavicencio
El paso será habilitado durante dos horas:
Sentido Villavicencio - Bogotá
El paso será habilitado durante cuatro horas:
Los horarios estarán vigentes por un periodo de 48 horas, desde el domingo hasta este martes 23 de septiembre. Aunque podrán ser modificados en función de los resultados que dé para la movilidad por la vía al Llano.
Los puntos de control estarán en Llano Lindo (K85+600) para el sentido Villavicencio–Bogotá y en el PK00+000 y el semáforo de El Uval para el sentido Bogotá–Villavicencio. Las autoridades recomiendan a los conductores llegar máximo con una hora de antelación a la franja que les corresponda.
Restricciones y excepciones
De manera excepcional, se autorizará la circulación de cargas extradimensionadas únicamente en el horario diurno y de acuerdo a la reglamentación para su tránsito.
Además, las ambulancias tendrán prioridad en el paso por la variante.
De otro lado, el Ministerio de Agricultura y el de Transporte coordinaron una ruta de seguimiento para facilitar el paso de la carga de alimentos en los horarios de 8:00 p. m. a 6:00 a. m., y hacer seguimiento a la situación en la zona. Esto especialmente para productos como el arroz, pues se han visto afectados por el alto costo de los fletes.
Coviandina recomienda, a los viajeros que deban atravesar el corredor vial, que estén atentos a los canales oficiales de la entidad porque así sabrán de modificaciones y restricciones que puedan presentarse.
💰📈💱 ¿Ya te enteraste de las últimas noticias económicas? Te invitamos a verlas en El Espectador.",23-09-2025,22-09-2025,Economía,,Vía al Llano: estos son los nuevos horarios para el tránsito por la variante,https://www.elespectador.com/economia/via-al-llano-estos-son-los-nuevos-horarios-para-el-transito-por-la-variante/
"Más de 220 entidades financieras integrarán la red para enviar y recibir dinero al instante, conozca los detalles.",Redacción Economía,economia,"Audio generado con IA de Google
0:00
/
0:00
El Banco de la República está finalizando el nuevo sistema de pagos inmediatos Bre-B.
Este 23 de septiembre la plataforma dará su último paso antes de estar disponible para los usuarios, pues entra en funcionamiento el mecanismo del Banco de la República que permite la interoperabilidad plena del sistema.
Entre el 23 de septiembre y el 5 de octubre, la entidad realizará un periodo de prueba controlado con un grupo limitado de clientes, con el fin de verificar el funcionamiento entre los cinco sistemas de pago inmediatos y las 227 entidades financieras que harán parte del ecosistema.
“A partir del 6 de octubre los pagos entre personas y comercios se podrán realizar a través del nuevo botón o zona Bre-B dispuesto por las entidades financieras en sus canales digitales”, informó el Banrep.
¿Cuáles son las ventajas de usar Bre-B?
Con Bre-B, los colombianos podrán realizar transferencias de hasta $11.500.000 en 20 segundos, desde y hacia cualquier entidad financiera, todos los días de la semana y a cualquier hora sin pagar ni un peso.
Para hacerlo solamente se necesita ingresar un código, que se conoce como llave. Se trata de un identificador único que puede ser el número de celular, la cédula, el correo electrónico o un código alfanumérico que cada persona elija.
Eso sí, deberá ser diferente para cada producto financiero, es decir, si tiene varias cuentas en distintos bancos, a una le puede asignar el número de cédula, a otra el celular y a la última, el correo.
¿Cómo usar Bre-B?
Una vez entre en operación el sistema, a partir del 6 de octubre, podrá usarlo así:
💰📈💱 ¿Ya te enteraste de las últimas noticias económicas? Te invitamos a verlas en El Espectador.",23-09-2025,22-09-2025,Finanzas personales,,¿En qué va la implementación de Bre-B? Fechas y ventajas del sistema de pagos,https://www.elespectador.com/economia/finanzas-personales/en-que-va-la-implementacion-de-bre-b-fechas-y-ventajas-del-sistema-de-pagos/
"Las compañías de tarjetas de crédito ganaron un nuevo y poderoso aliado en su lucha contra un sistema de pagos competidor en Brasil: el presidente de Estados Unidos, Donald Trump.",Agencia Bloomberg,economia,"Audio generado con IA de Google
0:00
/
0:00
(Gerencia - Liderazgo) La popularísima plataforma de pagos digitales Pix, desde hace tiempo el dolor de cabeza de Visa Inc., Mastercard Inc. y las grandes tecnológicas, es uno de los varios objetivos de investigaciones de EE.UU. por supuestas prácticas comerciales desleales. Si el gobierno de Trump respalda los argumentos de que Pix tiene una ventaja injusta y necesita normas de seguridad más estrictas, sería una victoria para las compañías y un golpe contra las tecnologías de pago respaldadas por gobiernos como la de Brasil.
Las quejas de las corporaciones contra el sistema Pix, creado y regulado por el Banco Central de Brasil, habían sido en gran medida ignoradas durante años en Washington. La campaña tomó fuerza cuando el gobierno de Trump empezó a movilizarse en apoyo a su aliado derechista Jair Bolsonaro, quien fue condenado este mes por planear un golpe de Estado.
Pix es utilizado a diario por decenas de millones de brasileños para pagar desde facturas de servicios hasta vendedores ambulantes, y cada vez más en transacciones que antes se realizaban con tarjetas plásticas. Se ha convertido en un símbolo de soberanía frente a la creciente guerra comercial de EE.UU., a la que Brasilia promete resistir.
La batalla por el mercado de transacciones digitales en Brasil, la mayor economía de América Latina, es un ejemplo más de la lucha global de las compañías privadas de tarjetas de crédito, por lo que consideran un terreno de juego justo en todo el mundo.
Lanzado en 2020 en plena pandemia, Pix se convirtió rápidamente en un éxito cuando los consumidores se volcaron al comercio en línea y a los sistemas de pago digitales. Hoy cuenta con cerca de 160 millones de usuarios activos mensuales en un país de 210 millones de habitantes. Solo en agosto, más de 3 billones de reales (US$564.000 millones) se movieron a través de la red, según el banco central.
El sistema permite fácilmente pagos entre teléfonos de clientes mediante códigos QR vinculados a una billetera digital o a un procesador de pagos. El banco central ha señalado que el incentivo de usar Pix ha atraído a más personas al sistema bancario formal.
Al ofrecer transferencias instantáneas sin comisiones, Pix ya supera a las tarjetas de crédito y débito como método de pago preferido en Brasil. También está adoptando nuevas funciones que amenazan con desplazar aún más a las tarjetas.
Cuando el gobierno de Trump llevó su guerra comercial a Brasil en un intento de rescatar a Bolsonaro de sus problemas legales, permitió a las compañías de tarjetas argumentar que Pix no estaba jugando con las mismas reglas.
La ofensiva contra Brasil se intensificó en julio, cuando EE.UU. anunció aranceles comerciales del 50% sobre algunas exportaciones brasileñas. Trump citó la persecución política de Bolsonaro como la razón, introduciendo una justificación novedosa y de dudosa legalidad para gravar importaciones de otros países.
En paralelo, la Oficina del Representante Comercial de EE.UU. (USTR, por sus siglas en inglés) inició una amplia investigación contra Brasil por supuestas prácticas desleales, incluyendo servicios de comercio digital y pagos electrónicos que, según dijo, “pueden socavar la competitividad de empresas estadounidenses que operan en esos sectores, por ejemplo, al tomar represalias contra ellas por no censurar discursos políticos”.
En una audiencia del USTR el 3 de septiembre, representantes de grupos comerciales estadounidenses alegaron que Pix perjudica a las empresas privadas y difumina la línea entre regulador y participantes del mercado.
Sean Murphy, vicepresidente del Information Technology Industry Council, que representa a empresas como Visa, Mastercard, Amazon.com Inc. y Apple Inc., mencionó un “campo de juego desigual para las compañías de servicios de pagos digitales que compiten con la alternativa respaldada por el gobierno”, según la transcripción de la audiencia.
El consejo argumentó que el banco central podría aprovechar su acceso a información confidencial y sensible de sus competidores privados. Añadió que Pix debería estar sujeto a los mismos estándares regulatorios, de ciberseguridad, operativos y de supervisión que las plataformas del sector privado.
Neil Herrington, de la Cámara de Comercio de EE.UU., citó una “falta de transparencia y de separación de la gobernanza” por el doble papel del banco central como operador y regulador del sistema.
El gobierno brasileño sostiene que sus políticas e iniciativas de servicios de pago electrónico no discriminan, ya que las plataformas digitales son libres de ofrecer sus propios servicios.
El diplomático brasileño Roberto Azevedo, asesor de la Confederación Nacional de la Industria, rechazó las acusaciones de que Pix redujera la competencia. “Este sistema de pagos ha impulsado la inclusión financiera, reducido la dependencia del efectivo y aumentado la eficiencia en el comercio minorista y electrónico, beneficiando ampliamente a las empresas estadounidenses”, dijo en la audiencia.
El expresidente del banco central Roberto Campos Neto, quien encabezaba la institución cuando se lanzó Pix, señaló que el argumento anticompetitivo no tiene sentido. Pix fue creado para fomentar la inclusión y generar “competencia bancaria, y el banco central no obtiene beneficios de ello”, dijo en una entrevista. “Por el contrario, gasta dinero todos los años para mantener Pix”.
Visa afirmó que está monitoreando la investigación del USTR y trabajando con autoridades gubernamentales tanto en Brasil como en EE.UU. para identificar oportunidades de fortalecer la colaboración en pagos digitales. Mastercard no respondió a una solicitud de comentarios.
Brasil es solo un campo de batalla en una contienda global por los sistemas de pago —y las comisiones y datos que los acompañan—. En el frente estadounidense, por ejemplo, las compañías minoristas están recurriendo a las stablecoins como una alternativa digital a los métodos de pago tradicionales.
Con el respaldo estatal, los recién llegados están prevaleciendo. El sistema UPI de India, que al igual que Pix es gratuito para consumidores y casi sin costo para comerciantes, demuestra “lo rápido que un sistema estatal basado en cuentas puede desplazar a las tarjetas a gran escala una vez que se convierte en la opción predeterminada para el comercio cotidiano”, dijo el consultor de pagos Richard Crone.
En el caso de la plataforma Mir de Rusia, su uso se disparó después de que EE.UU. y sus aliados impusieran sanciones y Visa y Mastercard se retiraran en 2022, mostrando cómo la presión estadounidense puede tener un efecto contrario, señaló Crone. “La consecuencia no deseada de la postura actual de EE.UU. hacia Brasil puede ser la misma”, agregó.
Crone calcula que cada cambio del 1% desde las tarjetas de crédito erosiona entre US$200 millones y US$400 millones en comisiones. “Este impacto solo crecerá exponencialmente una vez que Pix incorpore pagos automáticos generados por inteligencia artificial”, añadió.
Pix ya está incorporando nuevas herramientas que imitan a las tarjetas de crédito, como Pix Parcelado, que divide compras en más cuotas con tarifas más bajas, y Pix Automático, para pagos recurrentes.
Estas funciones “pueden reemplazar parcialmente a las tarjetas de débito y crédito”, según Daniel Alvarenga, abogado especializado en fintech que integra el grupo de trabajo de Pix en el banco central.
Aun así, los brasileños no han perdido el interés por las tarjetas de crédito ya que les permiten acceder a salones VIP de aeropuertos o acumular millas aéreas.
Una encuesta del banco central en 2024 sobre métodos de pago preferidos mostró que la preferencia por las tarjetas de crédito creció a 51,6% en 2025 desde 44,5% en 2021. Y la cantidad de tarjetas emitidas aumentó de 239 millones en 2020 a 510 millones en 2024.
Brasilia ahora se prepara para la próxima jugada de Washington después de que el Tribunal Supremo condenara a Bolsonaro a más de 27 años de prisión por intentar un golpe tras su derrota electoral de 2022.
El gobierno de Trump ya impuso sanciones a Alexandre de Moraes, el juez del Supremo que encabezó el juicio a Bolsonaro y emitió el primer voto para condenarlo.
Brasil considera la investigación del USTR, que durará entre seis y doce meses, como una vía por la que el gobierno de Trump aún podría tomar represalias contra el país en caso de que sus aranceles sean anulados en los tribunales, según una persona familiarizada con el asunto.
Los ataques de EE.UU. contra Brasil ya están teniendo otro efecto: reforzar la popularidad del presidente Luiz Inácio Lula da Silva, sucesor de Bolsonaro, quien ha encontrado un nuevo propósito en desafiar a Trump antes de las elecciones presidenciales de Brasil el próximo año.
En un acto el mes pasado, Lula arremetió contra las compañías de tarjetas de crédito.
“¿Cuál es su preocupación?”, dijo. “Que si Pix domina el mundo, las tarjetas de crédito desaparecerán”.
Si conoce historias de emprendedores y sus emprendimientos, escríbanos al correo de Edwin Bohórquez Aya (ebohorquez@elespectador.com) o al de Tatiana Gómez Fuentes (tgomez@elespectador.com). 👨🏻‍💻 🤓📚",23-09-2025,22-09-2025,Emprendimiento y Liderazgo,,"Pix, que cambió el sistema financiero de Brasil, en la mira de Trump",https://www.elespectador.com/economia/emprendimiento-y-liderazgo/pix-que-cambio-el-sistema-financiero-de-brasil-en-la-mira-de-trump/
El aumento de compras externas supera el ritmo exportador y presiona la balanza. ¿Qué se trae al país y de dónde viene?,María Camila Ramírez Cañón,economia,"Audio generado con IA de Google
0:00
/
0:00
Las importaciones registraron el mayor valor de los últimos dos años durante el mes de julio de 2025, de acuerdo con la información publicada por el Departamento Administrativo Nacional de Estadística (DANE).
La cifra fue de US $6.484,0 millones CIF y presentó un crecimiento de 16,2 % con relación al mismo mes de 2024.
¿Por qué crecieron las importaciones?
Los datos reflejan que hubo un crecimiento importante en todos los sectores de productos. Aunque el DANE resalta que se destacó el aumento del 12,9 % que tuvo el grupo de manufacturas.
En julio de 2025, este renglón participó con 76,7 % del valor CIF total de las importaciones, le siguió el de agropecuarios, alimentos y bebidas con 13,6 %, luego el de combustibles y productos de las industrias extractivas con 9,3 % y finalmente estuvo el de otros sectores con 0,4 %. Aunque este último fue el de menor peso, tuvo el repunte más significativo en cuanto a variación, con el 193,6 %.
Las importaciones de manufacturas fueron de US $4.972,7 millones CIF y presentaron un crecimiento de 12,9 % frente a julio de 2024 porque hubo más compras de:
Por su parte, el grupo de combustibles y productos de las industrias extractivas fueron de US$604,6 millones CIF y presentaron un crecimiento de 15,3 %, debido principalmente a que el gas natural y manufacturado (386,6 %) aportó 15,6 % de la variación del grupo.
Para el renglón de agropecuarios, alimentos y bebidas el valor fue de US$880,0 millones CIF y presentaron un crecimiento de 36,5 %, lo que se explica por las compras de productos alimenticios y animales vivos (41,4 %).
El panorama importador de 2025
El caso del mes de julio fue particular por su repunte, por lo que vale la pena ampliar la mirada para conocer cómo han estado las importaciones a lo largo del año.
Entre enero y julio 2025, las importaciones colombianas fueron US$39.998,9 millones CIF y registraron un crecimiento de 10,6 %, frente al mismo periodo de 2024.
Así ha sido el crecimiento de cada sector:
¿Qué productos llegan y de dónde?
Para el periodo enero - julio 2025, en comparación con el mismo periodo de 2024, el aumento en las compras externas originarias de China explicaron el incremento de las importaciones.
Estos son los países, su variación y los productos que más han enviado a Colombia en los primeros siete meses del año:
¿Y cómo queda la balanza comercial?
Con el repunte de las importaciones creció el déficit de la balanza comercial, que expresa la diferencia entre el valor de lo que exporta Colombia en comparación con lo que compra.
En julio de 2025 se registró un déficit de US$1.691,8 millones FOB, mientras que en julio de 2024 fue de US$617,9 millones FOB.
Ahora bien, para lo que va del año (de enero a julio) el déficit está en US$8.952,0 millones FOB, mientras que en el mismo periodo de 2024 estaba en US$5.576,8 millones FOB.
Las importaciones son las que explican que se dé dicho comportamiento en la balanza comercial, pues las exportaciones han crecido, pero no al mismo nivel como para sostener el valor del déficit y mucho menos reducirlo.
💰📈💱 ¿Ya te enteraste de las últimas noticias económicas? Te invitamos a verlas en El Espectador.",23-09-2025,22-09-2025,Macroeconomía,,Importaciones se dispararon y aumentó el déficit de la balanza comercial en julio,https://www.elespectador.com/economia/macroeconomia/importaciones-se-dispararon-y-aumento-el-deficit-de-la-balanza-comercial-en-julio/
"La divisa se ha mantenido a la baja, aunque estable. Le contamos cuáles son las estimaciones para el precio de la tasa de cambio para el cierre de septiembre.",Redacción Economía,economia,"Audio generado con IA de Google
0:00
/
0:00
El precio del dólar ha logrado mantenerse por debajo de los $3.900, a pesar de la volatilidad que ha tenido la tasa de cambio.
Para este lunes, la divisa termina la primera jornada de la semana con una caída. La moneda finaliza en $3.846, lo que representa una reducción de $19 en comparación con el último cierre de los mercados del pasado viernes 19 de septiembre ($3.865).
El precio máximo registrado durante las negociaciones del día fue de $3.868 y el mínimo llegó a los $3.835,55. Mientras que el promedio se situó en $3.852,3.
De otro lado, la tasa representativa del mercado (TRM) para este lunes 22 de septiembre fue fijada por la Superintendencia Financiera en $3.891,19.
¿En qué va el precio del dólar en Colombia?
La semana pasada, el dólar registró una tendencia a la baja frente al peso colombiano, iniciando con una TRM de $3.906 y descendiendo hasta los $3.880, su nivel más bajo en lo que va del año, de acuerdo con Carlos Güisa, gerente de Análisis Económicos y Proyectos de la Cámara Colombiana de Comercio Electrónica (CCCE).
La caída estuvo impulsada, en gran parte, por la decisión de la Reserva Federal de Estados Unidos de recortar su tasa de interés en 25 puntos básicos, lo que lleva la tasa al rango de 4,00 % – 4,25 %.
Se trata de “una señal clara de desaceleración en la economía estadounidense”, en palabras de Güisa. Puesto que la medida tiende a debilitar el dólar globalmente, ya que reduce el atractivo de invertir en activos denominados en esa moneda y estimula la salida de capital hacia economías emergentes con mejores proyecciones.
La combinación de tasas de interés y los aranceles de EE. UU. ha impulsado la deuda pública de los mercados emergentes a superar la rentabilidad de la mayoría de las inversiones de renta fija a nivel mundial.
El repunte ha sido liderado por Brasil, México, Colombia, Hungría y Sudáfrica, países que han ganado al menos un 23 % este año, según estimaciones de Bloomberg.
Para el caso colombiano, Güisa explica que los resultados económicos recientes —incluyendo una inflación más controlada y la decisión del Banco de la República de mantener estables las tasas de interés desde junio— han fortalecido la percepción de estabilidad macroeconómica. A su vez, ello impulsa la entrada de inversión extranjera y favorece la apreciación del peso.
¿Seguirá bajando el precio?
La tasa de cambio dependerá de cómo asuman los mercados el recorte de las tasas de interés de la Fed, esa es la clave de acuerdo con Sebastián Chacón Marín, director de la Escuela de Negocios y Desarrollo Internacional del Politécnico Grancolombiano.
Por el momento, las apuestas de los analistas estadounidenses se inclinan a que habrá más recortes este año. Esa es la expectativa generalizada debido al comportamiento de la economía de Estados Unidos, especialmente porque la generación de empleo no ha sido la esperada y permanece la incertidumbre generada por los aranceles, dice Chacón.
De ser así, invertir en Colombia seguiría siendo atractivo. Otro factor que ha incidido es el flujo histórico de remesas, pues se estima que podrían estar sobre el 3 % del PIB para el cierre del año, lo que pone más billetes verdes en circulación y afecta la tasa de cambio respecto a la oferta y demanda.
Además, “los inversionistas continúan favoreciendo activos refugio alternativos como el oro y la plata, ambos alcanzando nuevamente máximos históricos, mientras que los flujos hacia mercados de renta variable se mantienen apoyados por el mayor apetito por riesgo y un entorno de baja volatilidad global”, sostiene Rodrigo Lama, Chief Business Officer de la fintech latinoamericana Global66.
En medio de este contexto, lo que hará la diferencia para la tasa de cambio esta semana y en adelante es el comportamiento de la economía estadounidense porque es lo que marca la pauta para las decisiones de la Fed sobre las tasas de interés y puede seguir impulsando, o no, a los mercados emergentes como el colombiano.
Las estimaciones para el dólar
Si bien es imposible predecir el precio del dólar, algunos analistas y expertos hacen sus apuestas. En general, los consultados por Fedesarrollo consideran que en septiembre la tasa de cambio se ubicará en un rango entre $3.922 y $3.950, con $3.950 como respuesta mediana.
Por su parte, el Informe Económico del Banco de Bogotá dice que el soporte del dólar estará en $3.825, con resistencia hacia los $3.899 y una alta volatilidad.
Finalmente, los analistas de Fedesarrollo esperan una tasa de cambio cercana a los $4.030 para el cierre de 2025.
💰📈💱 ¿Ya te enteraste de las últimas noticias económicas? Te invitamos a verlas en El Espectador.",23-09-2025,22-09-2025,Finanzas personales,,Dólar hoy en Colombia: así cerró el precio de la divisa este 22 de septiembre,https://www.elespectador.com/economia/finanzas-personales/precio-del-dolar-hoy-22-de-septiembre-en-colombia-noticias-hoy/
El medio de transporte dejará de funcionar durante dos semanas debido a trabajos de mantenimiento. ,Redacción Bogotá,bogota,"Audio generado con IA de Google
0:00
/
0:00
Transmicable es un medio de transporte indispensable para los 30.000 usuarios que a diario lo usan para ir desde el Portal Tunal, hacia el Paraíso y otros barrios ubicados en la parte alta de la localidad de Ciudad Bolívar.
Sin embargo, pese a lo vital de su funcionamiento para la movilidad del sur de la ciudad, el Transmicable dejará de operar en dos semanas, desde el 4 de octubre, debido a labores de mantenimiento programadas por el operador.
Más información sobre Bogotá: ¿Busca trabajo? Conozca la oferta de 427 empleos para esta semana en Bogotá.
De acuerdo con la información que transmitió la empresa Transmilenio, las labores que se adelantarán en el cable consisten en o preventivo en el componente electromecánico, el cual es obligatorio para garantizar la seguridad de los usuarios.
Por lo tanto, el Transmicable dejará de funcionar desde el sábado 4 hasta el domingo 19 de octubre de 2025, tiempo en el cual el sistema no tendrá ningún tipo de apertura al público. Sin embargo, para reducir el impacto en los tiempos de viaje de los usuarios, el sistema dispondrá de otras alternativas de transporte durante este tiempo.
En ese orden de ideas, El SITP garantizará el servicio a los usuarios de TransMiCable mediante la operación de tres rutas alimentadoras y doce servicios zonales, con el fin de asegurar el desplazamiento de los habitantes del sector y su conexión tanto con el Portal del Tunal como con diversos puntos de la ciudad de Bogotá.
Rutas alimentadoras
Con horario de operación de lunes a sábado de 04:00 a.m. a 00:30 a.m. y domingos y festivos de 04:00 a.m. hasta las 11:30 p.m.:
Rutas zonales
Finalmente, Transmilenio recomendó a la población usuaria de este sector de la ciudad planear con antelación sus trayectos y utilizar la aplicación oficial TransMiApp, con el fin de recibir información actualizada sobre la operación y servicios en tiempo real del SITP
Le puede interesar: Semana de la bicicleta en Bogotá: conozca la agenda, retos y horarios.
Para conocer más noticias de la capital y Cundinamarca, visite la sección Bogotá de El Espectador.",23-09-2025,22-09-2025,Bogotá,,Atención usuarios: Transmicable dejará de operar a partir del 4 de octubre,https://www.elespectador.com/bogota/atencion-usuarios-transmicable-dejara-de-operar-a-partir-del-4-de-octubre/
"La puesta en escena fue llevada a cabo por el Distrito, a través del Idipron, con el fin de resaltar la problemática.",Redacción Bogotá,bogota,"Audio generado con IA de Google
0:00
/
0:00
El flagelo de la explotación no es ajeno a la realidad de Bogotá. A diario, niños y adolescentes son instrumentalizados por los adultos, en ocasiones sus padres, para trabajar, mendigar, e incluso en actividades sexuales sin ningún tipo de remordimiento.
Las cifras respaldan lo evidenciado en el día a día de la ciudad. Durante el año 2024, el Idipron identificó 19 casos de niñas, niños y adolescentes víctimas de explotación sexual comercial.
Para 2025, a la fecha, la entidad ha registrado siete nuevos casos, todos correspondientes a adolescentes, lo cual hace evidente la problemática en la capital del país.
Más información sobre Bogotá: Atención usuarios: Transmicable dejará de operar a partir del 4 de octubre.
Las modalidades de explotación sexual comercial reportadas incluyen: turismo sexual, instrumentalización por grupos armados, matrimonios o uniones serviles, utilización en pornografía, explotación en contextos virtuales (TIC) y con otros fines sexuales. Las localidades con mayor afectación son: Los Mártires, con 126 casos, Usme, con 16 casos, y Kennedy: 14 casos.
En medio de esta lucha contra este delito, el Idipron realizó una actividad simbólica en la Plaza de Bolívar, que consistió en la instalación de cientos de peluches y muñecos, juguetes, libros infantiles, colores, loncheras, mochilas, zapatos, dibujos, entre otros objetos de uso común en la vida cotidiana de las niñas y los niños.
Estos objetos fueron donados por funcionarios del Instituto y diversos actores sociales, como representación de la infancia vulnerada por la explotación sexual comercial.
“Detrás de cada cifra hay una historia, una vida afectada por la violencia y la exclusión. Como institución, estamos aquí para acompañar, proteger y abrir caminos de esperanza. Hoy queremos recordar que ningún niño, niña o adolescente debería perder su infancia. Bogotá debe ser un lugar donde caminas seguro”, aseguró Javier Palacios, director del Idipron.
¿Cómo denunciar la explotación infantil?
Si conoce o sospecha de una situación de Explotación Sexual Comercial de Niñas, Niños y Adolescentes (ESCNNA), actúa. Puedes denunciar a través de las siguientes líneas:
Le puede interesar: ¿Busca trabajo? Conozca la oferta de 427 empleos para esta semana en Bogotá.
Para conocer más noticias de la capital y Cundinamarca, visite la sección Bogotá  de El Espectador.",23-09-2025,22-09-2025,Bogotá,,Lluvia de peluches en la Plaza de Bolívar para combatir la explotación infantil,https://www.elespectador.com/bogota/lluvia-de-peluches-en-la-plaza-de-bolivar-para-combatir-la-explotacion-infantil/
Será un escenario para debatir políticas públicas y estrategias laborales. ,Redacción Bogotá,bogota,"Audio generado con IA de Google
0:00
/
0:00
Esta semana, entre el 23 y 25 de septiembre, la ciudad será el centro del foro internacional “El Tiempo de las Mujeres: Género y Construcción de Ciudad”, el cual busca crear un espacio para debatir políticas públicas y estrategias para reducir, sobre todo, la pobreza de tiempo, una de las desigualdades más profundas que enfrentan las mujeres.
Lo anterior, debido a la sobrecarga de los trabajos de cuidado no remunerado que recaen en ellas.
Lea más: Atención usuarios: Transmicable dejará de operar a partir del 4 de octubre
Según el Distrito, este encuentro se da tras el reconocimiento dado por la Red Mundial de Gobiernos Locales y Regionales por el Tiempo, que designó a Bogotá como Capital Mundial de las Políticas del Tiempo. Esto significó que la capital fuera la primera ciudad latinoamericana en recibir este título, por su apuesta por reducir las desigualdades.
De la mano, el reconocimiento fue por otras iniciativas clave, como: la movilidad sostenible y el transporte masivo, además de una robusta agenda de espacios gratuitos de cultura, recreación y deporte.
Más noticias: ¿Busca trabajo? Conozca la oferta de 427 empleos para esta semana en Bogotá
¿Cómo será el foro?
En ese sentido, esperan desde el Distrito que el foro abra un espacio de reflexión y debate en el CEFE Chapinero y en la Manzana del Cuidado de Ciudad Bolívar-Manitas. En estos espacios, más de 30 expertas y expertos locales, nacionales e internacionales participarán en conversaciones que abordarán algunos temas como:
El foro contará con ocho paneles, dos talleres y un recorrido por la Manzana del Cuidado de Manitas. Además, cada panel contará con expertas internacionales:
Le puede interesar: Gestión al caos: así funciona el cerebro de la movilidad en Bogotá
Todas ellas, junto con otras invitadas, aportarán su experiencia para enriquecer la discusión sobre género, tiempo y ciudad. Para conocer toda la programación, panelistas e inscribirse podrán realizarlo en la página web.
Para conocer más noticias de la capital y Cundinamarca, visite la sección Bogotá  de El Espectador.",23-09-2025,22-09-2025,Bogotá,,Bogotá será la sede de foro que abordará desigualdades de género,https://www.elespectador.com/bogota/bogota-sera-la-sede-de-foro-que-abordara-desigualdades-de-genero/
"Desde el territorio, familias que retornaron hace dos semanas a Chocó, denuncian que el miedo los obligó a salir de nuevo. Algunos se dispersaron en ciudades de la región, otros volverían a la capital. ¿Qué pasó?",Juan Camilo Parra,bogota,"Algunos de los indígenas embera, que el pasado 8 de septiembre partieron desde Bogotá a recuperar sus vidas en resguardos de Risaralda y Chocó, no duraron ni dos semanas en sus territorios. Los supuestos riesgos y amenazas de los grupos ilegales los obligaron a desplazarse de nuevo. Así lo narra, desde Pereira, el líder embera Leonival Campo, quien huyó nuevamente del Alto Andagueda (Chocó), sin importar las consecuencias, como la pérdida de las ayudas que les prometió el Gobierno. Esto, para él, pasa a segundo plano cuando la vida sigue en...",23-09-2025,22-09-2025,Bogotá,Suscriptores,Indígenas regresarían a Bogotá: ni dos semanas duraron en su territorio,https://www.elespectador.com/bogota/indigenas-regresarian-a-bogota-ni-dos-semanas-duraron-en-su-territorio/
Hay una amplia convocatoria de eventos para esta semana en Bogotá. ,Redacción Bogotá,bogota,"Audio generado con IA de Google
0:00
/
0:00
Tras varias semanas, en las que la ciudad se ha visto envuelta de múltiples eventos y la acogida que estos han tenido por parte de los bogotanos, el Distrito invita a inscribirse a aquellos espacios que se llevarán a cabo esta semana.
Lea más: Lluvia de peluches en la Plaza de Bolívar para combatir la explotación infantil
Los espacios han llevado a los asistentes a descubrir la arqueología hasta a redescubrir la modernidad de Bogotá. Estos espacios, según indicaron, han articulado esfuerzos comunitarios, institucionales y académicos.
“Cada actividad es una oportunidad para reconocernos en la diversidad de memorias y expresiones que conforman Bogotá. Entre el 22 y el 27 de septiembre tendremos experiencias que van desde el dibujo colectivo hasta la exploración fílmica y los relatos alrededor de los usos de la bicicleta, desde la visión femenina, pasando por escenarios especialmente pensados para niñas, niños y adolescentes”, afirmó Diego Parra, director del Instituto Distrital de Patrimonio Cultural.
Más noticias: Atención usuarios: Transmicable dejará de operar a partir del 4 de octubre
Algunas de las actividades de esta semana son:
Rodar juntas: este miércoles, 24 de septiembre, a las 4:00 p. m., el Museo de Bogotá, Calle 10 No. 3-61, inaugurará ‘Rodar Juntas’, una exposición que reconoce a la bicicleta como patrimonio vivo y parte esencial de la ciudad. Este lanzamiento reunirá a colectivos, consejeros y ciudadanía en un conversatorio y recorrido.
Bogotá Fílmica - Teatros de cine y rostros de ciudad: será un recorrido que se realizará el viernes, 26 de septiembre, a las 10:00 a.m. En el Parque de la Independencia, Calle 24 No. 6A-1.
“En este recorrido patrimonial queremos volver sobre esas huellas: los antiguos teatros del centro, los pioneros como los Di Doménico y los Acevedo, y también los oficios invisibles que hicieron posible la experiencia colectiva del cine. No se trata solo de fachadas o películas, sino de memorias vivas que aún nos conectan”, explicó Leonardo Cristancho, coordinador del programa de Narrativas Patrimoniales.
Le puede interesar: Crece riesgo de trata infantil en Bogotá: investigar y prevenir, una tarea de todos
Para conocer de toda la programación que queda para esta semana, podrán visitar la página web del mes del patrimonio.
Para conocer más noticias de la capital y Cundinamarca, visite la sección Bogotá  de El Espectador.",23-09-2025,22-09-2025,Bogotá,,"Bogotá celebra el mes del patrimonio con varias actividades, ¿cuáles son?",https://www.elespectador.com/bogota/continuan-las-actividades-en-la-ciudad-por-el-mes-del-patrimonio-conozca-mas/
"La economía de Brasil crece, pero la popularidad no despega: la confrontación con Trump redefine las chances de Lula rumbo a 2026.",José Víctor Ferro | Latinoamérica21,mundo,"Audio generado con IA de Google
0:00
/
0:00
Con los vientos políticos soplando hacia posiciones conservadoras en América Latina y con elecciones presidenciales previstas para el próximo año, Brasil puede ser el próximo país de la región en manos de la derecha. Para evitar que eso pase, el principal candidato es el actual presidente, Luiz Inácio Lula da Silva. Lula, que asumió su tercer mandato en 2023, aspira a consolidar una trayectoria “rooseveltiana”, extendiendo su presencia política y alcanzando un cuarto mandato democrático.
Sin embargo, el panorama está lejos de ser lineal. Aunque los resultados económicos han sido positivos en su tercer mandato, la popularidad del presidente no reflejó inicialmente esa bonanza. El PIB creció, la inflación se mantuvo bajo control y se generaron nuevos empleos, pero hasta mediados de 2025 la mayoría absoluta de los brasileños desaprobaba su gobierno.
Esta paradoja entre desempeño macroeconómico y baja popularidad alimentó la idea de que Lula podría enfrentarse a un “escenario Biden”, en referencia a la experiencia del expresidente de Estados Unidos. Durante el mandato de Biden, las cifras macroeconómicas fueron sólidas: la economía creció un 3,2 % en 2023 y un 2,7 % en 2024, con mejoras notables en la productividad laboral. La inflación, que había repuntado en 2022 debido a la crisis energética provocada por la guerra en Ucrania, fue controlada sin políticas recesivas severas. El desempleo se mantuvo en niveles históricamente bajos, por debajo del 4 % hasta 2024, y solo subió levemente a 4,1 % ese año.
Sin embargo, los demócratas no lograron traducir este cuadro alentador en éxito electoral. En las elecciones de 2024, Kamala Harris, entonces vicepresidenta y candidata presidencial, no capitalizó los buenos indicadores y fue derrotada por Donald Trump. La lección fue clara: los logros macroeconómicos, por sí solos, no garantizan respaldo político si no se perciben como mejoras tangibles en la vida cotidiana de la mayoría.
Hasta mediados de 2025, Brasil parecía encaminado hacia un desenlace similar. El PIB creció un 3,4 % en 2024 y, en el primer trimestre de 2025, el país fue la quinta economía con mayor expansión en el mundo. La inflación, aunque ligeramente por encima de la meta del Banco Central, se mantuvo bajo control. Los datos de empleo resultaron aún más notables: la tasa de desocupación bajó al 6,6 % en 2024, el nivel más bajo desde 2012, con incremento de los ingresos promedio y expansión del empleo formal, un logro significativo en un país con una alta informalidad laboral. No obstante, en abril y mayo de 2025 distintos institutos de encuestas registraron que la mayoría absoluta de los brasileños desaprobaba la gestión de Lula. Es esta desconexión entre desempeño macroeconómico y percepción social lo que alimentaba la hipótesis del “escenario Biden”: un presidente con buenos números pero sin capacidad de convertirlos en popularidad sostenida.
Pero la coyuntura internacional alteró el tablero político. Los recientes embates diplomáticos entre Brasil y Estados Unidos parecen haber fortalecido la figura del
mandatario, que logró proyectarse como defensor de la soberanía nacional frente a las presiones externas del presidente Donald Trump —patrocinadas por la familia Bolsonaro—. Esta dinámica, en la que un enemigo externo moviliza el apoyo interno, es lo que algunos analistas describen como el “efecto Moby Dick”.
Así, el futuro electoral de Lula en 2026 puede estar definido por la interacción de dos fuerzas contrapuestas: la dificultad de transformar logros económicos en apoyo político sostenido —el “escenario Biden”— y la posibilidad de capitalizar la confrontación con Washington para reunir respaldo en torno a su liderazgo —el “efecto Moby Dick”.
Le recomendamos: Cuerpo de cantante colombiano B-King, encontrado sin vida en México
Cambio de rumbo
El panorama comenzó a cambiar en julio de 2025, cuando irrumpieron con fuerza ciertos factores externos. Ese mes, el gobierno de Donald Trump amenazó a Brasil con imponer aranceles del 50 % a sus exportaciones, bajo el argumento de que la justicia brasileña llevaba adelante una persecución política contra Jair Bolsonaro. Con el respaldo activo de Eduardo Bolsonaro —diputado e hijo del expresidente— en Washington, la amenaza se concretó el 6 de agosto.
Paradójicamente, la medida norteamericana terminó fortaleciendo a Lula. El presidente se presentó como defensor de la soberanía brasileña frente a lo que calificó como una injerencia inadmisible en los asuntos internos. Esta estrategia tuvo efecto inmediato: encuestas recientes revelaron que, aunque poco más de la mitad de la población aún desaprueba su gestión, la tasa de aprobación subió cinco puntos respecto de abril, alcanzando el 46 %. Un sondeo de la consultoría Quaest mostró, además, que el 48 % de los brasileños respalda la actuación de Lula y del Partido de los Trabajadores en el conflicto con Washington, frente a un 28 % que apoya a Bolsonaro y sus aliados. Otro 15 % declaró no alinearse con ninguno de los dos campos. Estos datos sugieren que, al menos en parte, la confrontación con Estados Unidos generó un cierre de filas en torno al presidente.
El fenómeno recuerda al “rally around the flag”, en el que una amenaza externa moviliza apoyo interno al líder del país. De allí la metáfora del “efecto Moby Dick”: así como en la novela de Herman Melville la tripulación del Pequod se unía bajo el mando del capitán Ahab para enfrentar al cachalote, una parte del electorado brasileño parece haberse alineado detrás de Lula frente a la presión estadounidense, percibida como una violación flagrante del derecho internacional y de las prácticas diplomáticas tradicionales sin precedentes.
Vea también: Reconocimiento de Palestina: simbolismo vs. realidad jurídica
El paralelo canadiense y la posibilidad de reelección en 2026
El impacto de las tensiones con Trump no es exclusivo de Brasil. En Canadá, un fenómeno semejante alteró el panorama político en 2025. Tras una década en el poder, Justin Trudeau enfrentaba un desgaste profundo, con niveles de popularidad en caída libre. Los liberales se preparaban para una elección cuesta arriba en 2026, frente a un Partido Conservador cada vez más fortalecido.
La renuncia de Trudeau y la llegada de Mark Carney al liderazgo liberal cambiaron el tablero. Cuando Trump amenazó a Canadá con imponer aranceles e incluso llegó a sugerir que el país podría convertirse en el “51º Estado” de Estados Unidos, Carney, convocando elecciones anticipadas, supo capitalizar el nacionalismo y la defensa de la soberanía. El resultado fue histórico: los liberales obtuvieron su primera victoria clara en más de una década, con el mayor porcentaje de votos alcanzado por un partido desde 1984.
Lula, hábil estratega político, parece haber comprendido esta dinámica. No es casual que haya anunciado que el lema central del desfile del Día de la Independencia, el 7 de septiembre, será la “soberanía nacional”.
El desenlace de las elecciones de 2026, pues, dependerá de cuál de las dos fuerzas logra imponerse. Si predomina la percepción de desconexión entre economía y vida cotidiana, Lula podría enfrentar dificultades para renovar su mandato. Pero si logra proyectarse como el defensor de la soberanía brasileña frente a presiones externas, sus posibilidades de alcanzar un cuarto mandato aumentarán considerablemente.
*Víctor Ferro es sociólogo de la Universidade de São Paulo y magíster en estudios latinoamericanos por las universidades de Salamanca, Estocolmo y París 3-Sorbonne Nouvelle. Investigador asistente en el Institut Barcelona Estudis Internacionals (IBEI) y doctorando en Ciencia Política en la Universitat Pompeu Fabra (UPF).
👀🌎📄 ¿Ya se enteró de las últimas noticias en el mundo? Invitamos a verlas en El Espectador.
El Espectador, comprometido con ofrecer la mejor experiencia a sus lectores, ha forjado una alianza estratégica con The New York Times con el 30 % de descuento.
Este plan ofrece una experiencia informativa completa, combinando el mejor periodismo colombiano con la cobertura internacional de The New York Times. No pierda la oportunidad de acceder a todos estos beneficios y más. ¡Suscríbase aquí al plan superprémium de El Espectador hoy y viva el periodismo desde una perspectiva global!
📧 📬 🌍 Si le interesa recibir un resumen semanal de las noticias y análisis de la sección Internacional de El Espectador, puede ingresar a nuestro portafolio de newsletters, buscar “No es el fin del mundo” e inscribirse a nuestro boletín. Si desea contactar al equipo, puede hacerlo escribiendo a mmedina@elespectador.com",23-09-2025,22-09-2025,América,,Lula 2026: entre el “escenario Biden” y el “efecto Moby Dick”,https://www.elespectador.com/mundo/america/lula-2026-entre-el-escenario-biden-y-el-efecto-moby-dick/
Los datos de los usuarios estadounidenses se almacenarían en una nube segura gestionada por Oracle con controles establecidos para mantener alejados a los adversarios extranjeros.,Agencia Bloomberg,mundo,"Audio generado con IA de Google
0:00
/
0:00
Oracle recrearía y proporcionaría seguridad para una nueva versión estadounidense del algoritmo de TikTok en virtud de un acuerdo que se está gestando para vender la popular aplicación de propiedad china a un consorcio de inversionistas estadounidenses, dijo un funcionario de la Casa Blanca, abordando una preocupación clave planteada por los legisladores en Washington.
El acuerdo, esbozado por el funcionario de la Casa Blanca en una declaración este lunes, busca garantizar que los compradores estadounidenses controlen el software de recomendaciones de TikTok en Estados Unidos tras la desinversión de su matriz china, ByteDance. Los propietarios de TikTok, con sede en Estados Unidos, alquilarían una copia del algoritmo a ByteDance, que Oracle volvería a entrenar “desde cero”, según el funcionario.
Los datos de los usuarios estadounidenses se almacenarían en una nube segura gestionada por Oracle con controles establecidos para mantener alejados a los adversarios extranjeros, incluida China, dijo el funcionario. ByteDance, con sede en Pekín, no tendría acceso a la información de los suscriptores estadounidenses de TikTok, ni tendría ningún control sobre el algoritmo en Estados Unidos.
“El socio de seguridad de Estados Unidos, Oracle, operará, reentrenará y supervisará continuamente el algoritmo estadounidense para garantizar que el contenido esté libre de manipulaciones o vigilancia indebidas”, según una sesión de preguntas y respuestas que acompañó a los comentarios del funcionario.
El algoritmo de TikTok ha sido durante mucho tiempo un factor que ha complicado cualquier acuerdo. La ley estadounidense que exige la venta de TikTok prohíbe a ByteDance desempeñar cualquier función operativa en una nueva aplicación estadounidense, incluido el software. Por su parte, la legislación china prohíbe la exportación de tecnología tan sensible. No está claro si los legisladores que respaldaron una desinversión cualificada aceptarán el plan del algoritmo y si el enfoque de separar completamente TikTok de ByteDance es técnicamente viable.
Según el acuerdo, Oracle colaborará con el gobierno estadounidense en todo, desde el reentrenamiento del algoritmo hasta el desarrollo de aplicaciones y la revisión del código fuente, según declaró el funcionario de la Casa Blanca. No ha quedado claro de inmediato qué papel podría tener el gobierno en la supervisión de la aplicación, su algoritmo y los datos de los usuarios.
Los detalles sobre las medidas de seguridad se dieron a conocer cuando el presidente Donald Trump se preparaba para cerrar un plan largamente esperado para vender la plataforma de videos a un consorcio de compradores estadounidenses. La venta ayudaría a Trump a cumplir una promesa de campaña y, al mismo tiempo, eliminaría un punto conflictivo en las relaciones entre Estados Unidos y China, mientras las dos mayores economías del mundo trabajan para aliviar las tensiones sobre aranceles y controles a la exportación.
Trump tiene la intención de firmar esta semana una orden ejecutiva para formalizar su aprobación de la transacción, según declaró un funcionario de la Casa Blanca. La semana pasada, Trump expresó su confianza en que todas las partes estaban de acuerdo. “Tuve una excelente conversación telefónica con el presidente Xi y, como saben, aprobé el acuerdo sobre TikTok, y estamos en proceso”, declaró a los periodistas el viernes, horas después de hablar con su homólogo chino, Xi Jinping.
Aunque Trump indicó que Xi había dado su consentimiento, el Ministerio de Relaciones Exteriores chino se abstuvo en un comunicado el viernes de ofrecer su pleno respaldo. “El gobierno chino respeta los deseos de la empresa en cuestión y se alegraría de que unas negociaciones comerciales productivas, acordes con las reglas del mercado, condujeran a una solución que cumpliera con las leyes y regulaciones de China y tuviera en cuenta los intereses de ambas partes”, afirmó el Ministerio.
Para ganar más tiempo para el acuerdo, Trump planea ampliar en 120 días adicionales el plazo para que ByteDance se desprenda de la empresa, según informó el funcionario de la Casa Blanca. Trump había firmado la semana pasada una orden por la que se ampliaba el plazo en 90 días, hasta mediados de diciembre.
Según el acuerdo, la nueva empresa estadounidense sería propiedad mayoritaria de inversionistas estadounidenses, y la participación de ByteDance se reduciría por debajo del 20% para cumplir con la ley que le obliga a ceder el control. Seis de los siete puestos del consejo de administración de TikTok, con sede en Estados Unidos, estarían ocupados por estadounidenses, afirmó el funcionario. ByteDance ocuparía el último puesto del consejo, pero quedaría excluida del comité de seguridad de la nueva empresa.
Oracle es uno de los inversionistas de un consorcio en el que también participan Andreessen Horowitz y la firma de capital privado Silver Lake Management, según informó Bloomberg. El reentrenamiento y la protección del algoritmo ampliarían aún más la lucrativa relación de Oracle con TikTok. La empresa con sede en Austin proporciona servicios en la nube para la aplicación y aloja los datos de los usuarios en Estados Unidos y otros países como parte de una asociación multimillonaria denominada Texas Project.
Los planes para proteger el software de recomendaciones y la información de los usuarios estadounidenses apuntan a las preocupaciones de seguridad nacional compartidas por republicanos y demócratas en el Congreso, que aprobaron la ley que exige a ByteDance desprenderse de la aplicación o enfrentarse a una prohibición en Estados Unidos. Esos legisladores afirman que China podría presionar a ByteDance para que comparta los datos de los usuarios y utilice la aplicación para difundir propaganda, acusaciones que la empresa y las autoridades de Pekín han rechazado en repetidas ocasiones.
Los legisladores que apoyaron la prohibición de TikTok han prometido examinar minuciosamente cualquier plan relacionado con los algoritmos. Trump también ha planteado la idea de que Estados Unidos reciba lo que describió la semana pasada como “una ‘tarifa adicional’ solo por cerrar el acuerdo”. Los detalles de esa estructura de tarifas, incluido el porcentaje que podría quedarse el gobierno, siguen sin estar claros. El viernes, Trump se negó a decir si el gobierno estadounidense obtendría un puesto en la junta directiva de la nueva empresa estadounidense.
👽👽👽 ¿Ya está enterado de las últimas noticias de tecnología? Lo invitamos a visitar nuestra sección en El Espectador.",23-09-2025,22-09-2025,Gadgets y Apps,,Oracle protegería el algoritmo de TikTok en Estados Unidos,https://www.elespectador.com/tecnologia/gadgets-y-apps/oracle-protegera-el-algoritmo-de-tiktok-en-estados-unidos/
"El 15 de septiembre, un día antes de su desaparición, B-King agradeció mediante redes sociales a los fanáticos que asistieron a su presentación en la capital del país.",Redacción Mundo,mundo,"Audio generado con IA de Google
0:00
/
0:00
Los cantantes colombianos Bayron Sánchez Salazar, conocido artísticamente como B-King, y Jorge Luis Herrera fueron localizados sin vida este lunes, tras permanecer varios días desaparecidos en México, en medio de una gira que realizaban en el país, según informaron medios locales.
Medios como El País y El Financiero, citaron a fuentes de la Fiscalía del Estado de México quienes confirmaron el hallazgo de ambos músicos en este estado, cercano a la capital mexicana.
De acuerdo con medios locales, junto a los cuerpos de los músicos se habría encontrado un mensaje amenazante por parte de la banda criminal la Familia Michoacana, aunque todavía no hay información oficial de la Fiscalía.
El jueves, la Comisión de Búsqueda de Personas de la Ciudad de México emitió dos fichas de búsqueda tras la desaparición de ambos cantantes, quienes fueron vistos por última vez el pasado 16 de septiembre en el lujoso barrio de Polanco, en el centro de la capital del país, tras una presentación que tuvieron el fin de semana previo.
Mientras que el domingo, en su cuenta de X, el presidente de Colombia, Gustavo Petro, solicitó a su homóloga mexicana, Claudia Sheinbaum, ayuda para localizar con vida al cantante Bayron Sánchez y a su coequipero Jorge Herrera.
En su mensaje, Petro señaló que los músicos desaparecieron tras un concierto en el norteño estado de Sonora, pero el gobierno estatal desmintió esa información, mientras que fuentes cercanas a los artistas aseguraron que ellos no se movieron de la capital mexicana.
¿Quiénes son la Familia Michoacana?
La Nueva Familia Michoacana, o la Familia Michoacana, es una organización violenta con sede en Michoacán, en la costa del Pacífico mexicano, que opera en los estados de Guerrero, Morelos y el Estado de México. Su precedente, la Familia Michoacana fue el grupo que expulsó a los Zetas de Michoacán, durante la primera década del siglo XXI.
La organización fue precisamente uno de los objetivos del presidente Felipe Calderón (2006-2012) en su declarada ‘Guerra contra el narcotráfico’ que potenció la violencia en México.
La organización quedó debilitada por la muerte de su líder, Nazario Moreno González “el Chayo” en 2014, y por la escisión interna de Los Caballeros Templarios, que también se han visto mermados por el arresto o muerte de sus líderes.
Fueron declarados como organización terrorista en febrero por el presidente de Estados Unidos, Donald Trump, junto con el Cartel de Sinaloa (CDS), el Cartel Jalisco Nueva Generación (CJNG), el Cartel del Noroeste (CDN), el Cartel del Golfo (CDG) y Carteles Unidos (CU).
Las investigaciones en México
La mañana de este lunes, la presidenta de México, Claudia Sheinbaum, aseguró que la Fiscalía General de la República (FGR) y la Secretaría de Seguridad y Protección Ciudadana (SSPC) se encontraban ya investigando la desaparición de ambos artistas.
“Se están haciendo las investigaciones ya por la Fiscalía General de la República, la Secretaría de Seguridad y Protección Ciudadana y la Fiscalía General de Justicia de la Ciudad de México para saber quiénes son estas personas, la denuncia de desaparición”, apuntó.
Afirmó que la denuncia de desaparición fue interpuesta en Ciudad de México, donde de manera inmediata la FGR inició con las investigaciones.
Según medios locales, B-King, de 31 años y expareja de la DJ colombiana Marcela Reyes, estaba desaparecido desde el 16 de septiembre, cuando participaba en una gira de conciertos en México.
La última vez que se tuvo noticia de él fue ese mismo día en la colonia de Polanco, en Ciudad de México, donde supuestamente se encontraba con Herrera, conocido como Regio Clown.
👀🌎📄 ¿Ya se enteró de las últimas noticias en el mundo? Invitamos a verlas en El Espectador.
El Espectador, comprometido con ofrecer la mejor experiencia a sus lectores, ha forjado una alianza estratégica con The New York Times con el 30 % de descuento.
Este plan ofrece una experiencia informativa completa, combinando el mejor periodismo colombiano con la cobertura internacional de The New York Times. No pierda la oportunidad de acceder a todos estos beneficios y más. ¡Suscríbase aquí al plan superprémium de El Espectador hoy y viva el periodismo desde una perspectiva global!
📧 📬 🌍 Si le interesa recibir un resumen semanal de las noticias y análisis de la sección Internacional de El Espectador, puede ingresar a nuestro portafolio de newsletters, buscar “No es el fin del mundo” e inscribirse a nuestro boletín. Si desea contactar al equipo, puede hacerlo escribiendo a mmedina@elespectador.com",23-09-2025,22-09-2025,América,,Los sospechosos de matar a B-King: esta es la Familia Michoacana,https://www.elespectador.com/mundo/america/los-sospechosos-de-matar-a-b-king-esta-es-la-familia-michoacana/
"Como se había anticipado, el presidente de Francia, Emmanuel Macron, reconoció a Palestina como Estado este lunes ante el pleno de la Asamblea General de Naciones Unidas, afirmando que actuaba en interés de la paz a pesar de las críticas de Israel y Estados Unidos.",Agencia AFP,mundo,🎬 📸 🎥 ¿Lo último en video?: No se pierda el contenido en video de El Espectador.,23-09-2025,22-09-2025,Europa,,Así anunció Macron ante la ONU el reconocimiento a Palestina,https://www.elespectador.com/mundo/europa/asi-anuncio-macron-ante-la-onu-el-reconocimiento-a-palestina/
"La Casa Blanca no reconoce a Maduro como presidente de Venezuela debido a las denuncias de fraude de la oposición tras su reelección en 2024, y pide también una recompensa de 50 millones de dólares para lograr su captura por supuestamente liderar el “Cártel de los Soles”.",Redacción Mundo,mundo,"Audio generado con IA de Google
0:00
/
0:00
El presidente de Estados Unidos, Donald Trump, rechazó la invitación al diálogo que le hizo en una carta el mandatario venezolano, Nicolás Maduro, anunció la Casa Blanca el lunes, mientras un ala mayoritaria de la oposición respaldó el despliegue militar estadounidense en el Caribe.
Las tensiones entre ambos gobernantes aumentaron desde que hace un mes Estados Unidos desplegó ocho buques de guerra en el Caribe con el argumento de combatir el narcotráfico y de que Trump acusara a Maduro de ser el líder de un cártel que trafica drogas.
“Maduro repitió muchas mentiras en esa carta, y la postura de la Administración sobre Venezuela no ha cambiado”, declaró este lunes la portavoz de la Casa Blanca, Caroline Leavitt, en una rueda de prensa al referirse a la misiva fechada el 6 de septiembre.
El presidente Trump “ha demostrado claramente que está dispuesto a utilizar todos los medios necesarios para frenar el tráfico ilegal de drogas provenientes del régimen de Venezuela”, añadió en respuesta a la carta que fue divulgada el domingo por el gobierno venezolano.
Maduro llamó a Trump a “preservar la paz con diálogo y entendimiento en todo el hemisferio” y tildó de “absolutamente falsos” los señalamientos por narcotráfico que Washington hizo en su contra, según la carta.
El presidente venezolano, que denuncia una “amenaza” para un “cambio de régimen” en Venezuela, aseguró que su país está “libre de producción de drogas”. Expuso que apenas un 5% de la droga que se produce en la vecina Colombia intenta ser trasladada por territorio venezolano.
Al menos tres lanchas que supuestamente cargaban drogas fueron destruidas en alta mar por misiles de las fuerzas de Estados Unidos, que además desplegaron una decena de cazas en Puerto Rico.
“Una medida necesaria”
“La designación del Cartel de los Soles como una organización terrorista (...) responde acertadamente a la naturaleza del problema”, dijo este lunes el exrival de Maduro en las presidenciales, Edmundo González Urrutia, quien denunció fraude en las elecciones.
“El cerco antinarcóticos del mar caribe liderado por los Estados Unidos (...) constituye una medida necesaria para el desmantelamiento de la estructura criminal que aún se erige como único obstáculo para el restablecimiento de la soberanía popular en Venezuela”, añadió en un vídeo dirigido a los líderes mundiales reunidos en Nueva York con motivo de la Asamblea General de la ONU.
González Urrutia se encuentra exiliado en España desde hace un año después de una orden de detención en su contra.
En el vídeo también participa la líder opositora María Corina Machado, quien se encuentra en la clandestinidad desde tras ser acusada de encabezar conspiraciones contra Maduro.
“Falta muy poco para que los venezolanos recuperemos nuestra soberanía y la democracia. Estamos listos para asumir las riendas del nuevo gobierno”, dijo Machado.
Pese los mensajes de Urrutia y Machado, el dos veces candidato presidencial y líder de otra ala de la oposición Henrique Capriles declaró el viernes que no apoya una eventual intervención militar estadounidense.
La oposición venezolana acusa a Maduro también de cometer delitos de “lesa humanidad” y “terrorismo de Estado” con persecuciones y detenciones arbitrarias por motivos políticos.
La Misión Internacional Independiente de Determinación de los Hechos sobre Venezuela, designada por la ONU, presentó este mismo lunes su informe sobre violaciones de derechos humanos en el país caribeño y advirtió que la persecución política se intensifica.
“El Estado incrementó nuevamente la represión en momentos y acontecimientos de mayor tensión política, como fueron la toma de posesión presidencial en enero (...) a través de detenciones masivas”, dijo la presidenta de la misión, la jurista portuguesa Marta Valiñas, ante la prensa.
👀🌎📄 ¿Ya se enteró de las últimas noticias en el mundo? Invitamos a verlas en El Espectador.
El Espectador, comprometido con ofrecer la mejor experiencia a sus lectores, ha forjado una alianza estratégica con The New York Times con el 30 % de descuento.
Este plan ofrece una experiencia informativa completa, combinando el mejor periodismo colombiano con la cobertura internacional de The New York Times. No pierda la oportunidad de acceder a todos estos beneficios y más. ¡Suscríbase aquí al plan superprémium de El Espectador hoy y viva el periodismo desde una perspectiva global!
📧 📬 🌍 Si le interesa recibir un resumen semanal de las noticias y análisis de la sección Internacional de El Espectador, puede ingresar a nuestro portafolio de newsletters, buscar “No es el fin del mundo” e inscribirse a nuestro boletín. Si desea contactar al equipo, puede hacerlo escribiendo a mmedina@elespectador.com",23-09-2025,22-09-2025,Venezuela,,Donald Trump dice no y rechaza la invitación a dialogar de Nicolás Maduro,https://www.elespectador.com/mundo/venezuela/donald-trump-dice-no-y-rechaza-la-invitacion-a-dialogar-de-nicolas-maduro/
"El discurso de Kennedy sobre el autismo genera miedo por sospecha de eugenesia, “estigmatiza” a personas autistas y promueve desinformación.",Juliana Valentina Vélez,mundo,"“El autismo no destruye familias: es el capacitismo el que lo hace”, respondió Tyla Grant, diagnosticada con esta condición a los 17 años, a las declaraciones del secretario de Salud estadounidense, Robert F. Kennedy Jr., quien aseguró que el autismo “destruye” a los niños y describió la situación como una “epidemia”.
El lunes, Kennedy renovó su polémica batalla discursiva: vinculó el paracetamol consumido por madres durante el embarazo con el incremento de diagnósticos de autismo en Estados Unidos. La afirmación, sin respaldo científico,...",23-09-2025,22-09-2025,América,Suscriptores,La “indolencia” de Robert Kennedy: el autismo y el concepto de eugenesia en EE. UU.,https://www.elespectador.com/mundo/america/la-indolencia-de-robert-kennedy-el-autismo-y-el-concepto-de-eugenesia-en-ee-uu/
El caso que enfrenta la empresa en Estados Unidos podría traerle millonarias sanciones e incluso cambios en su modelo de suscripción.,Agencia AFP,economia,"Audio generado con IA de Google
0:00
/
0:00
Un tribunal de Estados Unidos empezará a juzgar este lunes al gigante del comercio electrónico Amazon, acusado de utilizar engaños para vender millones de suscripciones a su servicio Prime y luego hacer casi imposible su cancelación.
Según la demanda de la Comisión Federal de Comercio (FTC), presentada en junio de 2023, Amazon utilizó los llamados “patrones oscuros” para engañar a sus clientes para que se suscribieran al servicio Prime (139 dólares anuales) cuando hacían una compra.
Este es un servicio de suscripción paga que brinda a los usuarios acceso a beneficios adicionales en compras, acceso a su plataforma de streaming, lectura, entre otros.
Según la acusación, Amazon registró nuevos clientes sin un consentimiento claro y mediante procesos de pago confusos al tiempo que creó un sistema intencionalmente complicado de cancelación, conocido internamente como “Iliada”.
El juicio se celebrará en un tribunal federal de la ciudad de Seattle y estará presidido por el juez John Chun, que también lleva un caso separado en el que la FTC acusa a Amazon de prácticas monopolísticas.
Según los documentos judiciales, Amazon era consciente de la “inscripción no consensuada” a Prime, pero se negó a hacer cambios para evitar que afectara a sus ingresos.
Según la FTC, el proceso de pago de Amazon obligaba a los clientes a navegar por interfaces confusas, en las que rechazar la inscripción a Prime requería encontrar enlaces pequeños e inadvertidos, mientras la suscripción al servicio se hacía con botones destacados.
En su defensa, Amazon afirma que ha mejorado sus procesos de inscripción y cancelación de Prime y que las acusaciones están desactualizadas.
En caso de condena, la compañía se expone a fuertes sanciones económicas y podría tener que modificar sus prácticas de suscripción.
💰📈💱 ¿Ya te enteraste de las últimas noticias económicas? Te invitamos a verlas en El Espectador.",23-09-2025,22-09-2025,Empresas,,Amazon será juzgado por presuntos engaños para vender suscripciones de Prime,https://www.elespectador.com/economia/empresas/amazon-sera-juzgado-por-presuntos-enganos-para-vender-suscripciones-de-prime/
"En agosto ingresaron 627.110 toneladas de alimentos a las centrales de abasto del país, un 0,9 % más que en el mismo mes de 2024. Lácteos, huevos y procesados encabezaron el aumento, mientras que frutas y verduras bajaron.",Daniel Felipe Rodríguez Rincón ,economia,"Audio generado con IA de Google
0:00
/
0:00
En agosto llegaron más alimentos a las principales centrales mayoristas del país, un incremento que resulta clave porque de allí parten los productos hacia plazas, supermercados y tiendas de barrio que abastecen la mesa de los colombianos.
Según la Unidad de Planificación Rural Agropecuaria (UPRA), ingresaron 627.110 toneladas de comida, un 0,9 % más que hace un año.
Aunque el aumento en el abastecimiento en centrales de abastos ayuda a sostener la oferta de alimentos, los precios siguen al alza. Cabe recordar que la inflación total en Colombia subió 5,1 % en agosto, con los alimentos impulsando el repunte en el costo de vida. Precisamente, frutas frescas como mango, piña, papaya y aguacate impulsaron el alza de los precios al consumidor de las frutas (20,6 % en el último año).
En contexto: La inflación repunta y complica la decisión de tasas del Banco de la República
También se destacaron variaciones en carne de res (6,19 %), plátano (10,89 %) y papa (-45,72 %). El café y sus derivados aumentaron 50,29 %, y el gas 12,12 %, golpeando con más fuerza a los hogares pobres y vulnerables, cuya inflación fue de 5,02 % y 4,97 %, respectivamente, frente al 5,09 % de la clase media y 5,19 % de la alta.
Ese escenario de incrementos en las cotizaciones de los alimentos puede entenderse mejor al mirar cómo se movió el abastecimiento de alimentos en el país.
Lácteos y huevos lideraron el abastecimiento
El Boletín de Abastecimiento de la UPRA muestra que en agosto la mayor parte del crecimiento se concentró en lácteos y huevos, con un incremento de 25,1 %. También aumentaron los alimentos procesados (13,9 %) y los pescados (13,4 %). En menor medida, los granos y cereales subieron 4,5 %, los tubérculos, raíces y plátanos 0,9 % y las carnes 0,6 %.
En contraste, el ingreso de frutas a las centrales mayoristas disminuyó 2,5 %, mientras que las verduras y hortalizas retrocedieron 2,1 %.
Ciudades con más y menos alimentos en agosto
El abastecimiento de comida no fue homogéneo en todas las regiones. Tibasosa lideró con un aumento de 48 %, seguida de Santa Marta (22,7 %), Manizales (17 %), Montería (15,6 %) y Valledupar (11,1 %). También se reportaron alzas en Ibagué (9 %), Cartagena (7,3 %), Medellín (5,6 %), Cali (4,4 %), Armenia (3,4 %), Barranquilla (1,7 %), Villavicencio (1,5 %) y Sincelejo (0,2 %).
En contraste, diez ciudades registraron caídas en la entrada de alimentos a sus centrales mayoristas.
Las más marcadas se dieron en Neiva (-11,4 %), Bucaramanga (-11,3 %) y Pereira (-11,2 %). También bajaron Pasto (-7,7 %), Popayán (-5 %), Ipiales (-4 %), Cúcuta (-3,3 %), Bogotá (-1,1 %), Florencia (-0,2 %) y Tunja (-0,1 %).
Así las cosas, el abastecimiento de agosto mostró un leve crecimiento, marcado por alzas en lácteos y procesados, pero con caídas en frutas, verduras y en varias ciudades. Esa menor oferta coincidió con el repunte de los precios al consumidor de frutas frescas en el octavo mes del año, que subieron 20,6 % anual y empujaron el costo de vida en Colombia.
💰📈💱 ¿Ya te enteraste de las últimas noticias económicas? Te invitamos a verlas en El Espectador.",23-09-2025,22-09-2025,Economía,,Agosto dejó más alimentos en mercados mayoristas: ¿qué significa para los precios?,https://www.elespectador.com/economia/agosto-dejo-mas-alimentos-en-mercados-mayoristas-que-significa-para-los-precios-noticias-colombia/
"Un 40 % de los consumidores de la eurozona percibe que los aranceles elevan la inflación y un 26 % dice que evita productos estadounidenses, según un sondeo del Banco Central Europeo (BCE).","Redacción Economía, con información de agencias",economia,"Audio generado con IA de Google
0:00
/
0:00
Los consumidores de la eurozona sienten el golpe de los aranceles en su vida diaria. Una encuesta del Banco Central Europeo (BCE) reveló que el 40 % cree que estas medidas aumentan la inflación, un 13 % teme que afecten sus finanzas y un 24 % piensa que frenarán el crecimiento económico.
El estudio, realizado en junio, también muestra que los hogares han cambiado su consumo: un 26 % dice que evita productos de Estados Unidos y un 16 % ha reducido su gasto general.
Cambios visibles en el consumo europeo
Según el boletín, la preocupación por los aranceles ya se traduce en decisiones concretas: el 26 % de los consumidores afirmó que evita productos estadounidenses y un 16 % dijo que redujo su gasto general.
Para el BCE, estas respuestas confirman que la incertidumbre comercial se filtra a la economía del día a día, alterando tanto las expectativas como el comportamiento de los hogares.
Los economistas del banco central señalan que la percepción negativa sobre los aranceles podría amplificar sus efectos, al influir no solo en los precios, sino en la confianza de los consumidores y en el crecimiento económico de la eurozona en los próximos meses.
Preocupación por la inflación
El BCE subrayó que la percepción de los hogares refleja el impacto tangible de las tensiones comerciales en Europa. Los encuestados creen que los aranceles afectarán no solo los precios, sino también la estabilidad financiera de las familias y la actividad económica en general.
En esta línea, el boletín económico advierte que esta incertidumbre ya influye en las decisiones de consumo y podría extenderse a un menor dinamismo en la eurozona.
💰📈💱 ¿Ya te enteraste de las últimas noticias económicas? Te invitamos a verlas en El Espectador.",23-09-2025,22-09-2025,Macroeconomía,,"Aranceles están cambiando el consumo en Europa, según encuesta del BCE",https://www.elespectador.com/economia/macroeconomia/aranceles-de-trump-estan-cambiando-el-consumo-en-europa-segun-encuesta-del-bce-noticias-hoy/
"A menos de un año del cierre del gobierno Petro, la ejecución de “Caminos Comunitarios” no alcanza ni el 10 %: de los $8 billones prometidos, se han ejecutado menos de $700.000 millones. En 2025, no hay recursos asignados tras los recortes del Minhacienda.",Alejandro  Rodríguez Torres,economia,"En los mapas oficiales, la línea de una vía terciaria es un trazo perfecto. En los pies del campesino, es polvo que se convierte en barro antes de llegar al siguiente caserío. A esa deuda histórica intentó responder el gobierno de Gustavo Petro con el programa estrella de su política de infraestructura social: Caminos Comunitarios de la Paz Total, lanzado a finales de 2022.
La iniciativa prometía intervenir más de 33.000 kilómetros de carreteras rurales, caminos ancestrales y corredores estratégicos, con una inversión estimada de $8...",23-09-2025,22-09-2025,Economía,Suscriptores,Caminos Comunitarios: la vía prometida que se empantanó entre contratos y recortes,https://www.elespectador.com/economia/vias-terciarias-en-colombia-fallas-en-ejecucion-y-conflicto-en-caminos-comunitarios-2025/
"La DIAN espera 6,7 millones de declaraciones este año, con 400.000 nuevos contribuyentes. Pero el miedo común no siempre es tener que pagar impuesto a la renta, sino equivocarse en la declaración y recibir un requerimiento que puede traer sanciones e intereses.",Daniel Felipe Rodríguez Rincón ,economia,"Audio generado con IA de Google
0:00
/
0:00
Ya se sabe que presentar la declaración de renta ante la Dirección de Impuestos y Aduanas Nacionales (DIAN) no siempre significa pagar, pero este trámite le puede traer dolores de cabeza si se cometen errores.
En esta temporada de declaraciones de renta, que va hasta el 24 de octubre, la DIAN espera 6,7 millones de declaraciones (incluidos 400.000 nuevos contribuyentes) y un descuido puede bastar para recibir un requerimiento de la entidad, lo que puede derivar en sanciones económicas y en el cobro de intereses de mora, que se calculan sobre el impuesto no pagado y se acumulan cada día hasta que se corrija la declaración.
Recordatorio: ¿quiénes deben declarar renta en 2025?
El calendario tributario de la DIAN empezó hace más de un mes y se extenderá hasta el 24 de octubre. Aunque muchos ya cumplieron con la obligación, todavía son millones los colombianos que deben presentar su declaración.
Deben declarar renta en 2025 quienes cumplan al menos una de estas condiciones: haber sido responsables del IVA al 31 de diciembre de 2024; tener un patrimonio bruto superior a $211,7 millones (4.500 UVT); haber recibido ingresos brutos iguales o superiores a $65,8 millones (1.400 UVT); realizar compras o consumos superiores a ese mismo valor; registrar consumos con tarjeta de crédito que superen los $65,8 millones; o alcanzar consignaciones, depósitos o inversiones financieras por encima de $65,8 millones en 2024.
Cumplir con estas fechas es tan importante como declarar correctamente, pues hacerlo tarde trae sanciones automáticas: en 2025, la sanción mínima por extemporaneidad es de $498.000, a lo que se suman los intereses que la DIAN liquida día a día sobre el impuesto pendiente
Los errores que encienden las alarmas de la DIAN
En la declaración de renta hay equivocaciones que se corrigen fácil, pero también están las que levantan alertas en la DIAN. Ahí es cuando la entidad puede requerir al contribuyente y pedirle explicaciones.
Los casos más comunes son no reportar todos los ingresos, incluir como dependientes a familiares que ya tuvieron ingresos propios, registrar un beneficio de facturación electrónica más alto del que corresponde, o reportar gastos sin tener cómo soportarlos.
También generan alertas las operaciones con criptomonedas que no se declaran, las retenciones que no coinciden con lo informado por terceros y, por supuesto, presentar la declaración fuera de plazo, lo que trae sanciones e intereses automáticos.
Como lo resume Lizeth Meza, directora de Negocios de Tributi, “esas no son simples equivocaciones; son errores que pueden hacer que la DIAN lo requiera y lo obligue a corregir, o incluso que le aplique una sanción”.
Los mitos que confunden a los contribuyentes
Más allá de los errores que generan requerimientos, hay creencias equivocadas que alimentan el miedo a la DIAN. Uno de los más extendidos es pensar que declarar renta siempre significa pagar.
“Muchas personas declaran y terminan con impuesto en cero o incluso con saldo a favor”, explica Lizeth Meza, directora de Negocios de Tributi
Otra confusión frecuente surge con las transferencias entre cuentas propias. Con la llegada de las billeteras digitales (como Nequi o Daviplata), muchos colombianos empezaron a mover su dinero para aprovechar mejores rentabilidades, sin tener en cuenta que esos movimientos cuentan para los topes.
“Quien superó los $65,8 millones en transferencias en 2024 quedó obligado a declarar, aunque no haya tenido ingresos por ese monto”, advierte Meza.
También persiste la idea de que, una vez se declara renta, se debe seguir haciéndolo cada año. “No es un karma. Si al año siguiente no cumple con los topes de ingresos, patrimonio o movimientos, no está obligado a declarar”, aclara la directiva de Tributi.
Y hay más: creer que se necesita obligatoriamente un contador o pensar que se paga impuesto por tener patrimonio como una casa heredada.
“La mayoría de las personas naturales no está obligada a llevar contabilidad y, en cuanto al patrimonio, no se paga por los bienes, sino por los ingresos percibidos”, puntualiza Meza.
Declarar renta puede ser estresante, pero no tiene por qué convertirse en un rollo con la DIAN. La mayoría de los errores que hacen que la DIAN llame a un contribuyente se pueden evitar con pasos sencillos: revisar bien la información entregada, tener los soportes de operaciones a la mano y no dejar pasar la fecha límite para este trámite.
💰📈💱 ¿Ya te enteraste de las últimas noticias económicas? Te invitamos a verlas en El Espectador.",23-09-2025,22-09-2025,Finanzas personales,,Declaración de renta: los errores que más alertan a la DIAN en 2025,https://www.elespectador.com/economia/finanzas-personales/declaracion-de-renta-los-errores-que-mas-alertan-a-la-dian-en-2025-noticias-hoy/
"La cadena de supermercados estrenó una app gratuita que permite ubicar tiendas, consultar promociones y acceder a descuentos diarios de hasta el 40 %, entre otras funciones.",Redacción Economía,economia,"Audio generado con IA de Google
0:00
/
0:00
Cada vez más colombianos planean sus compras desde el celular, no solo para pagar, sino también para buscar dónde ahorrar. En esa línea, Tiendas Ara estrenó una aplicación móvil gratuita que ya se puede descargar en Android y iOS.
La herramienta permite a los usuarios consultar promociones vigentes, ubicar la tienda más cercana y acceder a descuentos diarios que se redimen directamente en caja al registrar la cédula.
Puede interesarle: El “doble filo” de las tiendas de bajo costo: empleo formal y presión a tenderos
¿Qué funciones trae la aplicación?
La app de Tiendas Ara combina varias herramientas pensadas para el día a día de los consumidores. Además de permitir consultar las promociones vigentes y localizar el punto de venta más cercano, ofrece la opción de marcar tiendas favoritas y revisar productos disponibles antes de ir a comprar.
Una de sus novedades es el “shaker”, una función interactiva que consiste en agitar el celular para descubrir un descuento diario de hasta el 40 %. Estos beneficios aplican tanto para marcas propias como tradicionales y se redimen en tienda, registrándose previamente en la plataforma e informando la cédula en caja.
La idea, según la compañía, es facilitar la planeación de las compras y contribuir al ahorro de los hogares en un contexto donde la búsqueda de precios bajos se ha convertido en hábito para millones de colombianos. A la fecha, Ara cuenta con más de 1.500 puntos de venta en 350 municipios.
💰📈💱 ¿Ya te enteraste de las últimas noticias económicas? Te invitamos a verlas en El Espectador.",23-09-2025,22-09-2025,Empresas,,Tiendas Ara estrenó aplicación móvil: ¿qué funciones trae?,https://www.elespectador.com/economia/empresas/tiendas-ara-estreno-aplicacion-movil-que-funciones-trae-noticias-hoy/
"Para planear mejor su ruta este martes 23 de septiembre, El Espectador le cuenta en vivo cómo avanza la movilidad en Bogotá. Conozca el pico y placa para hoy, cómo está operando Transmilenio y las novedades en las principales vías de la capital.",Redacción Bogotá,bogota,"Audio generado con IA de Google
0:00
/
0:00
Bogotá es una de las ciudades con el peor tráfico vehicular de Latinoamérica. Y, ahora, con la serie de obras que se adelantan en los principales corredores de la capital, mucho más.
Para planear mejor su ruta este martes 23 de septiembre y llegar a tiempo, les contamos en vivo cómo avanza la movilidad; el pico y placa para hoy; qué vías están cerradas; rutas alternas; cómo opera Transmilenio y las principales novedades en las vías de la ciudad.
Pico y placa
Para este martes 23 de septiembre, la restricción aplica para vehículos cuyas placas terminen en 6, 7, 8, 9, y 0. Recuerde que la medida empieza a las 6:00 a. m. y termina a las 9:00 p. m. Esta restricción también aplica para los taxis con placas terminadas en 5 y 6.",23-09-2025,23-09-2025,Bogotá,,"Movilidad hoy, martes 23 de septiembre: así está el tráfico en las vías de Bogotá",https://www.elespectador.com/bogota/movilidad-hoy-martes-23-de-septiembre-asi-esta-el-trafico-en-las-vias-de-bogota/
Uno de los delincuentes tuvo que ser rescatado con ayuda de los bomberos. Tendrán que responder por violación de domicilio y daño en bien ajeno.,Redacción Bogotá,bogota,"Audio generado con IA de Google
0:00
/
0:00
Un intento de robo en una vivienda del norte de Bogotá terminó con dos hombres capturados en circunstancias insólitas: uno de ellos cayó del techo al intentar huir, mientras que el otro quedó atrapado en la parte alta de la vivienda sin posibilidad de escape.
Le puede interesar: Por fallas en gestión predial del IDU se comprometerían más de $151 mil millones
El hecho ocurrió en el barrio Alcázares, en la localidad de Barrios Unidos, cuando los sujetos, de 22 y 28 años, ingresaron ilegalmente a una residencia forzando el acceso desde la parte superior del inmueble. El movimiento fue detectado por vecinos, quienes alertaron a la Policía sobre un posible hurto en curso.
Tras recibir la alerta a través de la línea 123, varios uniformados acudieron al lugar guiados por el propietario de la vivienda. Las sospechas resultaron ciertas, pues en efecto, al revisar la estructura, encontraron daños en el techo y a los dos hombres todavía sobre la cubierta.
Durante la intervención policial, uno de los presuntos ladrones perdió el equilibrio y cayó desde el tejado y acto seguido fue capturado. El segundo individuo quedó atrapado en lo alto, sin ruta de escape. Debido al riesgo de caída, fue necesario solicitar el apoyo del Cuerpo Oficial de Bomberos, que lo descendió con cuerdas y maniobras de rescate.
Ambos capturados fueron puestos a disposición de la Fiscalía General de la Nación y deberán responder por los delitos de violación de domicilio y daño en bien ajeno.
El incidente dejó además daños materiales en la vivienda y evidencia un método cada vez más utilizado por delincuentes: el ingreso por techos o cubiertas, que implica riesgos tanto para las víctimas como para los propios agresores.
De acuerdo con la Mebog, en lo corrido del año 2025, en la localidad de Barrios Unidos se han efectuado 542 capturas, 208 de la cuales fueron por hurto.
Por otro lado, con corte en el mes de agosto, los hurtos a residencia disminuyeron. Señalan las autoridades que las 3.992 denuncias presentadas hasta ese periodo, representan una disminución del 7% en comparación con cifras de 2024.
Para conocer más noticias de la capital y Cundinamarca, visite la sección Bogotá  de El Espectador.",23-09-2025,07:09 a. m.,Bogotá,,Intentaban robar una casa en Bogotá: uno cayó del techo y el otro quedó atrapado ,https://www.elespectador.com/bogota/intentaban-robar-una-casa-en-bogota-uno-cayo-del-techo-y-el-otro-quedo-atrapado/
"En una mesa de trabajo con Mininterior, el alcalde Leonardo Donoso volvió a exigir la terminación de la obra, detenida por una medida judicial hace varios años.",Redacción Bogotá,bogota,"Audio generado con IA de Google
0:00
/
0:00
En medio del creciente malestar por los problemas de movilidad en el municipio de Chía, el alcalde Leonardo Donoso lanzó una dura crítica al Gobierno Nacional por la paralización del proyecto de la Troncal de Los Andes, cuya Unidad Funcional 3 permanece detenida por una medida judicial desde hace varios años.
En contexto: Alcalde de Chía exige ejecución de Troncal de Los Andes: “Un corredor estratégico”
“El Gobierno tiene la llave, pero no la voluntad. Al Gobierno Nacional le quedó grande el desarrollo del país”, afirmó el mandatario durante una mesa de trabajo realizada en el Ministerio del Interior, convocada para abordar las consecuencias de la restricción vehicular y la congestión sobre la Avenida Pradilla.
Cabe aclarar que desde mayo de este año Chía inició la restricción de vehículos automotores con un peso superior a las 3.4 toneladas a través de la implementación de la medida de pico y placa ambiental.  La restricción para vehículos de más de 3.4 toneladas aplica desde las 08:00 a.m. hasta las 04:30 p.m. en corredores viales clave como la Av. Pradilla.
Donoso fue enfático en señalar que la administración municipal y los transportadores están atados de manos. Según explicó, la única solución estructural es que la Autoridad Nacional de Licencias Ambientales (ANLA) autorice la modificación de la licencia ambiental que afecta el tramo paralizado del proyecto vial.
“No es un tema de recursos, es un tema de voluntad política y celeridad administrativa”, aseguró, al referirse a los más de siete años de retrasos que acumula la obra. De acuerdo con el alcalde, buena parte del problema se originó por una demanda que derivó en una medida cautelar durante la pandemia. La demanda señalaba la existencia de un humedal en la zona, a pesar de que, según la administración municipal, ya existía una licencia para construir canchas de polo.
Meses después, cuando parecía que el trámite de modificación de licencias avanzaba con una audiencia pública, esta fue suspendida, presuntamente tras denuncias del Secretario de Transparencia, Andrés Idárraga. Esto, según Donoso, ha vuelto a frenar el proceso y ha dejado a los ciudadanos pagando el precio con su tiempo y calidad de vida.
“Los transportadores y los ciudadanos pierden más de una hora todos los días en apenas 830 metros de vía que conecta dos concesiones viales. Eso no es calidad de vida para nadie”, sostuvo.
Durante la reunión, el ambiente se tornó tenso por la actitud de algunos representantes del gremio transportador, lo que llevó al alcalde a retirarse del recinto. “No necesitamos confrontaciones, necesitamos unidad para exigir soluciones reales del Gobierno Nacional. Chía no puede quedar ahogada de por vida”, expresó antes de abandonar la mesa.
El mandatario reiteró que existen precedentes en otras regiones del país donde se han aprobado ajustes al trazado de obras viales y la construcción de viaductos, por lo que no habría impedimentos técnicos para autorizar un ajuste de apenas 150 metros en el proyecto conocido como AccesNorte.
Con una ciudadanía cada vez más afectada por la inacción y los desencuentros institucionales, el caso de la Troncal de Los Andes se convierte en un símbolo del estancamiento de la infraestructura en Colombia: obras detenidas por disputas administrativas, conflictos ambientales sin resolver y decisiones que no llegan. Mientras tanto, Chía sigue atrapada en un cuello de botella, a la espera de que la voluntad política finalmente se traduzca en soluciones concretas.
Para conocer más noticias de la capital y Cundinamarca, visite la sección Bogotá  de El Espectador.",23-09-2025,08:34 a. m.,Cundinamarca,,Alcalde de Chía culpa al Gobierno por retrasos en la Troncal de Los Andes,https://www.elespectador.com/colombia/cundinamarca/alcalde-de-chia-culpa-al-gobierno-por-retrasos-en-la-troncal-de-los-andes/
"El gobernador confirmó el deceso de otro de los reclusos en las últimas horas. De las trece personas afectadas, ocho han perdido la vida, tres permanecen en estado crítico, uno hospitalizado y el último fue dado de alta. ",Redacción Bogotá,bogota,"Audio generado con IA de Google
0:00
/
0:00
Ya son ocho personas fallecidas tras el incendio que se originó en una de las celdas de la estación de Policía de Funza la tarde del lunes 15 de septiembre. Aunque, en principio, cinco reclusos perdieron la vida casi de manera inmediata, por inhalación de gases tóxicos, dos reclusos, incluyendo la última víctima, fallecieron en días posteriores a la tragedia.
En contexto: Tragedia en Funza: por muerte de reclusos debería responder el Estado
La última víctima fue Nicolás Jiménez Leyton, de 25 años, quien fue trasladado tras el incendio y permanecía en el Hospital San Rafael de Facatativá, en donde finalmente falleció debido a la complicación de su cuadro clínico.
Más información sobre Bogotá: Tragedia en Funza: por muerte de reclusos debería responder el Estado.
Él, junto a los otros siete fallecidos, estuvo expuesto material tóxico que se desató tras la quema de un colchón en la celda, en medio de un presunto intento de motín por parte de algunos reclusos que permanecían en la estación.
De acuerdo con el informe oficial, el cual tardó en consolidarse debido a fallas de comunicación entre los policías de la estación, la alcaldía del municipio y entes como la Defensoría, 13 personas fueron afectadas y trasladadas a diferentes centros asistenciales luego de que se desató la conflagración.
Además de las ocho víctimas, el gobernador de Cundinamarca, Jorge Rey, confirmó que tres de los trece reclusos involucrados en el incidente permanecen en estado crítico y con ventilación mecánica en la unidad de cuidados intensivos del hospital San Rafael, en Facatativá. Asimismo, otro de los heridos habría sido trasladado al hospital de la Samaritana, en Bogotá, y el último de ellos ya habría sido dado de alta.
En relatos que varios allegados de los fallecidos compartieron a El Espectador, se denunciaron presuntos episodios de maltrato y hacinamiento previo al intento de motín y riña que terminó con la quema de un colchón.
Asimismo, los familiares de los reclusos cuestionaron demoras en la evacuación, aun cuando las llamas y el humo ya estaban desatados, y el hecho de que los heridos hayan sido trasladados a centros asistenciales alejados del municipio, cuando había hospitales con mayor proximidad.
Bajo esta misma línea, este diario conoció que los familiares de los fallecidos y heridos ya se están asesorando jurídicamente con abogados, con el fin de estudiar vías legales para demandar al Estado por incumplir con su responsabilidad de garantizar la vida e integridad de los reclusos.
Le puede interesar: Intentaban robar una casa en Bogotá: uno cayó del techo y el otro quedó atrapado.
Para conocer más noticias de la capital y Cundinamarca, visite la sección Bogotá de El Espectador.",23-09-2025,09:53 a. m.,Bogotá,,Asciende a ocho el número de víctimas por incendio en estación de Policía en Funza,https://www.elespectador.com/bogota/asciende-a-ocho-el-numero-de-victimas-por-incendio-en-estacion-de-policia-en-funza/
"Se medirá el desempeño de los motores, de los frenos y la reacción del tren ante distintas condiciones de operación, incluyendo fallas simuladas. ",Redacción Bogotá,bogota,"Audio generado con IA de Google
0:00
/
0:00
Con la llegada del primer tren del Metro de Bogotá al patio taller, comienza una etapa clave en la esperada Línea 1: las pruebas estáticas y dinámicas que definirán si el sistema está listo para salir al viaducto en 2026.
En contexto: Metro de Bogotá: a 911 días de llevar el primer pasajero
Los seis vagones que llegaron el pasado 11 de septiembre están siendo alistados por equipos técnicos del concesionario y de la interventoría. En esta fase, se afinan los últimos detalles del acoplamiento mecánico, eléctrico y de los pasillos por donde se moverán los pasajeros dentro del tren. También se lleva a cabo una revisión general del vehículo y su limpieza.
Así, según anunció el Distrito, a mediados de octubre arrancarán las pruebas estáticas, una suerte de “chequeo general” donde se evalúan los sistemas de frenos, tracción, mando y control, así como la iluminación, ventilación y los sistemas de información para pasajeros. En esta etapa el tren aún no se moverá: se energiza en sitio y se examina pieza por pieza.
Un mes más tarde comenzarán las pruebas dinámicas. El tren será trasladado a una vía de 905 metros especialmente acondicionada con tercer riel. Allí se pondrá a rodar por primera vez. Se medirán el desempeño de los motores de tracción, la efectividad de los frenos y la reacción del tren ante distintas condiciones de operación, incluyendo fallas simuladas. Todo bajo protocolos de seguridad diseñados para este tipo de sistemas ferroviarios.
Estas pruebas no son exclusivas del primer tren. Se repetirán con los 29 que llegarán progresivamente a la ciudad en los próximos meses. Solo cuando todos estén certificados, comenzará la siguiente gran etapa del proyecto: las pruebas sobre el viaducto elevado, previstas para iniciar en mayo de 2026.
Aunque todavía falta camino por recorrer para consolidar el sistema, la llegada del primer tren y el inicio de pruebas marcan un punto de inflexión. Por primera vez en décadas, el metro de Bogotá dejó de ser una maqueta y empezó a moverse, aunque sea dentro del patio taller. Ahora, lo importante será que el ritmo no se pierda y que la ciudad, esta vez sí, vea llegar el tren.
Para conocer más noticias de la capital y Cundinamarca, visite la sección Bogotá  de El Espectador.",23-09-2025,11:00 a. m.,Bogotá,,"Así son las pruebas que tendrá que superar el Metro de Bogotá, ¿cuándo son?",https://www.elespectador.com/bogota/asi-son-las-pruebas-que-tendra-que-superar-el-metro-de-bogota-cuando-son/
"En medio de las tensiones por la ofensiva estadounidense en el mar Caribe, el republicano publicó un video en el que, con tono irónico, hizo referencia a la fuerza que Maduro está tratando de impulsar en contra de las acciones militares estadounidenses. ",Agencia EFE,mundo,"Audio generado con IA de Google
0:00
/
0:00
El presidente de Estados Unidos, Donald Trump, pareció burlarse de los entrenamientos de las milicias ciudadanas en Venezuela, con la publicación de un video en el que comenta, en tono irónico, sobre la “amenaza muy seria” que suponen, en medio de la escalada de tensiones bilaterales.
“Ultrasecreto: hemos sorprendido a la milicia venezolana en entrenamiento. ¡Una amenaza muy seria!”, escribió el líder republicano en su red, Truth Social, junto a imágenes de varias mujeres civiles recibiendo adiestramiento de instructores militares venezolanos, ante gritos y risas de los espectadores.
El video, que ilustra las jornadas de entrenamiento como parte de defensa de Caracas contra la “amenaza” del despliegue naval estadounidense en el mar Caribe, ha sido ampliamente replicado en las redes sociales.
Las tensiones entre Venezuela y Estados Unidos se han elevado después de que Washington anunciara el hundimiento de cuatro embarcaciones adjudicadas al narcotráfico en el Caribe, cerca de las costas venezolanas, al menos tres procedentes de Venezuela y la cuarta de ellas con origen desconocido.
El sábado pasado, Trump advirtió que el gobierno de Nicolás Maduro pagará un precio “incalculable” si no readmite a los “presos” que “ha forzado a ir a Estados Unidos”.
El país del norte incrementó en agosto su presencia militar en aguas internacionales en el mar Caribe, justificando la necesidad de “combatir el narcotráfico” y con el foco en el Cartel de los Soles que, según el gobierno de Trump, está liderado por Maduro.
Mientras, el venezolano anunció que los entrenamientos liderados por oficiales de la Fuerza Armada Nacional Bolivariana (FANB) se realizan en respuesta a la amenaza del “imperio norteamericano”, frente al que la nación suramericana está más unida que nunca, según aseguró.
👀🌎📄 ¿Ya se enteró de las últimas noticias en el mundo? Invitamos a verlas en El Espectador.
El Espectador, comprometido con ofrecer la mejor experiencia a sus lectores, ha forjado una alianza estratégica con The New York Times con el 30 % de descuento.
Este plan ofrece una experiencia informativa completa, combinando el mejor periodismo colombiano con la cobertura internacional de The New York Times. No pierda la oportunidad de acceder a todos estos beneficios y más. ¡Suscríbase aquí al plan superprémium de El Espectador hoy y viva el periodismo desde una perspectiva global!
📧 📬 🌍 Si le interesa recibir un resumen semanal de las noticias y análisis de la sección Internacional de El Espectador, puede ingresar a nuestro portafolio de newsletters, buscar “No es el fin del mundo” e inscribirse a nuestro boletín. Si desea contactar al equipo, puede hacerlo escribiendo a mmedina@elespectador.com",23-09-2025,23-09-2025,Venezuela,,Trump se burla del entrenamiento de la milicia de Venezuela: “Una amenaza muy seria”,https://www.elespectador.com/mundo/venezuela/trump-se-burla-del-entrenamiento-de-la-milicia-de-venezuela-una-amenaza-muy-seria/
"El presidente de Estados Unidos, Donald Trump, designó el lunes oficialmente al movimiento Antifa como “organización terrorista”, un día después de una ceremonia en memoria del asesinado activista ultraconservador Charlie Kirk.",Unidad de Video,mundo,,23-09-2025,07:05 a. m.,América,,Trump designa oficialmente al movimiento Antifa como “organización terrorista”,https://www.elespectador.com/mundo/america/trump-designa-oficialmente-al-movimiento-antifa-como-organizacion-terrorista/
"Aviones rusos sobrevolaron Estonia durante 12 minutos, en un nuevo desafío a la OTAN, provocando consultas urgentes en la alianza, pero también dudas sobre la efectividad de su respuesta.",Laura Henao Arévalo,mundo,"Rusia lo hizo otra vez: este sábado, aviones rusos volaron sobre Estonia durante 12 minutos. Según las autoridades, los pilotos que operaban los aviones de combate MiG-31 ignoraron las señales de los cazas italianos que respondían desde la misión de Policía Aérea del Báltico de la Organización del Tratado del Atlántico Norte (OTAN).
“Rusia busca consolidar un poder militar capaz de desafiar a Occidente. Hoy su capacidad está en aumento y, como siempre, resulta desafiante. Nunca es conveniente subestimar el impacto que puede tener Rusia en la...",23-09-2025,07:14 a. m.,Europa,Suscriptores,Rusia viola espacio aéreo de Estonia: ¿la OTAN se quedó corta en su reacción?,https://www.elespectador.com/mundo/europa/rusia-viola-espacio-aereo-de-estonia-la-otan-se-quedo-corta-en-su-reaccion/
Esto es lo que se sabe del crimen cometido contra los dos colombianos en suelo mexicano. ,Redacción Mundo,mundo,"Audio generado con IA de Google
0:00
/
0:00
Tras varios días de estar desaparecidos en México, los colombianos B-King y Regio Clown fueron hallados muertos. Ellos estaban de gira en el país norteamericano y, de hecho, participaron en Sin Censura Independence Day, un evento musical vinculado a las celebraciones por la independencia mexicana, que reunió a DJ nacionales e internacionales el domingo 14 de septiembre en la discoteca ElectroLab.
Ellos fueron vistos por última vez cuando iban camino a un gimnasio en la zona de Polanco, en Ciudad de México. Desde entonces no se supo nada más de ellos, hasta que sus cuerpos fueron encontrados sin vida. Si bien ellos desaparecieron el 16 de septiembre, hasta el día 18 de ese mismo mes fue que se emitieron las fichas de búsqueda, luego de descartar la idea de que la desaparición había ocurrido en el estado de Sonora.
Según la descripción, B-King, de 31 años, iba con camiseta negra, pantalón deportivo y tenis blancos. Regio Clown, de 35 años, vestía camiseta y pantalones deportivos negros, y llevaba tenis.
De acuerdo con las declaraciones del mánager de B-King a Noticias Caracol, los músicos estaban hospedados en un hotel ubicado en la avenida Masaryk. Hacia el mediodía, ambos salieron al gimnasio y le comentaron que almorzarían con unos conocidos, sin especificar quiénes eran. Quedaron en reencontrarse por la noche en el hotel para una reunión de trabajo. Después de esa conversación no se supo más de ellos.
Las autoridades llevaron a cabo ejercicios periciales con los cuales se compararon los perfiles de los desaparecidos y se encontraron coincidencias con dos personas fallecidas que fueron localizadas el 17 de septiembre en el municipio de Cocotitlán. Así se gestó la investigación por homicidio.
Finalmente, informaron que los familiares de B-King identificaron sus restos el 22 de septiembre. Ante lo sucedido, el presidente colombiano, Gustavo Petro, quien ya había solicitado la ayuda de su homóloga Claudia Sheinbaum en el caso, trinó: “Asesinaron nuestra juventud en los Estados Unidos Mexicanos. Mafia internacional fortalecida por la estúpida política militar y prohibicionista, llamada ‘guerra contra las drogas’, a la que obligan a la humanidad y a América Latina. Más jóvenes asesinados por una política antidrogas que no es política antinarcotraficante”.
👀🌎📄 ¿Ya se enteró de las últimas noticias en el mundo? Invitamos a verlas en El Espectador.
El Espectador, comprometido con ofrecer la mejor experiencia a sus lectores, ha forjado una alianza estratégica con The New York Times con el 30 % de descuento.
Este plan ofrece una experiencia informativa completa, combinando el mejor periodismo colombiano con la cobertura internacional de The New York Times. No pierda la oportunidad de acceder a todos estos beneficios y más. ¡Suscríbase aquí al plan superprémium de El Espectador hoy y viva el periodismo desde una perspectiva global!
📧 📬 🌍 Si le interesa recibir un resumen semanal de las noticias y análisis de la sección Internacional de El Espectador, puede ingresar a nuestro portafolio de newsletters, buscar “No es el fin del mundo” e inscribirse a nuestro boletín. Si desea contactar al equipo, puede hacerlo escribiendo a mmedina@elespectador.com",23-09-2025,08:19 a. m.,América,,Cronología de la desaparición y muerte de los colombianos B-King y Regio Clown en México,https://www.elespectador.com/mundo/america/cronologia-de-la-desaparicion-y-muerte-de-los-colombianos-b-king-y-regio-clown-en-mexico/
"El republicano dijo que las Naciones Unidas “tienen potencial”, pero sus esfuerzos no se traducen en acciones. ",Redacción Mundo,mundo,"Audio generado con IA de Google
0:00
/
0:00
El presidente de Estados Unidos, Donald Trump, tomó la palabra en la mañana de este martes ante la Asamblea General de la ONU, y lo hizo después de que el secretario general, António Guterres, y el mandatario brasileño, Luiz Inácio Lula da Silva, hicieron lo mismo. En su intervención, el republicano criticó a las Naciones Unidas y exaltó su trabajo en estos ocho meses de su segunda administración.
El líder de la Casa Blanca empezó diciendo que tuvieron que pasar seis años desde su primer gobierno, cuando “el mundo estaba próspero y en paz”, para que se pudiera parar de nuevo en este escenario de las Naciones Unidas, en la ciudad de Nueva York. “Desde entonces, las armas de la guerra han opacado la paz que forjé. De una era de calma y estabilidad se pasó a una de las más grandes crisis de nuestros tiempos”.
Desprestigiando el período presidencial de Joe Biden, que calificó de débil y radical, aseguró que, tras ocho meses de su segunda administración, Estados Unidos “es el país más fuerte del mundo”. Habló de la fortaleza económica y militar, y calificó este momento como “la época dorada” del país del norte.
“¿Cuál es el propósito de las Naciones Unidas?”, preguntó Trump, quien a reglón seguido aseguró que lo único que hace el organismo es escribir “cartas enérgicas” y hablar con “palabras vacías”. En ese sentido, retomó la idea que se le ha escuchado en otras ocasiones: que ha puesto punto final, según él, a las guerras de Israel contra Irán, Camboya contra Tailandia, Armenia y Azerbaiyán. “Lamentablemente, en todos los casos, las Naciones Unidas ni siquiera intentaron ayudar (...). No estuvieron allí para ayudarnos”.
En su discurso, el presidente agregó que su país tiene cómo imponer aranceles contra Moscú. En sus palabras: “En caso de que Rusia no esté lista para llegar a un acuerdo para poner fin a la guerra de Ucrania, entonces Estados Unidos está totalmente preparado para imponer una ronda muy fuerte de aranceles poderosos”. Al respecto, criticó a Europa y aseguró que el Viejo Continente “debe intensificar sus esfuerzos. No puede estar haciendo lo que está haciendo. Está comprando petróleo y gas de Rusia”.
Dirigiéndose a los Estados europeos, afirmó, a la vez, que “es hora de poner fin al fallido experimento de las fronteras abiertas. Sus países se están yendo al infierno”, y con ello hizo un guiño a un tema que ha sido central en su gobierno: la migración, sobre la cual, según él, Washington ha tomado “medidas audaces”, criticadas por otros por violaciones a los derechos humanos. De hecho, Trump aprovechó el escenario de la ONU para agradecerle a El Salvador por la alianza con la que ambos países llevaron a cabo la deportación de varios venezolanos, asociados por las autoridades estadounidenses con el Tren de Aragua.
Sobre Gaza, el jefe de la Casa Blanca aseveró que “Hamás ha rechazado repetidamente ofertas razonables para hacer la paz” desde el ataque del 7 de octubre contra Israel. Aunque Trump reconoció brevemente que “tenemos que detener la guerra de inmediato”, no mencionó el agravamiento de la crisis humanitaria ni el hambre que se vive allí. De hecho, no se le escuchó hablar de la idea de Netanyahu de tomarse la Ciudad de Gaza y tampoco de la necesidad apremiante que hay de que ingrese ayuda humanitaria al territorio. “Tenemos que recuperar a los rehenes. Queremos que regresen los 20. No queremos dos ni cuatro”, concluyó el republicano.
👀🌎📄 ¿Ya se enteró de las últimas noticias en el mundo? Invitamos a verlas en El Espectador.
El Espectador, comprometido con ofrecer la mejor experiencia a sus lectores, ha forjado una alianza estratégica con The New York Times con el 30 % de descuento.
Este plan ofrece una experiencia informativa completa, combinando el mejor periodismo colombiano con la cobertura internacional de The New York Times. No pierda la oportunidad de acceder a todos estos beneficios y más. ¡Suscríbase aquí al plan superprémium de El Espectador hoy y viva el periodismo desde una perspectiva global!
📧 📬 🌍 Si le interesa recibir un resumen semanal de las noticias y análisis de la sección Internacional de El Espectador, puede ingresar a nuestro portafolio de newsletters, buscar “No es el fin del mundo” e inscribirse a nuestro boletín. Si desea contactar al equipo, puede hacerlo escribiendo a mmedina@elespectador.com",23-09-2025,09:45 a. m.,América,,Trump critica a la ONU en su discurso en la Asamblea General: “Son palabras vacías”,https://www.elespectador.com/mundo/america/trump-critica-a-la-onu-en-su-discurso-en-la-asamblea-general-son-palabras-vacias/
"Quienes quieran sacar una visa estadounidense de no inmigrante tendrán que pagar un total de US$ 435. Así funciona la nueva tarifa que impuso el gobierno de Donald Trump para quienes saquen el permiso de entrada por turismo, negocios, estudio o trabajo temporal.",Redacción Mundo,mundo,"Audio generado con IA de Google
0:00
/
0:00
Se espera que, a partir del próximo 1.º de octubre, todos aquellos que apliquen para obtener una visa estadounidense de no inmigrante paguen una tarifa diferente a la que se conoce hasta ahora. Se trata de una “Visa Integrity Fee” de US$ 250, que fue aprobada en la ley de presupuesto del presidente Donald Trump, conocida como “One Big Beautiful Bill Act”.
Tras esa decisión, la visa para viajar a Estados Unidos por motivos de turismo y negocios, estudio, intercambio cultural y trabajo temporal, pasará de costar US$ 185 a US$ 435, lo que equivale casi a $ 1′700.000.
¿Cómo funciona la nueva tarifa de Trump para la visa estadounidense?
Los US$ 250 adicionales funcionarán como un depósito que se le será exigido a quienes se acerquen al cuerpo diplomático estadounidense para pedir el documento de acceso al país. Para recuperar ese monto, el extranjero deberá cumplir tres condiciones:
Quienes no cumplan con esos requisitos perderán el reembolso de su dinero, que irá directamente al Departamento del Tesoro de Estados Unidos. Se espera que la medida entre en vigor con el inicio del año fiscal estadounidense. Vale aclarar que la devolución del dinero dependerá de procesos administrativos que aún requieren coordinación entre distintas entidades y que aquellas personas que tengan su cita antes del 1.º de octubre no estarán sometidas a esas modificaciones.
Según estadísticas del Departamento de Estado de Estados Unidos, en 2024 se emitieron visas de no inmigrante a unos 11 millones de visitantes. Aquellos que vienen de países que participan en el programa de exención de visa, que incluye a la mayor parte de Europa, además de a Australia, Chile, Israel, Japón, Catar, Corea del Sur y el Reino Unido, entre otros, no estarán sujetos al pago de la tasa. La mayoría de los visitantes canadienses tampoco se verán afectados.
👀🌎📄 ¿Ya se enteró de las últimas noticias en el mundo? Invitamos a verlas en El Espectador.
El Espectador, comprometido con ofrecer la mejor experiencia a sus lectores, ha forjado una alianza estratégica con The New York Times con el 30 % de descuento.
Este plan ofrece una experiencia informativa completa, combinando el mejor periodismo colombiano con la cobertura internacional de The New York Times. No pierda la oportunidad de acceder a todos estos beneficios y más. ¡Suscríbase aquí al plan superprémium de El Espectador hoy y viva el periodismo desde una perspectiva global!
📧 📬 🌍 Si le interesa recibir un resumen semanal de las noticias y análisis de la sección Internacional de El Espectador, puede ingresar a nuestro portafolio de newsletters, buscar “No es el fin del mundo” e inscribirse a nuestro boletín. Si desea contactar al equipo, puede hacerlo escribiendo a mmedina@elespectador.com",23-09-2025,11:39 a. m.,América,,Sube el precio de la visa de EE. UU.: esta es la fecha de inicio de la nueva tarifa,https://www.elespectador.com/mundo/america/sube-el-precio-de-la-visa-de-estados-unidos-esta-es-la-fecha-de-inicio-de-la-nueva-tarifa/
"La Zona Franca de Palmaseca, en el Valle del Cauca, ya tiene nuevo arrendatario. El Gobierno adjudicó el contrato que asegura la continuidad del parque logístico. De acuerdo con el Ministerio de Comercio, Industria y Turismo, se introducirá por primera vez la participación de la economía popular en su modelo de operación.",Redacción Economía,economia,"Audio generado con IA de Google
0:00
/
0:00
Después de seis procesos sin éxito, el Gobierno logró adjudicar el arrendamiento de la Zona Franca de Palmaseca, en el Valle del Cauca.
La ministra de Comercio, Diana Morales, explicó que la operación había estado en riesgo por la falta de oferentes en convocatorias anteriores, pero que esta vez el proceso permitió asegurar la continuidad del parque logístico y, como novedad, incluir de manera obligatoria la participación de la economía popular.
El Ejecutivo destacó que la adjudicación del arrendamiento de la Zona Franca de Palmaseca contó con acompañamiento preventivo de los órganos de control; en el proceso se recibieron y aplicaron recomendaciones de la Contraloría General de la República y del Consejo de Estado, con el fin de garantizar transparencia y seguridad jurídica.
Con ello, el Gobierno aseguró que la continuidad de esta zona franca estratégica se da bajo un esquema revisado y ajustado a las observaciones de los entes de control, después de varios intentos fallidos.
¿Qué significa incluir a la economía popular?
Según el Gobierno, el nuevo modelo adjudicado en Palmaseca incorpora, por primera vez en una zona franca del país, condiciones obligatorias para la participación de la economía popular.
Esto implica que microempresas, pequeños negocios, cooperativas, asociaciones y emprendimientos podrán acceder de manera directa a este espacio, integrándose a las cadenas de valor que antes estaban reservadas a compañías más grandes, según explicó el Ejecutivo en un comunicado.
💰📈💱 ¿Ya te enteraste de las últimas noticias económicas? Te invitamos a verlas en El Espectador.",23-09-2025,22-09-2025,Economía,,"Por fin se adjudicó arrendamiento de la Zona Franca Palmaseca, tras seis intentos",https://www.elespectador.com/economia/gobierno-adjudico-arrendamiento-de-zona-franca-palmaseca-tras-seis-intentos-fallidos-noticias-hoy/
"Este lunes, el índice Dow Jones ganó 0,14 %, el Nasdaq subió 0,70 % y el S&P 500 avanzó 0,44 %, impulsados por el anuncio de una millonaria inversión de Nvidia en centros de datos para OpenAI.","Redacción Economía, con información de agencias",economia,"Audio generado con IA de Google
0:00
/
0:00
Wall Street cerró este lunes, 22 de septiembre, en niveles récord, impulsada por el empuje del sector tecnológico.
Aunque la jornada comenzó con caídas en la bolsa de Nueva York, los índices repuntaron tras el anuncio de una inversión de 100.000 millones de dólares de Nvidia en centros de datos para OpenAI, lo que disparó las acciones del gigante de los semiconductores y arrastró consigo al resto del mercado.
Las acciones que tiraron del mercado
Al cierre de la sesión, el Dow Jones avanzó 0,14 %, el Nasdaq ganó 0,70 % y el S&P 500 subió 0,44 %. El repunte estuvo liderado por Nvidia, que escaló 3,93 % hasta 183,61 dólares por acción tras anunciar una inversión de 100.000 millones de dólares en infraestructura de datos para OpenAI, la firma detrás de ChatGPT.
La noticia no solo fortaleció al fabricante de chips, que ya es la mayor capitalización bursátil del mundo, sino que arrastró consigo a buena parte del sector tecnológico.
Entre las compañías destacadas también estuvo Oracle, que subió 6,29 % luego de confirmar que será la encargada de gestionar y alojar los datos de la nueva versión de TikTok en Estados Unidos.
El rumbo de Wall Street
El repunte de Wall Street también se apoya en la expectativa de una política monetaria más flexible en Estados Unidos. La semana pasada, la Reserva Federal recortó por primera vez en el año su tasa de interés de referencia, en un cuarto de punto porcentual, y los analistas prevén que continúe la senda de alivio en los próximos meses ante señales de enfriamiento en el mercado laboral.
Con este telón de fondo, el impulso del sector tecnológico ha consolidado a la Bolsa de Nueva York en niveles récord. La combinación de menores tasas y millonarias inversiones en inteligencia artificial mantiene a los inversionistas optimistas, y por ahora, el rally de las grandes compañías sigue marcando el rumbo del mercado.
💰📈💱 ¿Ya te enteraste de las últimas noticias económicas? Te invitamos a verlas en El Espectador.",23-09-2025,22-09-2025,Macroeconomía,,El buen momento de Wall Street gracias a Nvidia y los gigantes tecnológicos,https://www.elespectador.com/economia/macroeconomia/el-buen-momento-de-wall-street-gracias-a-nvidia-y-los-gigantes-tecnologicos-noticias-hoy/
"El gasto aumentó frente al año pasado, aunque se desaceleró por causa de la inflación y porque se suaviza el ciclo de compras, de acuerdo con Raddar.",María Camila Ramírez Cañón,economia,"Audio generado con IA de Google
0:00
/
0:00
La salud de los consumidores es, en parte, un termómetro que ayuda a saber cómo va la economía en el país. Para agosto, el gasto de los hogares fue de $95,0 billones y creció 4,61 %, mucho más que el -1,1 % del crecimiento del mismo mes de 2024 ($86,5 billones).
De este modo “se continúa con el cambio de tendencia y con un crecimiento por encima del promedio de los últimos años, debido a una gran cantidad de efectivo en el mercado”, de acuerdo con un informe de Raddar.
Sin embargo, el dinamismo fue menor al de 5,6 % del crecimiento registrado en julio de este año.
El estudio resalta que toda “fiesta de gasto” tiende a desacelerarse porque se suaviza el ciclo de compras de bienes durables y aunque no es claro si eso ya está pasando, el crecimiento sí bajó su velocidad.
En últimas, el comportamiento del gasto refleja la recuperación de la confianza del consumidor. A ello se suma la dinámica del mercado laboral, en donde tanto el empleo formal como el informal han crecido.
Gastar en medio de la inflación
Otro factor que se suma al panorama es el estancamiento de la inflación, que en agosto incluso registró un leve repunte. Así se evidencia la dificultad que ha tenido el indicador para moderarse, especialmente por el mayor aporte de algunos alimentos.
Al ser los hogares de ingresos bajos y medios los que gastan mayor parte de sus ingresos en comida, Raddar considera que esa puede ser la explicación a la desaceleración del consumo en agosto.
Si bien los alimentos frescos (especialmente las frutas) fueron los que más aportaron a la inflación de alimentos en agosto, este comportamiento responde principalmente a factores coyunturales y no a un cambio estructural en sus precios.
De hecho, “siguen siendo los más económicos dentro de la canasta alimentaria, en contraste con los alimentos procesados, cuya inflación anual ha venido aumentando de forma sostenida en los últimos meses”, reporta Raddar.
El repunte está relacionado con los impuestos aplicados a los ultraprocesados y al impacto de los precios internacionales en los insumos, además de dinámicas internas como el paro arrocero, que pudo incidir en sus costos.
¿Cómo están gastando los colombianos?
El gasto sigue creciendo gracias al crédito. Tanto con tarjeta de crédito, consumo - libre destinación e hipotecaria, que registran un crecimiento anual del 30 %.
El análisis de Raddar apunta que los hogares están utilizando de manera más intensa esta fuente de financiamiento, en línea con el mayor gasto en bienes durables y semidurables, que suelen apalancarse con crédito.
De otro lado, el aumento del ingreso de los hogares por salarios y rentas creció solo al 2,48 %, muy lejos del aumento del salario mínimo legal, cuyo incremento fue de 9,53 % para este año.
Los salarios son la fuente que menos crece, lo que puede relacionarse con el aumento de ocupados en la categoría de trabajadores por cuenta propia, que en su mayoría corresponden a empleos informales y, por tanto, de menores ingresos frente a los formales.
Mientras que las remesas presentan un crecimiento destacado.
¿Dónde y en qué gastan los colombianos?
La mayoría de las ciudades crecieron en el gasto real más del 3 %, con excepción de Pasto.
Se destacan las ciudades intermedias como Neiva y Montería, que registran los mayores incrementos, posiblemente impulsados por la buena dinámica del sector cafetero para el caso del Huila.
Por otro lado, Bogotá y Medellín son las únicas ciudades principales que crecen por debajo del promedio nacional; sin embargo, dado su peso dentro del total, siguen siendo las que más aportan al crecimiento agregado.
Este menor dinamismo en las dos principales ciudades puede, a su vez, explicar la desaceleración observada en el gasto durante el mes.
Así es el top 3 de canastas con mayor crecimiento real por ciudad:
💰📈💱 ¿Ya te enteraste de las últimas noticias económicas? Te invitamos a verlas en El Espectador.",23-09-2025,08:45 a. m.,Macroeconomía,,El consumo de los hogares creció en agosto: así gastan los colombianos su dinero,https://www.elespectador.com/economia/macroeconomia/el-consumo-de-los-hogares-crecio-en-agosto-asi-gastan-los-colombianos-su-dinero/
"En medio de la pandemia, una emprendedora huilense convirtió una idea nacida del recuerdo de su abuela en un restaurante que hoy es referente en Neiva. Con sabores auténticos del litoral colombiano esta propuesta combina elegancia, tradición y raíces culturales. ",Tatiana Gómez Fuentes,economia,"Audio generado con IA de Google
0:00
/
0:00
“La Mar Pacífico, es el emprendimiento al que di vida en homenaje a mi abuela. Hoy somos un equipo de 15 personas, entre cocineros, meseros, y colaboradores en las áreas administrativa y de marketing, que trabaja unido para brindar lo mejor del Pacífico en cada plato. Gracias a este esfuerzo conjunto, nos hemos consolidado como el restaurante número uno en Neiva especializado en comida de mar, siendo reconocidos no solo por nuestra propuesta gastronómica, sino también por la experiencia que ofrecemos a cada cliente que nos visita”.
Quien responde es María Fernanda Pérez España, la cofundadora de esta idea de negocio enfocada en la gastronomía colombiana. Aquí está su historia, relatada a través de 23 preguntas para emprendedores y sus emprendimientos:
1. ¿Cuántos años tengo? ¿Qué estudié?
Tengo 40 años. Estudié Derecho, pero mi vida profesional siempre ha estado ligada al mundo de las ventas.
2. ¿Cuál fue mi idea y cuándo nació? ¿Qué fue lo que creé?
En plena pandemia, en 2020, nació la idea de crear un restaurante de comida de mar con esencia del Pacífico en la ciudad de Neiva. Un lugar elegante, pero con raíces auténticas. Decidimos hacer un recorrido por el Pacífico colombiano para conocer de cerca sus sabores y su esencia.
Queríamos que cada plato fuera tradicional y elaborado por chefs del Pacífico. Así nació La Mar Pacífico, un restaurante con el que rindo homenaje a mis raíces y a mi abuelita, a quien siempre vi trabajar en el mundo de la gastronomía.
3. ¿Cómo logré hacerla realidad y llevarla a los hechos?
Con decisión y valentía. Analicé la oportunidad, me apoyé en mi esposo y mi familia, y dimos el salto de la idea a la acción.
Si está buscando más historias de emprendimientos, sus creadores y creadoras están aquí, en Emprendimiento y liderazgo de El Espectador.
4. ¿De dónde saqué la plata para ponerla a andar y cómo la pagué?
Con ahorros personales y el apoyo de mi familia. Poco a poco, con trabajo constante y compromiso, hemos cumplido con cada obligación.
5. ¿Qué estoy logrando con mi emprendimiento? ¿Qué estoy cambiando con mi idea?
Estamos llevando los sabores auténticos del Pacífico al Huila y creando un espacio donde la gente vive experiencias gastronómicas inolvidables.
6. ¿Soy feliz?
Sí, profundamente feliz, porque vivo de algo que amo y que está conectado con mis raíces.
7. ¿Vendería mi emprendimiento, mi empresa?
No. La Mar Pacífico es parte de nuestra vida y de nuestra historia.
8. ¿Qué tan duro fue para mí emprender?
Muy duro. Emprender requiere sacrificios, desvelos y mucha paciencia, sin embargo, cada reto ha valido la pena.
9. ¿Cumplí mi sueño? ¿Qué me hace falta?
He cumplido una gran parte, pero sigo soñando con crecer y llevar La Mar Pacífico a muchas más personas.
10. ¿Y ahora qué? ¿Qué sigue?
Seguir fortaleciendo nuestro restaurante y abrir nuevos caminos para expandirnos.
11. ¿Mi emprendimiento es escalable?
Sí, tenemos un concepto gastronómico sólido que puede crecer en otras ciudades.
12. Para crecer, ¿recibiría inversión de un desconocido? ¿Le cedería parte de mi empresa?
No, prefiero buscar programas de fortalecimiento al emprendedor, como los ofrecidos por el estado, la Cámara de Comercio o el SENA.
13. ¿Qué no volvería a hacer?
Dudar de mis capacidades. Emprender me enseñó a confiar en mí misma.
14. ¿Quién me inspiró? ¿A quién me gustaría seguir?
Mi abuela, con su fuerza y valentía. Admiro profundamente a quienes logran emprender con propósito.
15. ¿Fracasé en algún momento? ¿Pensé en tirar la toalla?
Sí, hubo momentos difíciles, pero siempre recordaba de dónde vengo y seguía adelante.
Visite la sección de Emprendimiento y Liderazgo de El Espectador
16. ¿Hago parte de algún tipo de comunidad que me ayuda en este camino de emprender?
Sí, la Cámara de Comercio del Huila y su programa de capacitación al emprendedor han sido fundamentales. Además, rodearme de otros emprendedores y de nuestros clientes fieles ha sido vital.
17. ¿Lo que estoy haciendo trasciende? ¿Podrá impactar a nuevas generaciones?
Claro que sí. Quiero que las nuevas generaciones vean que se puede soñar en grande desde lo local.
18. ¿Cómo me veo en 10 años y cómo veo a futuro mi emprendimiento, mi empresa?
Me veo liderando un restaurante referente a nivel nacional, con nuevas sedes que lleven la esencia del Pacífico a distintas ciudades.
19. ¿Qué papel han jugado mi familia y mis amigos?
Han sido mi apoyo incondicional. Sin ellos, nada de esto habría sido posible.
20. Yo lo logré. ¿Ayudaría a otros emprendedores a que lo logren?
Sí, con todo el corazón. Compartir mi experiencia es una forma de agradecer y de aportar.
21. ¿Qué papel jugó mi equipo? ¿Quién es?
Mi equipo es fundamental. Está conformado por cocineros, meseros y colaboradores que sienten este proyecto como propio.
22. ¿Cuál es mi sello personal? ¿Qué me diferencia del resto?
La autenticidad: traer los sabores del Pacífico con un toque elegante, sin perder la esencia familiar y cercana.
23. ¿Qué he aprendido de todo esto?
Que la valentía y la fe mueven montañas, y que con Dios, amor y constancia, los sueños sí se hacen realidad.
Si conoce historias de emprendedores y sus emprendimientos, escríbanos al correo de Edwin Bohórquez Aya (ebohorquez@elespectador.com) o al de Tatiana Gómez Fuentes (tgomez@elespectador.com). 👨🏻‍💻 🤓📚",23-09-2025,09:00 a. m.,Emprendimiento y Liderazgo,,"La Mar Pacífico, el emprendimiento colombiano que se sirve en Neiva",https://www.elespectador.com/economia/emprendimiento-y-liderazgo/la-mar-pacifico-el-emprendimiento-colombiano-que-se-sirve-en-neiva/
La divisa se ha mantenido a la baja durante la semana y arranca la jornada por debajo de los $3.850.,Redacción Economía,economia,"Audio generado con IA de Google
0:00
/
0:00
El precio del dólar ha logrado mantenerse por debajo de los $3.900, a pesar de la volatilidad que ha tenido la tasa de cambio. Este comportamiento acerca cada vez más el valor de la moneda a los $3.800.
Para este martes, la divisa empieza la jornada con una caída. La moneda inicia en $3.845, lo que representa una reducción leve de $1 en comparación con el último cierre de los mercados del pasado lunes 22 de septiembre ($3.846).
De otro lado, la tasa representativa del mercado (TRM) para este martes 23 de septiembre fue fijada por la Superintendencia Financiera en $3.852,16.
¿En qué va el precio del dólar en Colombia?
La semana pasada, el dólar registró una tendencia a la baja frente al peso colombiano, iniciando con una TRM de $3.906 y descendiendo hasta los $3.880, su nivel más bajo en lo que va del año, de acuerdo con Carlos Güisa, gerente de Análisis Económicos y Proyectos de la Cámara Colombiana de Comercio Electrónica (CCCE).
La caída estuvo impulsada, en gran parte, por la decisión de la Reserva Federal de Estados Unidos de recortar su tasa de interés en 25 puntos básicos, lo que lleva la tasa al rango de 4,00 % – 4,25 %.
Se trata de “una señal clara de desaceleración en la economía estadounidense”, en palabras de Güisa. Puesto que la medida tiende a debilitar el dólar globalmente, ya que reduce el atractivo de invertir en activos denominados en esa moneda y estimula la salida de capital hacia economías emergentes con mejores proyecciones.
La combinación de tasas de interés y los aranceles de EE. UU. ha impulsado la deuda pública de los mercados emergentes a superar la rentabilidad de la mayoría de las inversiones de renta fija a nivel mundial.
El repunte ha sido liderado por Brasil, México, Colombia, Hungría y Sudáfrica, países que han ganado al menos un 23 % este año, según estimaciones de Bloomberg.
Para el caso colombiano, Güisa explica que los resultados económicos recientes —incluyendo una inflación más controlada y la decisión del Banco de la República de mantener estables las tasas de interés desde junio— han fortalecido la percepción de estabilidad macroeconómica. A su vez, ello impulsa la entrada de inversión extranjera y favorece la apreciación del peso.
¿Seguirá bajando el precio?
La tasa de cambio dependerá de cómo asuman los mercados el recorte de las tasas de interés de la Fed, esa es la clave de acuerdo con Sebastián Chacón Marín, director de la Escuela de Negocios y Desarrollo Internacional del Politécnico Grancolombiano.
Por el momento, las apuestas de los analistas estadounidenses se inclinan a que habrá más recortes este año. Esa es la expectativa generalizada debido al comportamiento de la economía de Estados Unidos, especialmente porque la generación de empleo no ha sido la esperada y permanece la incertidumbre generada por los aranceles, dice Chacón.
De ser así, invertir en Colombia seguiría siendo atractivo. Otro factor que ha incidido es el flujo histórico de remesas, pues se estima que podrían estar sobre el 3 % del PIB para el cierre del año, lo que pone más billetes verdes en circulación y afecta la tasa de cambio respecto a la oferta y demanda.
Además, “los inversionistas continúan favoreciendo activos refugio alternativos como el oro y la plata, ambos alcanzando nuevamente máximos históricos, mientras que los flujos hacia mercados de renta variable se mantienen apoyados por el mayor apetito por riesgo y un entorno de baja volatilidad global”, sostiene Rodrigo Lama, Chief Business Officer de la fintech latinoamericana Global66.
En medio de este contexto, lo que hará la diferencia para la tasa de cambio esta semana y en adelante es el comportamiento de la economía estadounidense porque es lo que marca la pauta para las decisiones de la Fed sobre las tasas de interés y puede seguir impulsando, o no, a los mercados emergentes como el colombiano.
Las estimaciones para el dólar
Si bien es imposible predecir el precio del dólar, algunos analistas y expertos hacen sus apuestas. En general, los consultados por Fedesarrollo consideran que en septiembre la tasa de cambio se ubicará en un rango entre $3.922 y $3.950, con $3.950 como respuesta mediana.
Por su parte, el Informe Económico del Banco de Bogotá dice que el soporte del dólar estará en $3.825, con resistencia hacia los $3.899 y una alta volatilidad.
Finalmente, los analistas de Fedesarrollo esperan una tasa de cambio cercana a los $4.030 para el cierre de 2025.
💰📈💱 ¿Ya te enteraste de las últimas noticias económicas? Te invitamos a verlas en El Espectador.",23-09-2025,09:03 a. m.,Finanzas personales,,Precio del dólar hoy en Colombia: así se cotiza este 23 de septiembre,https://www.elespectador.com/economia/finanzas-personales/precio-del-dolar-hoy-23-de-septiembre-en-colombia-noticias-hoy/
"Fenalco anunció que se baja de la mesa de concertación para no “hacerle el juego” a los intereses del Gobierno, pues se espera que el incremento salga vía decreto.",Redacción Economía,economia,"Audio generado con IA de Google
0:00
/
0:00
El incremento en el salario mínimo legal vigente (SMLV) suele ser un tema ampliamente discutido en el mes de diciembre, pues es entonces cuando se tiene un panorama más claro de la economía. Sin embargo, el debate sobre el alza que tendrá en 2026 llegó temprano este año.
El primero en pronunciarse al respecto fue el mismo Gobierno, incluyendo al presidente Gustavo Petro, que desde julio mencionó que esperaba un incremento alto.
Según el ministro de Hacienda, Germán Ávila, el presidente aprovecharía su último año para aumentar, de forma significativa, el valor del ingreso mínimo de los colombianos.
En medio de este escenario, la Federación Nacional de Comerciantes (Fenalco) anunció que no participará en la mesa de concertación para establecer el aumento. La razón es que desde el Gobierno se ha insinuado que se fijará por decreto en cerca del 11 % y podría llegar al $1.600.000.
Así se ha negociado el incremento en los últimos años:
Que se defina el salario de 2026 por decreto “quiere decir que se está desconociendo y dinamitando la mesa de concertación laboral, prácticamente no tiene sentido ir a sentarse a hacer el trámite sabiendo que el Gobierno tiene en sus intenciones hacer un decreto populista de cara a su despedida. No nos vamos a prestar para ese juego”, le dijo Jaime Alberto Cabal, presidente de Fenalco, a Caracol Radio.
Y es que un estudio de Investigaciones Económicas (IE) del Banco de Bogotá destaca que, en los últimos cuatro gobiernos, siempre el aumento real (descontando inflación) del SMLV del año final del mandato fue mayor si se compara con los tres años anteriores.
Por su parte, Cabal ya había dicho en sus redes sociales que las malas decisiones de política económica se convierten en pobreza. “El país no aguanta más improvisaciones, más declaraciones incoherentes, ni más cortinas de humo para ocultar el desastre económico al que nos quieren conducir”, expresó.
¿Por qué esperar un alto incremento en el salario mínimo?
La mayoría de las proyecciones de expertos y bancos, incluyendo el de la República, estiman que la inflación tiene una alta probabilidad de terminar el 2025 cerca del 5 %.
Se trata de un nivel similar al de 2024 (5,2%), por lo que “el punto de partida de ajuste del SMLV para 2026 sería el decretado el año anterior de 9,5 %. Con esto, pasaría de $1,423,500 a $1,558,773″, analiza el Banco de Bogotá.
No obstante, el ajuste podría ser mayor. Por eso no se descarta que el actual gobierno realice un incremento desbordado apuntándole al $1.600.000 para 2026, lo que representa un ajuste de 12,4 %, según el análisis del banco.
Las alertas de un aumento “desmedido”
Si bien un aumento de esta magnitud podría beneficiar el poder adquisitivo de los hogares en el corto plazo, la ganancia se diluiría en el mediano y largo plazo por la mayor inflación, advierte el estudio de Investigaciones Económicas (IE).
Los expertos advierten que el impacto negativo también se puede dar por cuenta de un incremento en la informalidad laboral.
Otro aspecto que está en juego es la reducción de la inflación que todavía está lejos de la meta del Banco de la República, que es de entre el 2 y 4 %.
El descenso “se ha visto limitado, en gran medida, por la dinámica de la canasta de servicios al excluir el componente de arriendos. En particular, el aumento en los costos laborales derivados de: altos ajustes del SMLV, la reducción de la jornada laboral y la entrada en vigor de la reforma laboral, han llevado a que aumente la inflación de los servicios intensivos en mano de obra”, expresa el Banco de Bogotá.
En general, los mayores costos laborales estarían presionando al alza la inflación de servicios.
Es por eso que para IE, que la inflación entre al rango meta dependerá de las decisiones del Gobierno. Los cálculos apuntan a que si el aumento para 2026 es 9,5 % (igual que en 2025), la inflación finalizaría en 4,1 % el próximo año. Por el contrario, si el ajuste es del 12,4%, la inflación finalizaría en 4,7 %, arriba de la meta del Banrep.
Ahora, a esto hay que adicionarle los impactos inflacionarios de la posible aprobación de la reforma tributaria. “La senda de inflación y por ende de tasa de interés del Banco de la República queda, en su mayoría, sujeta a las decisiones del Gobierno en su último año de mandato”, finaliza el banco.
💰📈💱 ¿Ya te enteraste de las últimas noticias económicas? Te invitamos a verlas en El Espectador.",23-09-2025,11:19 a. m.,Economía,,Salario mínimo 2026: debate arranca con alertas por alza que propone el Gobierno,https://www.elespectador.com/economia/salario-minimo-2026-el-debate-arranca-con-alertas-por-alza-que-propone-el-gobierno/
