article_header,author,category,content,date_parsed,date_raw,sub_category,subcription,title,url
,"Emir Olivares Alonso, enviado",politica,"Campeche, Campeche . “México no es piñata de nadie”, subrayó la presidenta Claudia Sheinbaum Pardo al referirse a los políticos estadunidenses que, con objetivos electoreros, hablan mal de nuestro país.  Y, en línea con ese señalamiento, la mandataria rubricó: “Que se dediquen a hablar de su país, que bastantes problemas tiene. Que no utilicen a México para hacer la campaña, porque México les da muchas clases a los Estados Unidos en muchas cosas”. La jefa del Ejecutivo se refirió al tema durante el acto que encabezó en esta ciudad, donde puso en marcha el programa de vivienda en Campeche.  “Hay que decir que en nuestra relación con los Estados Unidos, México no es piñata de nadie, que si quieren… porque no sé si saben, pero en Estados Unidos el próximo año va a haber elecciones para muchos gobiernos estatales.  “Entonces, que se dediquen a hablar de su país, que bastantes problemas tiene. Que no utilicen a México para hacer la campaña, porque México les da muchas clases a los Estados Unidos en muchas cosas: en valores, en ética, en desarrollo, en muchas”, enfatizó.  Ante decenas de personas —algunos de ellos se manifestaron porque la jornada de trabajo se reduzcámosla a 40 horas semanales—, Sheinbaum Pardo recordó que con una de las primeras comunicaciones telefónicas que tuvo con su par estadunidense, Donald Trump, hablaron de la crisis de consumo de drogas en el vecino del norte.  “Él me preguntó: 'oiga, ¿y en México se consumen drogas?’. Y le dije: ‘bueno, sí tenemos un problema de adicciones, pero no del tamaño del que tiene Estados Unidos’. De hecho, él lo ha dicho públicamente: ‘Estados Unidos es un gran consumidor de drogas’.  “Sí —siguió la presidenta— tenemos que atender y para eso estamos trabajando, pero allá pues tienen el problema mayor”. Narró que el magnate preguntó por qué en México no existía ese problema, a lo que Sheinbaum respondió: “Y le dije, es que las familias mexicanas tenemos muchos valores, nos cuidamos entre nosotros, nos protegemos. Y además, pues le platiqué de una campaña que inició con el presidente (Andrés Manuel) López Obrador y que ahora estamos desarrollando en contra del consumo de las drogas”. Frente a ello —y en el marco de la nueva geopolítica bilateral con la Casa Blanca—, la titular el Ejecutivo acentuó que los mexicanos deben sentirse orgullosos. “Porque además, hoy más que nunca, el pueblo de México con la cuarta transformación recuperó su dignidad y su fuerza. Y nadie nunca se la puede quitar”.",2025-09-23,27 de abril de 2025 12:01,Política,,"“México no es piñata de nadie”, dice Sheinbaum a políticos de EU que hablan mal del país",https://www.jornada.com.mx/noticia/2025/04/27/politica/mexico-no-es-pinata-de-nadie-dice-sheinbaum-a-politicos-de-eu-que-hablan-mal-de-mexico
,Andrea Becerril y Enrique Méndez,politica,"Ciudad de México.  El grupo plural de senadores que estuvo la semana pasada en Washington se prepara para viajar nuevamente a esa ciudad la fin de cabildear con sus pares estadunidenses en torno a la eliminación del impuesto a las remesas que se pretende instaurar.
El presidente de la Junta de Coordinación Política del Senado, Adán Augusto López Hernández, comentó que probablemente la próxima semana estarán en la capital estadunidense los mismos legisladores que integraron la anterior delegación mexicana .
Se trata de Ignacio Mier Velazco, Alejandro Murat , Andrea Chávez Treviño y Karina Ruiz Ruiz, de Morena; Mauricio Vila Dosal, del PAN; Cristina Ruíz Sandoval, del PRI; Ruth Miriam González Silva, del PVEM; Geovanna Bañuelos , del PT; y Amalia García Medina, de MC.
“Ellos ya establecieron los contactos y tienen la agenda de trabajo definida”, explicó el también coordinador de Morena, en breve entrevista. La intención, dijo, es continuar el diálogo que sostuvieron con congresistas ahora con senadores, que es donde se turnó el proyecto fiscal del presidente Donald Trump.
En entrevista por separado, la senadora Morenista Andrea Chávez comentó que en la Cámara de Representantes se disminuyó de cinco a 3.5 ese impuesto a las remesas y ahora tratarán de que se elimine en definitiva en el Senado estadunidense.
Es un avance, dijo, que el partido del gobierno en el poder haya disminuido ese gravamen que lesiona a los migrantes mexicanos, quitarle 1.5 está bien, pero nuestra meta es que se elimine por completo , que se reduzca a cero, porque sería una doble tributación para nuestros connacionales, que ya pagan impuestos.
Solo se requieren, dijo, cuatro votos de senadores republicanos para echar abajo es gravamen que afectaría a las comunidades más vulnerables, al recibir menos recursos que los enviados por sus familiares que trabajan en el vecino país del norte.
",2025-09-23,27 de mayo de 2025 19:48,Política,,Senadores viajarán de nuevo a Washington para cabildear impuesto a remesas,https://www.jornada.com.mx/noticia/2025/05/27/politica/senadores-viajaran-de-nuevo-a-washington-para-cabildear-impuesto-a-remesas
,Iván Evair Saldaña ,politica,"Ciudad de México.  ”Lo logramos, Sandra. Justicia para ti"", clamaron familiares y organizaciones civiles tras “el fallo histórico” que este miércoles emitió la Primera Sala de la Suprema Corte de Justicia de la Nación (SCJN), que ordenó una nueva sentencia con agravantes contra el feminicidio de Sandra Camacho Aguilar, asesinada hace 12 años.
La resolución de la Corte, aprobada por unanimidad de votos, también sienta un precedente que abre la puerta a todas las procuradurías del país para poner freno al lenguaje sexista y la cosificación en medios de comunicación, al informar sobre casos de feminicidio.
El máximo tribunal del país ordenó al Poder Judicial local dejar sin efectos la sentencia de 50 años contra Javier Méndez Ovalle, conocido como el “asesino de Tlatelolco”, y emitir una nueva que podría alcanzar la pena máxima de 60 años de prisión.
Lo anterior porque se deberá considerar dos agravantes de género antes ignoradas: el abuso sexual y la relación de confianza generada en redes sociales entre la víctima, Sandra, de 17 años, y su agresor.
La resolución también ordena restituir la reparación integral del daño a sus padres y dar vista a la Procuraduría Federal de Protección de Niños, Niñas y Adolescentes y a su homóloga en la Ciudad de México “para que, en colaboración, promuevan las acciones civiles de reparación del daño que consideren pertinentes para evitar la difusión de información, imágenes o datos que involucren a la víctima, así como para, en su caso, solicitar las medidas cautelares necesarias para dicho efecto”.
El fallo sienta un precedente para erradicar el lenguaje sexista y la cosificación mediática en casos de feminicidio. Así lo destacó Rodolfo Manuel Domínguez, abogado de la organización Justicia, Derechos Humanos y Género A.C., quien subrayó que la cobertura del caso especuló sobre la vida personal y sexual de Sandra, afectando su derecho a la justicia en condiciones de igualdad.
La familia siguió la sesión desde el exterior de la Corte, rodeada de cruces y fotos de Sandra y otras víctimas. “Hoy llegará la sentencia máxima que hemos esperado”, dijo su padre, Juan Camacho. Su madre, Nieves Aguilar, añadió: “Lo que él hizo fue una atrocidad… mi hija pedía justicia desde el cielo”.
Acompañados por organizaciones como Justicia, Derechos Humanos y Género A.C. y por la activista Irinea Buendía, los familiares agradecieron el apoyo de los ministros Juan Luis González Alcántara Carrancá (ponente), Jorge Mario Pardo Rebolledo, Margarita Ríos Farjat, Loretta Ortiz Ahlf y Alfredo Gutiérrez Ortiz Mena.
“Le deseo larga vida al asesino, para que cumpla su condena”, expresó Irinea.",2025-09-23,21 de mayo de 2025 16:51,Política,,"""Sandra, justicia para ti"": familiares tras ""fallo histórico"" de SCJN ",https://www.jornada.com.mx/noticia/2025/05/21/politica/sandra-justicia-para-ti-familiares-tras-fallo-historico-de-scjn
,Alonso Urrutia y Alma Muñoz,politica,"México ha cumplido al 100 por ciento con las acciones que el gobierno estadunidense ha solicitado para combatir la plaga del gusano barrenador, se atendieron en horas o máximo en días, porque es de nuestro interés que la campaña funcione bien, no sólo por las exportaciones, sino por la salud de los animales de nuestros ganaderos, afirmó el secretario de Agricultura y Desarrollo Rural, Julio Berdegué. Confió en que el reforzamiento de las medidas permita que en 15 días se abra nuevamente la frontera al ganado mexicano.
Berdegué recordó que esta plaga resurgió en junio de 2023 en Panamá y se movió 3 mil 700 kilómetros hasta atravesar Guatemala. México no tenía responsabilidad en controlar esa plaga cuando estaba al sur de Panamá. Sí tenían responsabilidad nuestros socios estadunidenses, que tienen la única planta que existe en la región para producir las moscas estériles que se necesitan.
Afirmó que estas moscas estériles fungen como una especie de extinguidor para la plaga, por lo que México ha solicitado a Estados Unidos la colaboración técnica a fin de construir una planta productora en Chiapas, sin recibir respuesta.
¿De quién depende esta responsabilidad (de construir la planta en Chiapas)?, se le preguntó a la presidenta Claudia Sheinbaum, quien cedió la palabra a Berdegué mientras la murmuraba fuera de micrófono: sin enojarte, Julio.
Ellos son los que tienen las moscas estériles. Necesitamos la colaboración técnica de Estados Unidos, no la podemos abrir nosotros solamente. Y, además, esa mosca les va a ayudar a ellos, entonces es justo que colaboren con la inversión que se requiere, indicó.
Durante la conferencia presidencial, Berdegué sostuvo que –para aprovechar este plazo de 15 días de restricción en las exportaciones a Estados Unidos– ya sostuvieron una reunión con los gobernadores de las entidades exportadoras de ganado y del sureste del país que están afectados por la presencia de esta plaga. Se acordaron un conjunto de acciones para reforzar el control de la movilización del ganado mexicano.
Anunció que se realizará un barrido desde el Golfo de México hasta el océano Pacífico, de Veracruz hasta Oaxaca y el sur de Guerrero para inspeccionar la totalidad de los ranchos y verificar que no haya presencia de la plaga. Actualmente, cuando se detecta un caso, se aíslan todos los potreros a 20 kilómetros a la redonda para verificar otros casos y en estados del norte a 40 kilómetros.
A pregunta sobre las pérdidas de esta cancelación temporal de las exportaciones del ganado a Estados Unidos, Sheinbaum sostuvo de manera escueta: La exportación de ganado se reanuda en 15 días; entonces, digamos que lo que pudieron haber no obtenido por la exportación en 15 días, pues lo tendrán después, ese es el objetivo.
Al respecto, Berdegué reconoció: todos estos días que estamos sin exportar, por supuesto, hay un efecto en lo cierto, sobre los ganaderos. Ellos no pierden su ganado, eventualmente lo van a poder exportar, pero por supuesto les causa un perjuicio económico, estamos claros que eso es así.
Por eso México está insistiendo que en 15 días se evalúe y se reabra la exportación, porque el país está haciendo 100 por ciento de lo acordado con Estados Unidos durante las reuniones que ha sostenido con la secretaria de Agricultura, Brooke Rollins.",2025-09-23,14 de mayo de 2025 08:17,Política,,Culpa Berdegué a EU de que el gusano barrenador haya llegado a México,https://www.jornada.com.mx/noticia/2025/05/14/politica/culpa-berdegue-a-eu-de-que-el-gusano-barrenador-haya-llegado-a-mexico
,Emir Olivares y Alonso Urrutia,politica,"Ciudad de México.  La presidenta Claudia Sheinbaum Pardo se dijo en desacuerdo con la transmisión en televisión abierta mexicana de un anuncio publicitario de la administración de Donald Trump en contra de los migrantes, pues “tiene contenido discriminatorio muy alto”. Subrayó que tras una reforma a la Ley Federal de Radio y Televisión en el sexenio de Enrique Perla Nieto, se eliminó la prohibición de ese tipo de mensajes de gobiernos extranjeros, por lo que adelantó que enviará una iniciativa el Congreso para volver a retomar dicho impedimento. “Va a ser incluido en la ley. No debe ser: Si una ciudad, un país del mundo quiere promover su turismo o cultura, es una cosa muy distinta a un anuncio pagado que difunde mensajes discriminatorios. Además estaba bien el articulo como estaba planteado (vigente hasta 2014), ya pedí que investiguemos cómo fue que se quitó ese artículo, bajo qué argumentos. Creemos que la soberanía y el respeto a México merece volver a poner este artículo”, planteó a pregunta sobre esos espots. En el anuncio aparece la secretaria de Seguridad Interior de la Casa Blanca, Kristi Noem, donde criminaliza a los migrantes indocumentados y les advierte que serán perseguidos y deportados en caso de tratar de estar de forma irregular en Estados Unidos. En la mañanera, la mandataria federal aclaró que la transmisión de esos mensajes no está prohibida por la reforma en 2014.  “No estamos de acuerdo (con el espot). Fíjense que en 2014, a ver si ponen el artículo que se quitó de la ley en 2014. Había un artículo que se elimina en el periodo de Peña Nieto”. Citó el artículo 256 de la mencionada ley y que fue eliminado en la reforma en el sexenio de Peña Nieto: ""Los concesionarios y permisionarios de radiodifusión y televisión en el país no podrán transmitir propaganda política, ideológica o comercial de gobiernos o entidades extranjeras, ni permitir que los medios de comunicación que operan en su concesión sean utilizados para fines que puedan influir en los asuntos internos del país"".
Sheinbaum también dio a conocer que en días pasados, tras diversas quejas presentadas por consumidores de los canales de televisión abierta, el Consejo Nacional para Prevenir la Discriminación, dependiente de la Secretaría de Gobernación, envió una carta a los concesionarios de los canales donde se ha reproducido el mensaje de Washington para que atiendan que se trata de un contenido discriminatorio y lo quiten del aire; sin embargo, reconoció que hasta ahora no lo han atendido.
Reafirmó que la sugerencia a las televisoras y otros espacios que transmiten el mensaje es que no se siga haciendo.
“Nosotros no estamos a favor de la censura, nunca; pero es muy distinto cuando hay una comunicación de un gobierno extranjero que tiene contenido, considera el Conapred, discriminatorio. La sugerencia es que se retiren estos espots y la modificación a la ley que ya no permitiría que se transmitan.
“La idea es que no se pague. No es lo mismo que un funcionario o servidor público de cualquier gobierno del mundo, en su red social ponga un comunicado que se puede ver en todo el mundo, no censuraríamos algo que sea de una red social de alguien, a que se pague a la red social para pactarlo que se vea en el país”, apuntó.
Insistió que lo que se pide a las plataformas y canales televisivos es que ningún gobierno extranjero pague para promover la visibilidad en México de este tipo de contenidos.",2025-09-23,21 de abril de 2025 08:52,Política,,Deplora Sheinbaum transmisión en televisión mexicana de anuncio de EU contra migrantes,https://www.jornada.com.mx/noticia/2025/04/21/politica/deplora-sheinbaum-transmision-en-television-mexicana-de-anuncio-de-eu-contra-migrantes
,Dora Villanueva,politica,"Ciudad de México.  Cada año, el gobierno federal está obligado a contratar deuda para cubrir intereses y capital de los pasivos del rescate bancario emprendido en el gobierno de Ernesto Zedillo a partir de 1995, de acuerdo con información oficial.
Sólo en 2025, el gobierno federal emitirá 254 mil 400 millones de pesos en deuda para refinanciar los pasivos del Instituto para la Protección al Ahorro Bancario (IPAB), el sucesor del Fobaproa, como parte del esquema que prevalece desde hace más de un cuarto de siglo: endeudar las finanzas públicas para contener las deudas privadas que resultaron de las quiebras de los bancos en la década de los 90.
En particular, en el primer trimestre del año, como parte de esas amortizaciones, el IPAB pagó 107 mil 4 millones de pesos, de los cuales, 80 mil 407 millones fueron a capital y 26 mil 597 millones a intereses, el llamado costo financiero de la deuda, reportó Hacienda en sus últimos informes trimestrales, actualizados esta semana.
Si bien desde agosto de 2022 los usuarios de Cetes Directo –que en su mayoría son pequeños ahorradores– pueden adquirir bonos IPAB, antes de esa fecha sólo los bancos y otros inversionistas institucionales –como las Administradoras de Fondos para el Retiro– eran los principales beneficiarios de los réditos del endeudamiento adicional derivado del rescate bancario.
Bajo este esquema, los mismos bancos que fueron rescatados –aunque ahora sus dueños son otros, la mayoría extranjeros– reciben los intereses generados con los bonos emitidos por el gobierno para el salvamento de hace 30 años.
De acuerdo con informes publicados en diciembre, en 2025 se debía pagar la mayor parte de los pasivos del IPAB –239 mil 163 millones de pesos–, como parte de un horizonte de deuda que vencería en 2031. Sin embargo, justo la estrategia para manejar el hoyo que representa el rescate bancario es seguir emitiendo deuda, a fin de patear hacia adelante la carga fiscal que representa.
De ahí que si bien desde diciembre de 1995 hasta la fecha se han pagado más de 2 billones en intereses –actualizados a precios de marzo de este año–, aún se adeuda más de un billón por el rescate.
Sólo en el primer trimestre de este año, el instituto emitió 55 mil 900 millones de pesos en deuda, de éstos, 36 mil millones en bonos a siete años. Para el segundo trimestre proyecta lanzar otros 55 mil 900 millones, de los cuáles 25 mil 200 millones son con vencimiento proyectado a 2032.
""La estrategia para la administración de la deuda del IPAB está estructurada sobre un mecanismo de refinanciamiento de pasivos"", explica el organismo en su Plan Anual de Financiamiento. Es decir, la dinámica se centra en emitir deuda nueva para pagar la de los 90, mientras sólo se atiende el componente real de su costo financiero.
Por lo pronto, para su operación el IPAB obtiene recursos del presupuesto público, de las cuotas que le entregan los bancos para los seguros de depósitos y de intereses por inversiones. Este 2025 sus ingresos ascienden a 83 mil 400 millones de pesos; la menor proporción, 6 mil 600 millones, viene de intereses por la recuperación de inversiones; apenas 24 mil 400 millones de una tercera parte de las cuotas que deben entregar los bancos y casi el doble –52 mil 500 millones– de recursos presupuestales vía el Ramo 34.
No obstante, los pasivos que vencen este año suman 239 mil 163 millones de pesos, de ahí que desde 2000 la ley faculta al instituto para emitir pasivos con “el único objeto de canjear o refinanciar exclusivamente sus obligaciones financieras, a fin de hacer frente a las de pago, otorgar liquidez a sus títulos y, en general, mejorar los términos y condiciones de sus obligaciones económicas.
Considerando la colocación bruta de 254 mil 400 millones a valor nominal, ""para 2025 se tendría una emisión neta de 15 mil 236.6 millones"", detalló el IPAB.
Esto explica por qué el rescate del Fobaproa dejó de ser deuda de créditos bancarios y se convirtió en pasivo en los mercados financieros. El IPAB reporta que en diciembre de 1999, ""100 por ciento"" de sus obligaciones se concentraban en créditos bilaterales con instituciones de crédito, mientras a octubre de 2024 la totalidad de sus pasivos corresponde a bonos emitidos por el propio organismo descentralizado”.",2025-09-23,02 de mayo de 2025 07:21,Política,,"México vuelve a endeudarse para pagar ""error"" de Zedillo",https://www.jornada.com.mx/noticia/2025/05/02/politica/mexico-vuelve-a-endeudarse-para-pagar-error-de-zedillo
,"Emir Olivares, Alonso Urrutia y Alma E. Muñoz",politica,"Ciudad de México.  Tras la reunión que esta mañana sostuvieron la presidenta Claudia Sheinbaum y el secretario de Estado de Estados Unidos, Marco Rubio, ambos gobiernos dieron a conocer que el entendimiento en materia de seguridad que han alcanzado prioriza la colaboración conjunta para “desmantelar” a los cárteles de las drogas, atender la migración irregular y garantizar una frontera segura.
En un comunicado conjunto, Washington y México reafirmaron su cooperación en materia de seguridad, “la cual se basa en los principios de reciprocidad, respeto a la soberanía e integridad territorial, responsabilidad compartida y diferenciada, así como en la confianza mutua”.
Subrayaron que el objetivo “es trabajar juntos para desmantelar el crimen organizado transnacional mediante una cooperación reforzada entre nuestras respectivas instituciones de seguridad nacional, cuerpos de seguridad y autoridades judiciales”.
Asimismo, acordaron colaborar para “atender el movimiento ilegal (sic) de personas a través de la frontera”.
La cooperación, señalaron, se dará a través de acciones “específicas e inmediatas”, con las cuales se fortalecerá la seguridad a lo largo de la frontera compartida, pretende detener el tráfico de fentanilo y otras drogas ilícitas, y poner fin al paso ilegal de armas.
El gobierno de Trump y de Sheinbaum convinieron que para alcanzar los objetivos en esta materia se establecerá un grupo de implementación de alto nivel, que se reunirá regularmente para dar seguimiento a los compromisos mutuos y las acciones tomadas dentro de sus propios países.
Esto, agregaron, incluirá “medidas para contrarrestar a los cárteles, fortalecer la seguridad fronteriza, eliminar los túneles fronterizos clandestinos, abordar los flujos financieros ilícitos, mejorar la colaboración para prevenir el robo de combustible, incrementar las inspecciones, investigaciones y procesos judiciales para detener el flujo de drogas y armas”.
De acuerdo con los dos gobiernos, la estrecha colaboración que han mantenido “nos ha permitido asegurar la frontera, reducir el tráfico de fentanilo y avanzar en el intercambio de inteligencia, todo dentro de nuestros respectivos marcos legales”.
Expresaron su compromiso por fortalecer aún más la colaboración en materia de salud pública y coordinar campañas para prevenir el abuso de sustancias ilícitas y opioides.
“Ambos gobiernos reafirman su determinación de cooperar, proteger a nuestros ciudadanos y hacer que nuestras comunidades sean más seguras”.
La reunión entre la presidenta Sheinbaum y el secretario de Estado Marco Rubio concluyó al filo de las 11:30 horas, es decir, un encuentro de 90 minutos en Palacio Nacional donde habría formalizado el Programa de Cooperación sobre la seguridad fronteriza y la aplicación de la ley.
De acuerdo a lo que anticipó Sheinbaum en su conferencia matutina, el tema central fueron las acciones bilaterales en materia de seguridad en ambos países, aunque ofreció que abordaría además su preocupación sobre la situación de los migrantes mexicanos en el país del norte; el cierre de la frontera al ganado mexicano debido a la plaga del gusano barrenador y las relaciones comerciales a partir de las modificaciones en la política arancelaria estadunidense.
La mandataria mexicana estuvo acompañada por el canciller, Juan Ramón de la Fuente; la secretaría de Gobernación, Rosa Icela Rodríguez, el secretario de Seguridad y Protección Ciudadana, Omar García Harfuch, así como del jefe de la Unidad para América del Norte de la Secretaría de Relaciones Exteriores, Roberto Velasco, y el titular del Instituto Nacional de Migración, Sergio Salomón.
En estos momentos, Rubio y el canciller Juan Ramón de la Fuente ofrecen una conferencia de prensa conjunta.",2025-09-23,03 de septiembre de 2025 11:37,Política,,Acuerdo en seguridad y migración con respeto a la soberanía y territorialidad; concluye reunión Sheinbaum-Rubio,https://www.jornada.com.mx/noticia/2025/09/03/politica/mexico-y-eu-acuerdan-grupo-de-alto-nivel-para-atacar-a-carteles-de-la-droga
,Georgina Saldierna y Andrea Becerril,politica,"Ciudad de México.  El Senado aprobó la minuta de reforma constitucional que prohíbe el cultivo de maíz transgénico en una sesión en la que Morena le reprocho al PAN la defensa de las empresas trasnacionales, como Monsanto, quienes se han beneficiado de la venta de granos genéticamente modificados.
La iniciativa de la presidenta Claudia Sheinbaum fue avalada en lo general por 97 votos a favor de Morena, PT, PVEM, PRI y MC, y 16 en contra de legisladores panistas que insistieron en que no tiene fundamento científico que el maíz transgénico provoque daños a la salud y la biodiversidad. El decreto fue remitido a los congresos estatales para su análisis y votación.
Casi al final de la larga discusión, el coordinador del blanquiazul, Ricardo Anaya, encendió los ánimos de los morenistas al prácticamente burlarse de ellos, al sostener en base a un libro del secretario de Agricultura del sexenio pasado, Víctor Manuel Villalobos, que no tiene asidero científico sino político que los transgénicos provoquen cáncer.
“No se espanten”, les dijo a los guindas, pues prácticamente todos los alimentos derivados de la agricultura, que consumimos, provienen de organismos genéticamente modificados.
El presidente del Senado, Gerardo Fernández Noroña, bajó de la Mesa Directiva para reprocharle que estaba asumiendo la defensa de Monsanto y otras empresas trasnacionales. Igualmente la senadora Ana Lilia Rivera recordó que el ex presidente Felipe Calderón aceptó los maíces transgénicos y aseguro que no habría contaminación de los nativos, lo que es falso, porque el daño ha sido irreversible.
""Por supuesto que a sus socios no les gusta esta reforma que hoy aprobamos"", agregó la senadora Rivera.
Frente a la postura de priístas y panistas de responsabilizar a los gobiernos de la 4T de abandonar el campo, el senador morenista Félix Salgado Macedonio les preguntó con qué cara y con que autoridad hablan, si son los responsables de haber destrozado al agro, de poner de rodillas a los campesinos y utilizarlos para su beneficio político-electoral.
Al presentar el dictamen, el senador Oscar Cantón Zetina dijo que esta reforma constitucional evitará que la especulación y la biotecnología sin regulaciones provoquen que el acceso a este alimento básico para millones de mexicanos, dependa de monopolios extranjeros. “No podemos estar comprando afuera, a multimillonarios costos, lo que bien sabemos producir en este país”, subrayó.
Señaló además, que se favorece la soberanía alimentaria, porque se defiende el derecho de las futuras generaciones al consumir maíz natural.
El ex gobernador de Guanajuato, Miguel Márquez Márquez, y otros senadores del PAN, demandaron que junto con los maíces nativos, se proteja también a los híbridos o criollos, toda vez que no tienen manipulación genética, se han adaptado a diferentes suelos y climas y hacen más competitivo al campo mexicano.
Salgado Macedonio se mofó de quienes se dicen campesinos, pero “tienen manos de seda y andan muy trajeados”, y el panista le respondió que toda su familia se ha dedicado al agro y el mismo fue migrante.
Después de más de cinco horas se aprobó la reforma a los artículos cuatro y 27 constitucional en los que se establece que “México es centro de origen y diversidad del maíz, que es un elemento de identidad nacional, alimento básico del pueblo de México y base de la existencia de los pueblos indígenas y afromexicanos. Su cultivo en el territorio nacional debe ser libre de modificaciones genéticas producidas con técnicas que superen las barreras naturales de la reproducción o la recombinación, como las transgénicas”.
El coordinador de Morena, Adán Augusto López Hernández, cerró el debate al advertir que iban a aprobar mayoritariamente esa reforma porque su partido y aliados, representan a la mayoría de los mexicanos. “Hay que seguir conservando a nuestro país, no nos vamos a equivocar”.
",2025-09-23,05 de marzo de 2025 22:11,Política,,Senado aprueba minuta que prohíbe el cultivo de maíz transgénico,https://www.jornada.com.mx/noticia/2025/03/05/politica/senado-aprueba-minuta-que-prohibe-el-cultivo-de-maiz-transgenico
,"Jim Cason y David Brooks, corresponsales",politica,"Los nombramientos de Homan y Miller –el segundo aún no anunciado por el presidente electo, pero sí por el vicepresidente electo JD Vance y otros ayer– fueron recibidos como confirmación de que desde su primer día en la presidencia, Trump tiene la intención de empezar a cumplir sus promesas antimigrantes. En un mensaje en la red social X, Trump anunció que Homan se encargará de  la frontera sur, la frontera norte, y toda seguridad marítima y aérea . Además, señaló en su mensaje que Homan  estará encargado de toda deportación de extranjeros irregulares de regreso a sus países de origen .
Homan inició su carrera profesional en la Patrulla Fronteriza y escaló hasta llegar a ser jefe de aplicación de ley y expulsiones durante el gobierno de Barack Obama, quien mucho antes de Trump se ganó el apodo de críticos de  deportador en jefe  por el número elevado de deportaciones y expulsiones de migrantes durante su administración.
Como jefe en funciones de ICE en el primer año y medio de la primera presidencia de Trump, Homan fue el encargado del dramático incremento de deportaciones e implementó la medida de separar por la fuerza a por lo menos 5 mil niños de sus familias inmigrantes. Cuando preguntaron a Homan si había sido el autor de esta medida en una entrevista reciente con CBS News, respondió:  no redacté el memorándum para separar familias. Firmé el memorándum . Al plantearle si esta medida debería de ser considerada otra vez, respondió:  necesita ser considerada, absolutamente . Agregó que tal vez en el próximo gobierno de Trump no necesitaría separar las familias, porque éstas  podrán ser deportadas juntas .
Trump ha prometido la deportación masiva más grande en la historia del país. Pero analistas señalan que implementar tal operación sería muy caro. El American Inmigration Council, en un informe emitido a principios de octubre, calculó que el costo de deportar a unos 13 millones de inmigrantes podría ascender a 968 mil millones de dólares. Pero Trump, en uno de sus primeros comentarios después de su triunfo electoral, repitió que no importa el costo,  se necesita hacer .
El equipo de Trump ya elaboró las órdenes ejecutivas que podrían ser firmadas el 20 de enero de 2025, día en que Trump tomará posesión. Entre estas órdenes se incluyen las de permitir la  expulsión expedita  de indocumentados y restablecer la  emergencia  bajo el llamado Título 42, que también facilita las expulsiones. Miller ha dicho que el nuevo gobierno tiene la intención de restaurar el programa Quédate en México, que obligaría a inmigrantes que solicitan asilo a esperar en dicho país mientras se procesan sus peticiones, aunque expertos dicen que eso requiere la aprobación del gobierno de México.
Algunos indican que será muy difícil implementar estas medidas. Trump ha repetido que está usando de modelo para su propuesta la medida empleada por el presidente Dwight Eisenhower en 1954, que fue la operación de deportación más grande en la historia del país. La Operation Wetback, como se conocía, se implementó por medio de la Patrulla Fronteriza, empleando redadas estilo militar para arrestar, detener y deportar hasta unos 1.3 millones de mexicanos indocumentados. Muchos fueron deportados en vagones para ganado en trenes desde Los Ángeles y otras ciudades a la frontera.
Defensores de derechos inmigrantes como la Unión Estadunidense por las Libertades Civiles (ACLU, por sus siglas en inglés) ya preparan demandas legales para intentar bloquear la implementación de estas medidas, como lo lograron hacer a cierto grado durante el primer gobierno de Trump. Mientras, abogados de inmigración intentan prepararse en lo que uno calificó de  tsunami  para las comunidades inmigrantes en entrevista con  La Jornada  ( https://www.jornada.com.mx/2024/11/08/politica/002n1pol ).
Aunque cabe señalar que aun antes de la llegada de Trump las deportaciones se han incrementado, y de hecho el presidente Joe Biden deportó a más indocumentados en 2023 que Trump en cualquiera de los años de su primer gobierno, lo que se avecina es un ataque antimigrante sin precedente.
Estas medidas, según Miller, también podrían ser acompañadas de planes para anular varios programas de protección temporal para indocumentados. Entre ellos, un programa que ha permitido a solicitantes de asilo provenientes de Cuba, Venezuela, Haiti y Nicaragua ingresar de manera temporal a Estados Unidos mientras se procesan sus casos. Igualmente se está contemplando eliminar el programa DACA, que otorgó la legalización temporal a los llamados  dreamers  –aquellos que como menores de edad fueron traídos a este país por familiares– y otro programa más, de Estatus de Protección Temporaria o TPS, otorgado a inmigrantes de ciertos países considerados peligrosos.
Dos senadores cercanos a Trump, Lindsey Graham y Ted Cruz, también han propuesto modificar las leyes para que a los hijos de inmigrantes indocumentados que nacen en Estados Unidos no les sean otorgada la ciudadanía de manera automática, pero eso requiere de un cambio en la Constitución de Estados Unidos.
Según cuentan los medios, Trump tiene una  sala de situaciones  instalada en su mansión Mar-a-Lago en Florida, donde está evaluando  dossiers  digitales de posibles candidatos para puestos estratégicos en su gobierno. Ahí está acompañado por un grupo reducido que incluye en diferentes momentos al vicepresidente electo JD Vance, y un par de multimillonarios, Elon Musk, dueño de Tesla, X y SpaceX, y Howard Lutnick, jefe de la empresa de servicios financieros Cantor Fitzgerald y quien es copresidente del equipo de transición.
Este equipo también anunció ayer que la diputada federal derechista Elise Stefanik será la embajadora ante la Organización de Naciones Unidas y que el ex diputado federal Lee Zeldin encabezará la Agencia de Protección Ambiental donde desmantelará regulaciones ambientales y promoverá la ampliación de la producción de combustibles fósiles que prometió Trump en la campaña.",2025-09-23,12 de noviembre de 2024 07:18,Mundo,,Deja Trump a 'halcones' la política exterior y fronteras,https://www.jornada.com.mx/noticia/2024/11/12/mundo/deja-trump-a-halcones-la-politica-exterior-y-fronteras-5609
,Laura Poy y Alexia Villaseñor,politica,"Ciudad de México.  Poco antes del mediodía y con un sol a plomo, miles de maestros arribaron a la plancha del zócalo capitalino que permanece ocupada por cientos de casas de campaña multicolores, que se desbordan hasta las calles aledañas como Palma, 20 de noviembre y 5 de febrero.
En el mitin político, que realizan frente a Palacio Nacional, la dirigencia de la Coordinadora Nacional de Trabajadores de la Educación (CNTE) señaló que “no basta” con el anuncio de incremento salarial dado a conocer por el gobierno federal, de un 9 por ciento global para todos los trabajadores de la educación.
Pedro Hernández Morales, secretario general de la sección 9 de Ciudad de México, afirmó que “hoy muy cerca de aquí se está festejando a un sector de los maestros, y se está dando un anuncio de un incremento salarial, pero aquí estamos quienes buscamos recuperar un derecho que nos han quitado en beneficio de todos los trabajadores”.
En cuanto al anuncio de un aumento de 9 por ciento global como incremento a los trabajadores de la educación en el país, dado a conocer por la presidenta Claudia Sheinbaum Pardo en la sede de la Secretaría de Educación Pública (SEP), la maestra Eva Tera, secretaria general de la sección 18 de Michoacán, afirmó que “ese aumento no nos sirve. Con la inflación se diluye, por lo que seguimos exigiendo un incremento de cien por ciento al salario”.
Indicó que en la mesa de negociación con el gobierno federal, “vamos a seguir insistiendo en el derecho a tener un salario digno, y afirmó: el salario de la presidenta, para la maestra”.
Elvira Veleces, secretario general de la sección 14 de Guerrero, afirmó que “nuestras demandas son justas, como abrogación de la Ley del Issste de 2007 y la reforma educativa peñista”. Y recordó que en el gobierno pasado, del presidente Andrés Manuel López Obrador, “sólo se le quitó lo punitivo a esta reforma, y se quedó todo lo demás, como la Unidad para el Servicio de la Carrera de Las Maestros y Los Maestros (Usicamm)”.
Desde aquí, afirmó, le decimos a la presidenta Sheinbaum Pardo, que nuestras demandas “son justas y firmes. Y hemos demostrado que no se está recociendo al magisterio con esos incrementos y apoyos que anuncian. Se trata de que escuchen al magisterio y atiendan las demandas”.
Dirigentes de la CNTE afirmaron que la huelga y el plantón nacional, “es resultado de una amplia consulta a los maestros de base, donde hemos construido un apoyo horizontal para ir por la defensa de nuestros derechos, pero también por preservar una educación pública y laica”.
Pese al intenso calor, miles de maestros permanecen en el mitin político, en el que la dirigencia magisterial reitera su llamado al gobierno federal para establecer cuanto antes una mesa de diálogo.
Filiberto Fraustro, secretario general de la sección 34 de Zacatecas, exhortó a todos los trabajadores del país, a sumarse a esta huelga, y “que paren todos, porque cuando una lucha es justa, es el motor de las transformaciones sociales”.
Luego de concluir el mitin, los dirigentes de la CNTE, anunciaron que por la noche sesionaran en Asamblea Nacional Representativa, donde “haremos un balance de esta histórica jornada de lucha, y definir el plan de acción para los próximos días”.",2025-09-23,15 de mayo de 2025 13:37,Política,,"""No basta"" el aumento salarial del 9 por ciento: CNTE",https://www.jornada.com.mx/noticia/2025/05/15/politica/aumento-salarial-del-9-no-basta-cnte
,Arturo Sánchez Jiménez y Alonso Urrutia,politica,"Expuso en Palacio Nacional que por instrucciones de la presidenta Claudia Sheinbaum Pardo  hay que revisar ese instrumento, para que se continúe, se actualice y reforzar las acciones  que se han tomado a partir del documento para combatir el tráfico ilícito de armas de Estados Unidos a México.
En su rueda de prensa diaria, la mandataria precisó por su parte que las demandas interpuestas en el sexenio del ex presidente Andrés Manuel López Obrador en contra de fabricantes y vendedores de armas en Estados Unidos continúan su curso en los tribunales de ese país y señaló que su gobierno les dará continuidad.
Trevilla Trejo aseguró que durante el gobierno López Obrador  se hicieron esfuerzos muy grandes para que Estados Unidos entendiera que parte del gran problema que tenemos en México de la violencia es producto del armamento que viene de Estados Unidos .
Añadió que en el Entendimiento Bicentenario, y por primera vez en un acuerdo bilateral, se incluyó la necesidad de atender de manera conjunta el tráfico ilícito de armas a México.
Se les hace ver que es necesario que implementen acciones , agregó Trevilla Trejo, quien apuntó que la Sedena y el resto del gabinete de seguridad mexicano recibió instrucciones de Sheinbaum Pardo para  revisar ese instrumento, para que se continúe, se actualice y reforzar las acciones .
Por otro lado, al preguntarle sobre las próximas elecciones presidenciales en el país vecino, la jefa del Ejecutivo afirmó que México trabajará con quien resulte ganador y no tomará partido por la demócrata Kamala Harris ni por el republicano Donald Trump.",2025-09-23,09 de octubre de 2024 07:32,Política,,Sheinbaum ordena revisar el acuerdo de seguridad con EU,https://www.jornada.com.mx/noticia/2024/10/09/politica/sheinbaum-ordena-revisar-el-acuerdo-de-seguridad-con-eu-5513
,Emir Olivares y Arturo Sánchez Jiménez,politica,"""Cuba no vive en paz. Cuba vive en agresión permanente"", afirmó el viceministro de Relaciones Exteriores de la isla, Carlos Fernández de Cossío. La causa, enfatizó, es la política de Washington contra el pueblo cubano, caracterizada por la coerción económica con el bloqueo.
En entrevista con  La Jornada , advirtió que, mientras prácticamente todo el mundo ha sido objeto de amenazas arancelarias por la administración de Donald Trump, hacia Cuba ""la embestida ya está y sólo falta la agresión militar"" para completar el cerco.
De visita en México, alertó de que como nunca antes, los sectores anticubanos en Estados Unidos tienen ahora influencia directa no sólo en el Congreso, sino también en el Ejecutivo, encarnada en la figura de Marco Rubio, secretario de Estado e hijo de inmigrantes cubanos.
Eso les da mayor confianza para movilizar el descomunal poderío que posee Estados Unidos contra Cuba, aseveró Fernández de Cossío, quien ayer se reunió con la subsecretaria para América Latina, Raquel Serur, y otros funcionarios de la Secretaría de Relaciones Exteriores para dialogar sobre migración.
Ante la nueva geopolítica global, con Trump en el poder, advirtió que hay embate de la Casa Blanca contra múltiples países: se ve en Panamá, Groenlandia, Canadá; el foco pueden ser los gobiernos progresistas.
Hay amenazas sobre varios gobiernos, y Estados Unidos intentará, por la fuerza, mediante presiones económicas y otros métodos, influir en los procesos políticos de nuestros países. Venezuela es un país bajo agresión. Es evidente, la región enfrenta esa realidad (...) La ausencia de conflicto bélico no implica vivir en paz. Incluso, dijo, hay presiones a naciones del hemisferio a fin de que adopten medidas para “disminuir ‘la influencia nociva’ de China”.
Con larga trayectoria en la diplomacia, Fernández de Cossío ha sido director para Estados Unidos en la cancillería cubana y es uno de los expertos en política de la isla con Washington. Se ha desempeñado como embajador en Sudáfrica y representante en el proceso de paz entre Colombia y las Fuerzas Armadas Revolucionarias de Colombia.
Consideró que espacios como la Comunidad de Estados Latinoamericanos y Caribeños son claves para crear un contrapeso a Washington. Tiene que ir más allá del esfuerzo declarativo y de la formalidad. Lograrlo no es sencillo.
Retos en migración
–¿Qué retos conllevan para la región las nuevas políticas antimigratorias de Trump?
–Si no se reduce la gran brecha que existe entre los países industrializados y desarrollados y las naciones en desarrollo, es natural que exista un flujo creciente del sur hacia el norte para buscar mejores condiciones de vida. Sucede en África, en Asia y en nuestro continente, donde el flujo es hacia Estados Unidos, sea regular o irregular. La realidad varía de país a país.
–¿Y para Cuba?
–El caso de Cuba es peculiar. Estados Unidos ha aplicado en su contra una dinámica que tanto empuja la migración como la atrae, por vía regular o irregular. La política oficial de Washington es la coerción económica, el bloqueo, dirigido a deprimir y hacer que las condiciones de vida sean lo más difíciles posibles, provoca un impulso migratorio.
Además, desde los 60 se ha privilegiado al inmigrante cubano, independientemente de cómo cruce la frontera, por mar o por tierra; se le asimila, se le da condición de refugiado, se le protege, se le da empleo. Y en adición, existe la Ley de Ajuste Cubano, que implica que sin importar cómo entró, al año de haber llegado a Estados Unidos, el migrante cubano pueda adquirir la residencia. Ningún ciudadano de otro país del mundo tiene ese privilegio. Si Washington no pone fin a esta realidad, el flujo irregular continuará.
–¿Qué piensa de la propaganda estadunidense difundida en medios masivos y plataformas de Internet contra la migración, encabezada por la secretaria de Seguridad Interior, Kristi Noem?
–Es un oportunismo mediático que busca el apoyo de su población. Hacen una criminalización injusta de todos los inmigrantes. En cierta medida, desde sus orígenes la sociedad está polarizada, con prejuicios culturales y raciales. Y a estos políticos no les es difícil intentar estimular esos sentimientos para promover una política de rechazo a los inmigrantes y culparlos de muchos de los problemas: el consumo de la droga, el desempleo, la criminalidad y la polarización social. Si algunos migrantes participan en la criminalidad, en el desorden social, es porque son fenómenos que ya existen en Estados Unidos.
–¿Qué consecuencias hay para Cuba por la escalada arancelaria de Trump?
–En lo comercial ya no golpea a Cuba directamente. Ojalá nos pudieran aplicar mayores aranceles, porque para ello habría que flexibilizar el bloqueo. Este ha sido tan absoluto, que es difícil mencionar algo específico que sea novedoso, pero haber incluido a Cuba en la lista de Estados que supuestamente patrocinan el terrorismo es un factor que desata medidas coercitivas adicionales y extraterritoriales que complican aún más que Cuba adquiera en otros mercados productos y créditos o que tenga relaciones bancarias y financieras con instituciones de terceros países, porque temen ser calificadas de partícipes o cómplices de una nación catalogada como terrorista.
“La comunidad internacional rechaza el bloqueo económico, y es paradójico que en la Asamblea General de Naciones Unidas, los únicos dos Estados que lo defienden son los que sí practican masivamente el terrorismo: Estados Unidos e Israel. La situación de los palestinos es el ejemplo más claro.
Históricamente, Estados Unidos ha pensado que Cuba les pertenece, pero en realidad es una incapacidad para aceptar que Cuba es y tiene derecho a ser un Estado soberano.
Campaña contra brigadas
–¿La campaña contra las brigadas médicas de Cuba está dentro de esas nuevas políticas coercitivas?
–Sí. Desde febrero han amenazado que si los países que tienen programas de cooperación médica con Cuba continúan, sus funcionarios y familiares perderán la posibilidad de viajar a Estados Unidos y sus visas. Hoy alrededor de 60 naciones tienen estos programas que brindan atención a miles de personas. Es un proyecto histórico, por el que Cuba ha sido elogiada por gobiernos, varios secretarios generales de la ONU e incluso un presidente de Estados Unidos (Barack Obama).
La campaña busca dos cosas: desacreditar ese símbolo del éxito de la sociedad cubana, pues una de las prioridades de los sectores anticubanos es no permitir que haya un reconocimiento de que Cuba tiene éxito. Lo segundo es cortar una fuente de ingresos legítima que se obtiene de los convenios con países que tienen una situación más favorable que la nuestra (como México), aunque históricamente se trata de servicios por los que no se ha recibido un centavo.
–¿La nueva geopolítica dictada por Trump conlleva presiones adicionales para el hemisferio?
–Es parte de la conducta hostil e impositiva hacia la región con que se comporta el gobierno estadunidense, y es un reto no sólo para Cuba, sino para la región entera. Hay presiones para adoptar medidas a fin de disminuir la influencia nociva de China. Nos parece absurdo. En una reciente audiencia en el Congreso, mostraron supuestas bases militares chinas en Cuba (antes eran rusas, en la  guerra fría ). Presentaron imágenes de lo que puede ser un campo de futbol o de arroz para decir: Esta es la evidencia de que hay bases militares chinas en Cuba, pero ahí no hubo ni un militar, nadie el Pentágono o de la CIA, de las instituciones que supuestamente deben ser testigos de esto.
Hay una conducta amenazante para tratar de imponer su voluntad en el hemisferio. Lo vimos en Panamá, se ve en Groenlandia, aunque no es parte de la región, y con Canadá. Es un desafío para todos y es peligroso.
–¿Cuáles han sido los errores del régimen revolucionario?
–Fidel Castro dijo una vez que el error más grande fue pensar que alguien sabía cómo construir el socialismo y que sería fácil hacerlo. En Cuba pueden haberse cometido errores puntuales en algunos factores de la política económica, en elementos de la política social, pero es muy difícil juzgarlo si uno pone de lado los retos impuestos por la agresión de una potencia como Estados Unidos.
–¿Son vigentes los ideales de Martí, Fidel Castro y otros personajes?
–Las ideas de Martí, Fidel, Marx, Engels, Lenin y otros marxistas siguen vigentes y siguen siendo el patrón de nuestro pensamiento. El reto que tenemos con la juventud es muy grande, por la incidencia comunicacional con que las grandes corporaciones vienen ejerciendo un monopolio difícil de romper, que sumado a una situación económica muy deprimida, tiene un impacto muy serio y peligroso sobre la población. Trabajamos con eso, lo asumimos como un reto, un desafío muy grande que tiene la sociedad cubana.",2025-09-23,09 de mayo de 2025 08:18,Política,,"Por bloqueo, “Cuba vive en agresión permanente"": Fernández de Cossío",https://www.jornada.com.mx/noticia/2025/05/09/politica/por-bloqueo-cuba-vive-en-agresion-permanente-fernandez-de-cossio
,"David Brooks y Jim Cason, corresponsales",politica,"Nueva York y Washington.,  La noche del pasado sábado agentes federales rodearon a una pareja a la entrada de su edificio en Manhattan, identificaron y esposaron al hombre y se lo llevaron; su esposa, con ocho meses de embarazo, logró ubicar su paradero hasta ayer en un centro de detención de inmigrantes.
El arresto es sólo el primero de muchos que vendrán, confirmó el presidente Donald Trump este lunes, mientras su gobierno se prepara para revisar las acciones y comunicaciones de unos 100 mil estudiantes extranjeros más en protestas ilegales contra el genocidio de palestinos por Israel y Estados Unidos.
Pero la amenaza de represión política no se limita al tema de Israel, sino que ya se está empleando contra todo tipo de opositor o crítico del presidente y su gobierno, desde otros políticos, medios, miles de servidores públicos, burócratas, fiscales, federales, agentes de la FBI e incluso militares.
El arresto de Mahmoud Khalil, inmigrante con tarjeta verde de residente, casado con una ciudadana estadunidense, es el primero realizado por el gobierno de Trump contra participantes en protestas ilegales a las que caracteriza de pro Hamas y antisemitas, cumpliendo con su amenaza de que los estudiantes y otros extranjeros serán deportados y ciudadanos serán expulsados de sus universidades y hasta encarcelados.
Khalil, de 30 años, era estudiante de posgrado de la prestigiada Universidad de Columbia, donde fue uno de los líderes de mayor perfil en las protestas estudiantiles contra la complicidad estadunidense en la guerra de Israel contra Gaza el año pasado. Según su abogada, los agentes federales afirmaron que su visa había sido anulada por el Departamento de Estado –la legalidad de eso será sujeta a una diputa–, y fue hasta ayer cuando se logró ubicarlo en un centro de detención a más de mil 500 kilómetros de esta ciudad, en Luisiana. Hasta ahora no se aclara de qué delitos está acusado.
Trump, en su plataforma social Truth Social, pareció confirmar que fue algo que autorizó personalmente, y advirtió que sólo es el inicio. Sabemos que hay más estudiantes en Columbia y otras universidades del país que han participado en actividades pro terroristas, antisemitas y antiestadunidenses, y el gobierno de Trump no lo tolerará. Acusó que muchos no son estudiantes, sino agitadores pagados, y advirtió: encontraremos, detendremos y deportaremos a estos simpatizantes terroristas de nuestro país, y nunca regresarán.
Desde su campaña, Trump había identificado a manifestantes contra la guerra de Israel y la complicidad de Washington como antisemitas y en apoyo de Hamas, grupo que ha sido designado terrorista.
La Unión por las Libertades Civiles de Nueva York calificó el arresto de ataque extremo contra los derechos de libertad de expresión, y afirmó que la detención ilegal de Khalil apesta a macartismo.
El arresto fue precedido por el anuncio, la semana pasada, de que el gobierno de Trump estaba ordenando la cancelación de más de 400 millones en fondos federales a Columbia por, según ellos, el fracaso de la institución de controlar el antisemitismo en su campus.
Otras universidades ya están sufriendo recortes de apoyos federales para programas de ciencias y más ordenados por el gobierno de Trump, y ayer la Universidad Harvard anunció el congelamiento de contratación de empleos ante la incertidumbre provocada por posibles acciones del gobierno en su contra. “Todo financiamiento federal será frenado para cualquier  college , escuela o universidad que permita protestas ilegales”, declaró Trump en redes sociales hace una semana.

Como parte de este esfuerzo, el secretario de Estado, Marco Rubio, está encabezando un esfuerzo para emplear inteligencia artificial con el fin de examinar las actividades cibernéticas de decenas de miles de jóvenes extranjeros con visas de estudiantes que sospecha de actividades políticas ilegales, incluyendo el apoyo de agrupaciones terroristas, informaron fuentes a Axios.
Algunos observadores opinan que el gobierno de Trump está jugando con debilitar lo que considera bastiones críticos y sitios de posible disidencia, incluyendo universidades.
Contra toda disidencia
Pero no sólo son estudiantes internacionales, sino cualquier extranjero que amenaza nuestra seguridad nacional y promueve ideología odiosa, según establece una orden ejecutiva emitida el 20 de enero, primer día de esta presidencia.
La represión no sólo es contra enemigos externos también es contra estadunidenses, incluso quienes están dentro del propio gobierno. Trump continúa con una purga del gobierno federal, incluyendo a cualquiera que se haya atrevido a investigarlo. En sus primeros días, Trump y sus subordinados cesaron a todos los fiscales federales y agentes de la FBI en el país que de alguna manera habían trabajado en investigaciones federales contra el ahora mandatario. Desde entonces, también corrió al jefe del Estado Mayor –o sea, el oficial miliar de mayor rango del país– para sustituirlo con otro, al igual que ha logrado expulsar del gobierno a funcionarios que supervisan comportamiento ético de los burócratas que estaban a cargo de controlar la corrupción, como los inspectores generales, en varias dependencias, empezando con el Departamento de Justicia, del Tesoro y otros.
Políticos, entre ellos gobernadores, legisladores y alcaldes que defienden programas de inclusión y diversificación racial o ciudades  santuarios  se encuentran bajo ataque público y por nombre por el presidente y su equipo.
Académicos y comentaristas cuentan sobre la intimidación que sienten bajo el nuevo régimen en Florida, comentó a  La Jornada  un reconocido académico, varios de sus colegas ya no participan en ciertos foros o interacciones públicas por temor a las consecuencias para sus instituciones y hasta personales.
Los medios, siempre calificados de enemigos del pueblo por Trump, desde su primera campaña electoral, siguen bajo presión de su gobierno, y algunos dueños buscan quedar bien, como Jeff Bezos, del  Washington Post , quien giró órdenes de que la sección de opinión se limitara sólo a los temas de libertades individuales y el mercado libre; el jefe de esa sección renunció en protesta; también lo hizo ayer la veterana columnista Ruth Marcus, cuando su jefe censuró su entrega más reciente, en la cual criticaba la decisión de Bezos.
“Cuando ves a actores sociales importantes –sean rectores universitarios, medios, ejecutivos en jefe, alcaldes o gobernadores– cambiando su comportamiento para evitar la ira del gobierno, es una señal de que hemos cruzado la línea a algún tipo de autoritarismo”, comentó el profesor Steven Levitsky, de Harvard, coautor del libro  Cómo mueren las democracias , en entrevista con el  New York Times .
Muchos observadores advierten que todo esto tiene tonos macartistas. Vale señalar que el primer mentor de Trump cuando era joven fue nadie menos que Roy Cohn, mano derecha del senador Joe McCarthy.",2025-09-23,11 de marzo de 2025 07:46,Mundo,,Gobierno de Trump aumenta la represión política,https://www.jornada.com.mx/noticia/2025/03/11/mundo/gobierno-de-trump-aumenta-la-represion-politica
,Braulio Carbajal,politica,"El valor del intercambio comercial de México con Estados Unidos alcanzó un nivel sin precedente en el primer bimestre del año, con lo que el país se consolidó como el principal proveedor de mercancías a la mayor economía del mundo, revelaron datos oficiales de Washington.
La información fue divulgada un día después de que la administración del presidente Donald Trump impuso aranceles recíprocos a más de medio centenar de naciones, en una medida que excluyó a los socios del tratado de América del Norte.
El intercambio comercial –la suma de exportaciones e importaciones– de México se mantuvo por encima de China y Canadá, segundo y tercer socios de Estados Unidos, respectivamente, de acuerdo con datos de la Oficina del Censo del Departamento de Comercio estadunidense, actualizados este jueves.
Entre enero y febrero de 2025, México exportó mercancías a Estados Unidos por 83 mil 317 millones de dólares, lo que representó un crecimiento de 6.4 por ciento respecto al mismo periodo de 2024, de acuerdo con la información oficial.
De esta forma, México se mantuvo como el principal proveedor de mercancías hacia Estados Unidos, al quedar por encima de los 73 mil 263 de Canadá y 73 mil 275 millones de dólares de China.
En lo que se refiere a las importaciones de México desde EU, éstas se colocaron en 54 mil 700 millones de dólares en los dos primeros meses de 2025, lo que significa que la relación bilateral entre ambas naciones, sumando exportaciones e importaciones, alcanzó 138 mil millones de dólares.
Dicha cantidad representó 14.7 por ciento de todo el comercio global de Estados Unidos, que en los dos primeros meses del año ascendió a 704 mil 800 millones de dólares. Detrás de México quedó Canadá, con un intercambio comercial con EU de 128 mil 900 millones de dólares, equivalente a 13.7 por ciento del total; mientras en tercero quedó China, con 93 mil 600 millones de dólares, igual a 10 por ciento.
Con más de un punto de diferencia, México se ha consolidado como el principal socio comercial de Estados Unidos, puesto en el que lleva más de un año, superando a Canadá, que previamente le había quitado el lugar a China, que desde finales de la década pasada se enfrasca en una guerra comercial con los estadunidenses.
En lo que se refiere únicamente a febrero, primes mes completo del presidente Donald Trump, quien tomó el cargo el 20 de enero pasado, las cifras de la Oficina del Censo indican que las exportaciones de México a ese territorio fueron 41 mil 638 millones de dólares, lo que implicó un aumento de 3.5 por ciento frente a los 40 mil 244 millones de dólares de igual mes del año pasado.
Las ventas de febrero a EU fueron las más altas para un mismo mes desde que existen registros, es decir, 1985, y se dieron en un contexto en el que EU amenazó constantemente a México con imponer aranceles, mismos que ya se concretaron con 25 por ciento en lo que respecta al sector automotriz, al acero, al aluminio y a sus derivados, entre ellos a la cerveza, el principal producto agroalimentario de México.
Al tomar en cuenta sólo febrero, México también es el principal socio comercial de Estados Unidos, con un intercambio bilateral de 68 mil 400 millones de dólares, que equivale a 15 por ciento del comercio global de los estadunidenses. Atrás quedaron Canadá con 63 mil 200 millones de dólares (13.9 por ciento del total) y China, con 42 mil 100 millones de dólares, (9.2 por ciento del total).",2025-09-23,04 de abril de 2025 07:21,Política,,"Comercio entre México y EU, en niveles récord pese a Trump",https://www.jornada.com.mx/noticia/2025/04/04/politica/comercio-entre-mexico-y-eu-en-niveles-record-pese-a-trump
,Fernando Camacho Servín,politica,"La reforma que se aprobó en el Congreso de la Unión para eliminar el nepotismo electoral y la posibilidad de que una persona se relija de forma consecutiva en el mismo cargo no alcanza para terminar con un sistema aún vigente en México, que le ha permitido a políticos de todos los partidos saltar de un puesto público al otro –en particular en el Poder Legislativo–para construir carreras que han durado décadas.
En la actual composición de la 66 Legislatura en San Lázaro, hay parlamentarios que en total han permanecido más de 20 o 30 años en diversos puestos, ya sea en el Senado, la Cámara de Diputados o los Congresos locales, ya que la ley les permite terminar un periodo en alguna de esas instancias y ser postulado inmediatamente a otra.
De esta manera, es común ver que una persona que termina su periodo como diputado federal, por ejemplo, puede ser lanzado después como candidato a senador o parlamentario local, y al terminar ese encargo se convierte nuevamente en diputado. Lo anterior ha dado lugar a que diversos personajes se hayan enquistado en el sistema político nacional.
Uno de los que más tiempo ha durado como parte de este vaivén legislativo es el morenista Ricardo Monreal Ávila, presidente de la Junta de Coordinación Política en San Lázaro, quien al término de su actual encargo acumulará 30 años como diputado (cuatro periodos, contando el actual) y senador (tres periodos), según datos del Sistema de Información Legislativa.
A lo anterior, habría que sumarle los seis años que fue gobernador de Zacatecas (1998-2004) y los dos que se desempeñó como titular de la alcaldía Cuauhtémoc en la Ciudad de México (del 1º de octubre de 2015 al 13 de diciembre de 2017), por lo que al término de la 66 Legislatura Monreal habrá permanecido como alto funcionario un total de 38 años, que es el registro más alto en este ámbito.
De esta forma, el coordinador de la bancada guinda en San Lázaro ha rebasado a otros políticos que también supieron aprovechar la posibilidad de ir y volver dentro del Poder Legislativo, como el líder sindical Blas Chumacero (PRI, 30 años), el ex gobernador nayarita Emilio González Parra (30 años) y el ex gobernador de Campeche Carlos Sansores Pérez (24 años), padre de la actual mandataria de ese estado, Layda Sansores.
Además de Monreal Ávila, en la actual conformación de la Cámara de Diputados hay varios políticos que también han logrado construir carreras legislativas largas. El segundo lugar, después del zacatecano, lo ostenta el también morenista José Narro Céspedes, quien en 2027 acumulará 24 años como parlamentario.
En la coalición de los partidos de mayoría también figuran Napoleón Gómez Urrutia (Morena, 18 años), Leonel Godoy Rangel (Morena, 18 años), Carlos Alberto Puente Salas (coordinador de la bancada del PVEM, 15 años), Eruviel Ávila Villegas (PVEM, 15 años), Sonia Rincón Chanona (Morena, 15 años) y Fernando Castro Trenti (Morena, 15 años).
Por el lado del PT, Pedro Vázquez, Reginaldo Sandoval, Magdalena Núñez, Ricardo Mejía Berdeja y Roberto Albores Gleason acumulan 12 años cada uno.
En el PRI, los diputados con más tiempo de permanencia en el Poder Legislativo son Marcela Guerra Castillo (21 años) y Rubén Moreira (coordinador del grupo parlamentario tricolor, 12 años), además de Yericó Abramo Masso, Víctor Samuel Palma César e Israel Betanzos Cortés (cada uno con nueve años).
Por el PAN se encuentran Kenia López Rabadán (18 años), Federico Döring (18 años), Germán Martínez Cázares (15 años), Julen Rementería del Puerto (15 años), Margarita Zavala (12 años) y José Manuel Hinojosa Pérez (seis años).
En MC, la coordinadora de la bancada, Ivonne Ortega (16 años) y Claudia Ruiz Massieu (15 años).
Con la actual reforma que se aprobó en el Congreso, que entrará en vigor cuando se publique en el  Diario Oficial de la Federación , se impedirá a partir de 2030 la relección consecutiva.",2025-09-23,09 de marzo de 2025 08:40,Política,,Reforma antirrelección no impide que políticos salten de cargo en cargo,https://www.jornada.com.mx/noticia/2025/03/09/politica/reforma-antirreleccion-no-impide-que-politicos-salten-de-cargo-en-cargo
,Laura Poy y Alexia Villaseñor,politica,"Ciudad de México.  La Coordinadora Nacional de Trabajadores de la Educación (CNTE) definirá esta tarde, en su Asamblea Nacional Representativa (ANR), el rumbo de la huelga nacional.
Luego que la noche de ayer la sección 22 de Oaxaca aprobara un ""retiro táctico"" de la jornada de lucha y del plantón, instalado desde el pasado 15 de mayo en el Zócalo capitalino, integrantes de la dirigencia magisterial señalaron que ""se hará un balance de fondo de la lucha, y se pondrá a consideración de la base si es momento de una pausa para reorganizar el movimiento"".
Señalaron que de aprobarse esta determinación sobre la jornada de lucha, se prevé convocar a una manifestación masiva, previo al levantamiento del plantón nacional en la Plaza de la Constitución, a fin de ""tener un retiro unitario de todos los contingentes, y dar las condiciones para un regreso seguro a los estados"".
Fuentes del magisterio disidente confirmaron que hoy continuarán las acciones de protesta en diferentes puntos de la capital del país, previo a la definición que determine en su máximo órgano de decisión.
Las secciones 9, 10, 11 y 60 de la Ciudad de México convocaron a una marcha de la estación Revolución, del Metro, a la sede del Instituto de Seguridad y Servicios Sociales de los Trabajadores del Estado (Issste), donde también se encuentran las oficinas de Pensionissste.
En tanto, profesores de la sección 22 de Oaxaca informaron que realizarán una concentración y mitin en el primer cuadro de la ciudad, mientras que el resto de los contingentes, movilizados también, tendrán actividades de protesta.",2025-09-23,05 de junio de 2025 07:59,Política,,"Hoy define CNTE el rumbo de la huelga nacional, pero anuncia marchas",https://www.jornada.com.mx/noticia/2025/06/05/politica/hoy-define-cnte-el-rumbo-de-la-huelga-nacional
,"Enrique Méndez, Enviado",politica,,2025-09-23,10 de febrero de 2025 07:12,Política,,"Denuncian en Oaxaca corrupción, nepotismo y violencia",https://www.jornada.com.mx/noticia/2025/02/10/politica/denuncian-en-oaxaca-corrupcion-nepotismo-y-violencia-2317
,"Gustavo Castillo, The Independent, Ap y Afp",politica,"Nueva York . Dos personas murieron y otras dos se encuentran en estado crítico tras el accidente que sufrió este sábado el buque escuela mexicano  Cuauhtémoc  al chocar contra el puente de Brooklyn, informó el acalde de Nueva York, Eric Adams.
""De las 277 personas a bordo, 19 sufrieron heridas, 2 de las cuales siguen en estado crítico y otras 2 tristemente murieron a causa de las heridas"", explicó Adams en la red social X.
La Marina mexicana había informado previamente de 22 tripulantes lesionados, tres de ellos con ""heridas de consideración"".
Tras el incidente Secretaría de Marina reportó que ""derivado del percance, se cuenta con un reporte oficial de 22 tripulantes lesionados, 19 están recibiendo atención médica en hospitales locales de los cuales tres presentan heridas de consideración"".
La institución naval indicó que ""ningún elemento cayó al agua, por lo que no fue necesaria la activación de la operaciones de rescate"".
Asimismo, refirió a través de la cuenta de ""X"" que la Semar ""mantiene coordinación estrecha con pesonal de la SRE, el embajador de México en Estados Unidos y el alcalde de Nueva York , así como autoridades de esa ciudad, están brindando atención oportuna al personal y asgurando el binestar de la tripulación"".
El alcalde de la ciudad de Nueva York, Eric Adams, confirmó que 19 personas resultaron heridas en el accidente, cuatro de ellas de gravedad, pero que el puente de 142 años de antigüedad no sufrió daños importantes. La causa del choque se encuentra bajo investigación.
El diario  The Washington Post  informó que al menos tres personas fueron trasladadas al hospital en estado crítico, mientras que varias otras sufrieron heridas graves, según un portavoz del Departamento de Bomberos de la Ciudad de Nueva York, que está a cargo de las tareas de búsqueda y rescate junto con el Departamento de Policía de Nueva York.
Al parecer, el barco chocó contra algún tipo de andamio o pórtico en la parte inferior del puente, que se puede ver balanceándose tras el impacto. Aún no se sabe si hay víctimas, pero se pueden ver escombros cayendo hacia la cubierta del barco, incluyendo partes de los mástiles, luces y aparejos. Las velas no estaban izadas en ese momento.

El  Cuauhtémoc  zarpó hacia el puerto de Nueva York el martes con docenas de cadetes navales de pie en los mástiles, mientras otros vestidos con atuendos tradicionales mexicanos esperaban cerca.
Una gran bandera mexicana ondeaba en la popa del buque cuando ocurrió la colisión.
Accidente, durante maniobra para zarpar: Marina
El buque insignia de la Secretaría de Marina-Armada de México, también denominado El Caballero de los Mares, sufrió daños considerables cuando realizaba maniobras de zarpe en el muelle de Brooklyn, en Nueva York, lo que llevará a la suspensión de su travesía internacional.
De manera oficial la Semar informó a través de su cuenta de X (antes Twitter) que “durante la maniobra de zarpe del Velero Cuauhtémoc en Nueva York, se registró un percance con el Puente de Brooklyn que provocó daños al Buque Escuela, impidiendo por el momento la continuación del crucero de instrucción”.


El Buque Escuela Velero inició el crucero de instrucción en el que participan 150 cadetes y 127 elementos en el viaje denominado “Consolidación de la Independencia de México 2025”, el pasado 6 de abril cuando partió del puerto de Acapulco.
La nave visitó los puertos de Kingston, Jamaica; La Habana, Cuba; Cozumel, México y Nueva York, Estados Unidos, a donde permaneció cuatro días, y al partir de este último, ocurrió el percance.
Hasta el momento se encuentra suspendida la travesía que se realizaría a los puertos de Reikiavik, Islandia; Bordeaux, Saint Malo y Dunkerque, Francia; Aberdeen, Escocia; Kristiansand, Noruega; Esbjerg, Dinamarca; Bremenhaven, Alemania; Ámsterdam y Rotterdam, Holanda; Amberes, Bélgica; Londres, Reino Unido; Avilés, España; Bridgetown, Barbados; Cozumel, Progreso y Veracruz, México, para un recorrido que debía realizar en 254 días, 170 navegando y 84 en puerto.
Durante su estadía en cada puerto el buque Cuauhtémoc tiene la misión de “exaltar el espíritu marinero, fortalecer la educación naval y llevar el mensaje de paz y buena voluntad del pueblo mexicano a los mares y puertos del mundo”.
Tras el incidente, la Semar señaló que ""derivado del percance, se cuenta con un reporte oficial actualizado de 22 tripulantes lesionados, de los cuales 11 están diagnosticados como delicados y nueve estables. Lamentablemente dos de los tripulantes que estaban graves fallecieron a causa de las lesiones"".",2025-09-23,17 de mayo de 2025 19:57,Política,,Choque de buque ‘Cuauhtémoc’ en NY deja 2 muertos y 19 heridos,https://www.jornada.com.mx/noticia/2025/05/17/politica/choca-buque-escuela-cuauhtemoc-contra-puente-de-brooklyn-en-nueva-york
,Néstor Jiménez,politica,"En el país no hay una cifra real sobre los desaparecidos, señaló la Secretaria de Gobernación, Rosa Icela Rodríguez Velázquez, quien explicó que ese es uno de los motivos de las reuniones que inició esa dependencia con colectivos de buscadores de personas desaparecidas. Detalló que al momento son 145 colectivos registrados y tan sólo este lunes se reunirá con 26 de ellos, todos de Jalisco.
Con las reuniones buscan recoger sus ideas, establecer nuevos programas y acciones, y si tenemos que mejorar, si tenemos que reforzar, si tenemos que sumar, si tenemos que corregir, lo vamos a hacer, sin ningún tema, expuso en entrevista con  La Jornada .
La víspera de la primera de las reuniones que encabezará Rodríguez Velázquez este lunes en la sede de la dependencia en Bucareli, subrayó que las iniciativas legislativas presentadas por la presidenta Claudia Sheinbaum, con las que se propone modificar la Ley General en Materia de Desaparición Forzada de Personas, Desaparición Cometida por Particulares y el Sistema Nacional de Búsqueda de Personas, se mantendrán en pausa hasta concluir este proceso para incorporar las propuestas.
Sobre el anuncio del Comité contra la Desaparición Forzada (CED, por sus siglas en inglés) de la Organización de Naciones Unidas (ONU), con el que dio a conocer que solicitará información al país tras reportes en los que se argumenta supuesta desaparición forzada de manera general o sistemática, apuntó que el caso de México no estaba en la lista de temas a abordar en la sesión de ese organismo y aclaró que hasta el momento el gobierno federal no ha sido enterado de alguna investigación.
Tras llamar a que no haya especulaciones, dijo: creo que los funcionarios de Naciones Unidas tienen que ser muy responsables antes de hacer una acusación sin pruebas. Además, rechazó cualquier señalamiento que se haga desaparición forzada por parte del gobierno.
Desde la semana pasada, el subsecretario de Derechos Humanos, Arturo Medina, comenzó los primeros acercamientos para aterrizar una metodología para los encuentros.
Por método, se van a hacer mesas de trabajo. Y se van a escuchar y se van a sistematizar las respuestas. Todo lo que ellos tengan para hacer un documento que pueda ser de conocimiento de todas las autoridades, que es lo que ellos están planteando. Tenemos por obligación estar en las mesas, estar escuchando, oírlas, por lo menos de oír de mi parte todas las conclusiones del trabajo, expresó Rodríguez Velázquez.
Reconoció que varios gobiernos estatales no proporcionan la información necesaria en este tipo de casos, ya que no es obligatorio. Entonces, necesitamos una ley más fuerte, más firme para que obligue a todas las instancias a colaborar; entonces, ahora la legislación que viene con una cuestión de obligatoriedad para los servidores públicos y de sanción también, para aquellos que no cumplan.

Parte de los objetivos de la iniciativa, recordó, es crear un único registro nacional con un mismo banco de datos, establecer un sistema de identificación para todas las personas y garantizar que 66 entidades de distintos niveles de gobierno mantengan una coordinación permanente, para resolver las inconsistencias que hay en el actual registro.
Creemos que hay muchas personas que no levantan una denuncia por desconfianza en las autoridades, pero creemos también que hay muchas personas que suben un nombre, porque se les desapareció el familiar, y después cuando aparece no lo bajan. Entonces, hay que hacer una constante búsqueda, una constante indagación para que, verdaderamente, las autoridades se vayan a la investigación de aquellas personas que están desaparecidas, porque hoy por hoy, no hay una cifra real sobre los desaparecidos en México. Ahí está un registro que tiene muchas inconsistencias.
Debido a ello, añadió, todos los días crecen las cifras, pero no las carpetas de investigación.
Lo importante es hacer las indagatorias, hacer las investigaciones, independientemente de las cifras, pero es necesario que quede un padrón verídico, un padrón real. No se vale ni esconder las cifras, pero tampoco aumentarlas; entonces debe ser el real, lo que es la realidad del pueblo, de las entidades, de los lugares, y evidentemente que lo que menos como autoridad debes hacer es negar los hechos porque estarías desautorizando a las víctimas.
Frente a este delito, Rodríguez Velázquez convocó a las autoridades de los distintos niveles de gobierno a asumir el reto con seriedad y empatía ante el dolor de las familias. Yo sí pienso en la parte que significa para cualquier víctima, la desaparición de una persona, de un ser querido, y yo pues dejaría de ser madre, para no sentir, para no empatizar con las víctimas, recalcó.
En referencia al procedimiento del Comité contra la Desaparición Forzada, Rodríguez Velázquez indicó que “el asunto sobre temas de México no estaba enlistado en los puntos que tenía que atender el comité… de pronto sale el presidente a decir que tenían información; el gobierno de México hasta el momento no ha sido enterado de que haya ninguna investigación”, esto a pesar de que, “cuando se decide hacer una indagatoria es porque, por lo menos se tienen datos, o se ha pedido información al Estado miembro.
El gobierno mexicano rechaza tajantemente cualquier acusación que se haga de desaparición forzada, que se considera cuando los gobiernos desaparecen a las personas, como ocurría antes aquí en México, pero no es el gobierno actual, ni el anterior, reiteró, y agregó que si hay desaparición de personas, son por delincuentes, no es por una cuestión sistemática de nuestro gobierno.
La dependencia habilitó el correo electrónico  [email protected] , con el que los colectivos interesados en participar en estas mesas de trabajo pueden solicitar su registro.",2025-09-23,07 de abril de 2025 07:05,Política,,Gobernación: no existe en México una cifra real de desaparecidos,https://www.jornada.com.mx/noticia/2025/04/07/politica/gobernacion-no-existe-en-mexico-una-cifra-real-de-desaparecidos
,Néstor Jiménez y Emir Olivares,politica,"Ciudad de México.  La presidenta Claudia Sheinbaum Pardo aclaró que no hay algún acuerdo que se haya firmado entre el gobierno mexicano y la Administración de Control de Drogas de Estados Unidos (DEA), y pese a que dicha agencia estadunidense anunció el lunes el lanzamiento de una iniciativa conjunta con el gobierno de México, al que llamó  Proyecto Portero , la mandataria enfatizó que el único acuerdo que se trabaja con el país vecino es el que está por firmarse.
“No sabemos por qué emitieron ese comunicado”, agregó Sheinbaum Pardo, quien dejó en claro que “nosotros no validamos algo que se emita por parte de una institución de Estados Unidos que no se haya preguntado al gobierno de México”.
Desde el inicio de su conferencia de prensa matutina de este martes, y sin pregunta de por medio, la jefa del Ejecutivo federal clarificó la información que fue anunciada ayer por la DEA por medio de un comunicado.
“Yo quiero hacer una aclaración: el día de ayer emitió la DEA un comunicado diciendo que hay un acuerdo con el gobierno de México para una operación, que llaman  Portero . No hay ningún acuerdo con la DEA. La DEA emite el comunicado, no sabemos con base en qué, nosotros no hemos llegado a un acuerdo, con ninguna de las instituciones de seguridad con la DEA”.
Detalló que “lo único que hay un grupo de policías de la Secretaría de Seguridad y Protección Ciudadana que estaban llevando un taller en Texas, es todo lo que hay. No hay nada más”.
Además, en materia de seguridad, “lo único que hay con el gobierno de Estados Unidos, es un acuerdo que lleva varios meses trabajando, que está prácticamente listo con el Departamento de Estado de Estados Unidos y del gobierno de México quien ha coordinado es la Secretaría de Relaciones Exteriores”.
Sobre el acuerdo que está por firmarse, explicó que se basa fundamentalmente “en la soberanía, la confianza mutua, el respeto territorial, es decir, que cada quien opera en su territorio, y la colaboración sin subordinación. Esos son los cuatro principios"".
Añadió que ese acuerdo incluye una serie de planteamientos en materia de seguridad, e insistió: “Es el único acuerdo, evidentemente hay comunicación con el comando norte, con Marina y con Defensa, comunicación con algunas de las agencias de manera forma, Seguridad Pública, con Defensa, con Marina, con Guardia Nacional, pero no hay ningún acuerdo para una operación que se haya acordado recientemente con la DEA”.
Tras apuntar que “cualquier comunicación conjunta se hace de manera conjunta”, recordó que la relación con los agentes de las agencias de Estados Unidos está marcada por la Constitución, con una reciente reforma en esta materia, así como la Ley de Seguridad Nacional.
De acuerdo con el comunicado de la DEA, esa agencia lanzaría una iniciativa conjunta con México para desmantelar las redes de tráfico de drogas que utilizan los cárteles, y a las cuales responsabilizó de “inundar las comunidades estadunidenses con drogas sintéticas mortales”.
Momentos después, la presidenta Sheinbaum Pardo precisó que al taller en Texas al que invitaron a elementos de la Secretaría de Seguridad y Protección Ciudadana asistieron sólo cuatro elementos.
Relató que el comunicado de la DEA lo conoció hasta que se hizo público. “Cuando vi el comunicado dije, no vaya a ser que yo esté equivocada, voy a hablar con el Secretario de Seguridad, que haya habido alguna firma particular adicional con esta agencia… (y respondió) no; por favor vamos a preguntarle al Fiscal General de la República si había algo especial, no; a la Defensa o a la Marina, no”.
Sheinbaum Pardo descartó que se afecte la relación bilateral con el país vecino por el comunicado de la DEA. “No tiene por qué, lo único que nosotros siempre vamos a pedir pues es respeto. Entonces si va a informar algo relativo con México que es parte del tema de seguridad, lo que pedimos es que sea en el marco de la colaboración que tenemos, y no información que no es exacta… No pasa nada, pero hay que aclararlo. La relación sigue, no hay problema, hay coordinación, hay colaboración, está el marco de la firma que vamos a hacer, pero tenemos la obligación de aclarar”.
¿Pedirá explicación al gobierno de Estados Unidos?, se le preguntó.
-Lo va a hacer Relaciones Exteriores a través de la embajada de Estados Unidos aquí, decir, por qué se publicó esto sin el conocimiento del gobierno de México.
Expuso que el gobierno de México hace acuerdos con el gobierno de Estados Unidos, ya que es el mismo nivel. Se hace a través de la Secretaría de Relaciones Exteriores, o con el Secretario de Economía, pero “no hay un operativo que particular que tenga que ver con esto, hay un antecedente del nombre de un operativo de este tipo y  fue un acuerdo a principios de 2020, o algo así, pero ni siquiera después avanzó”.
Contrastó que en los gobiernos anteriores al de Andrés Manuel López Obrador, la colaboración era “muy injerencista, particularmente en el periodo de Calderón, donde incluso la DEA operaba en México directamente con las fuerzas de seguridad de nuestro país, eso cambió con el gobierno del presidente López Obrador, y también hubo desencuentros con algunas de las agencias, particularmente con la DEA, que todo mundo lo conoce”.
No obstante, reiteró que con Estados Unidos y con otros países siempre ha habido colaboración.",2025-09-23,19 de agosto de 2025 08:09,Política,,Desmiente Sheinbaum acuerdo entre México y la DEA,https://www.jornada.com.mx/noticia/2025/08/19/politica/desmiente-sheinbaum-acuerdo-entre-mexico-y-la-dea
,Emir Olivares Alonso,politica,"Las nuevas dinámicas en la política migratoria de Estados Unidos representan un desafío para México y la región. En casi dos meses de la administración de Donald Trump han sido deportados cerca de 25 mil mexicanos, cifra equivalente a 12.5 por ciento del total de paisanos repatriados en todo 2024 (poco más de 200 mil), señalaron expertos.
Durante la apertura del  Foro Internacional sobre Movilidad Humana y Seguridad Social  –organizado por la Conferencia Interamericana de Seguridad Social, el Alto Comisionado de Naciones Unidas para los Refugiados (Acnur) y la Organización Internacional para las Migraciones (OIM)–, los especialistas indicaron que actualmente en Norteamérica hay más de 25 millones de migrantes provenientes de América Latina y el Caribe.
El representante adjunto de la OIM, Jeremy MacGillivray, señaló que la región enfrenta tiempos desafiantes en la materia, y ante las políticas de la Casa Blanca, los flujos hacia Estados Unidos han bajado, convirtiendo a México en alternativa para gran parte de los extranjeros en movilidad internacional, aunque otros se dicen dispuestos a regresar a sus lugares de origen.
El aumento del control y deportaciones será un reto para México y la región. La autoridad mexicana reportó poco más de 200 mil devoluciones de sus connacionales por Estados Unidos en 2024, y desde el 20 de enero (día del inicio de la segunda gestión de Trump) se han registrado cerca de 25 mil, detalló.
Aunado a ello, refirió que de acuerdo con datos del Instituto Nacional de Migración, hubo cerca de un millón de encuentros entre autoridades mexicanas y extrajeros en situación irregular entre enero y agosto de 2024.
Por ello, dijo, es fundamental fortalecer e incrementar las vías de regularización en México. Las vías regulares protegen mejor a los indocumentados, reduciendo los riesgos de padecer violencia, explotación y abuso.
La subsecretaria para América Latina y el Caribe de la Secretaría de Relaciones Exteriores (SRE), Raquel Serur, apuntó que la movilidad humana es y seguirá siendo uno de los fenómenos más desafiantes del siglo XXI.
Destacó que en el hemisferio coexisten el principal país de destino migratorio con la región más desigual del mundo, lo que ha motivado la movilidad irregular.
Citó datos de la OIM que apuntan que entre 1990 y 2020 el número de migrantes en América del Norte se duplicó, y hoy se estima que habitan ahí más de 25 millones de personas provenientes del resto del hemisferio.
Los escenarios geopolíticos vuelven todavía más crítica la coyuntura actual para las personas en movilidad. En la SRE estamos convencidos de que la gestión integral, eficaz, humana y sostenible del fenómeno migratorio regional, particularmente del irregular, debe abordar necesariamente las causas estructurales que lo origina. Cualquier estrategia o política que lo ignore o se limite al control y contención de los flujos, en el mejor de los casos será un remedio temporal condenado al fracaso.
La representante adjunta de protección de la Acnur, Anne-Birgitte Krum-Hansen, reveló que más de la mitad de migrantes que llegan a territorio mexicano huyeron de la violencia y la persecución en sus naciones. México se ha convertido en los últimos años en un país que salva la vida de personas refugiadas y les permite reconstruir sus vidas.",2025-09-23,20 de marzo de 2025 07:47,Política,,En 2 meses van 25 mil paisanos deportados,https://www.jornada.com.mx/noticia/2025/03/20/politica/en-2-meses-van-25-mil-paisanos-deportados
,Enrique Méndez,politica,"Ciudad de México.  Las comisiones unidas de Puntos Constitucionales y de Seguridad Ciudadana de la Cámara de Diputados aprobaron esta noche el dictamen de reforma a la Constitución, en materia de defensa de la soberanía frente a injerencias del extranjero y para incluir el terrorismo y el tráfico ilícito de armas entre los delitos que ameritan prisión preventiva oficiosa.
La discusión se retrasó una hora, porque la presidenta de la Comisión de Seguridad, Jessica Saiden Quiroz (Morena), citó a los integrantes de esa instancia para el martes, y su yerro estuvo a punto de aplazar la reforma, que está previsto para votarse en el pleno mañana martes.
De hecho, no se realizó la reunión previa de juntas directivas de ambas comisiones para votar el orden del día, porque en la de Seguridad no hubo quórum, y fue el pleno el que aceptó subsanar el trámite para poder desahogar la discusión.
El error de Saiden Quiroz se reflejó en la asistencia final: 32 de los 43 integrantes de la Comisión de Puntos Constitucionales acudieron a la reunión, y en contraste solo 27 de 44 a la de Seguridad.
Más tarde, cuando terminó la discusión del dictamen, el presidente de la Comisión de Puntos ordenó enviar el dictamen a la Mesa Directiva, cuando todavía no se votaba y se tuvo que corregir el procedimiento.
El dictamen se validó con votos 30 votos de Morena, PAN, PT, PVEM y MC en la Comisión de Puntos Constitucionales, y dos del PRI en contra, y 25 en favor de Seguridad y dos en contra del PRI, que argumentó una “sobre regulación constitucional”, pues la integridad de la soberanía está definida en otros artículos de la Constitución y los delitos de terrorismo y tráfico ilegal de armas en el Código Penal Federal.
Mientras, Manuel Vázquez Arellano (Morena) expresó que ante las amenazas de Estados Unidos y el trato que Donald Trump le ha dado a Canadá y a Ucrania, México debe “tomarlo como una señal” para tomar medidas.
Ante las posturas del PAN, manifestó: “No podemos escapar a la influencia de Estados Unidos, pero no puede venir a combatir el narco como ustedes quisieran, o como lo han hecho en otros países, con los resultados en las guerras en Irak y Afganistán. Esos escenarios no son los que queremos en México y por eso tenemos que reforzar el marco jurídico”.
La vicecoordinadora del PAN, Noemí Luna, sostuvo que si se quiere defender la soberanía del país, debe irse más allá y defender a los ciudadanos del crimen organizado.
“No sean cómplices. Y no, nadie festeja las amenazas de un gobierno externo, jamás. Cuando de la patria se trata vamos todos, pero la patria está constituida por ciudadanos que tampoco votaron por el oficialismo y todos los días sufren las consecuencias de una pésima estrategia de abrazos y no balazos”, sostuvo.
",2025-09-23,10 de marzo de 2025 19:45,Política,,Comisiones de San Lázaro avalan dictamen contra injerencia extranjera,https://www.jornada.com.mx/noticia/2025/03/10/politica/comisiones-de-san-lazaro-avalan-dictamen-contra-injerencia-extranjera
,Alma E. Muñoz y Emir Olivares,politica,"Ciudad de México.  A pregunta expresa, la presidenta Claudia Sheinbaum Pardo rechazó que haya habido pacto de impunidad para el ex mandatario Enrique Peña Nieto en el sexenio anterior.
“No hubo pacto de impunidad. Es más, hubo una consulta pública de si se juzgaba a los ex presidentes, no alcanzaron suficientes votos. Entonces no es que haya habido un pacto de impunidad”, sostuvo.
Lo que dijo entonces “el presidente (Andrés Manuel) López Obrador, que es público, es ‘a nosotros nos interesa de aquí en adelante’”. De manera, continuó la titular del Ejecutivo federal, “quien tiene que explicar si fueron pruebas suficientes o no, y qué pasó con esa demanda, es la Fiscalía (General de la República), el fiscal (Alejandro Gertz Manero) o los fiscales que ven estos temas”.
A la Presidenta se le insistió, en su habitual conferencia de prensa, sobre la falta de pruebas o ratificación para judicializar las carpetas de investigación contra Peña Nieto.
Por otro lado, la mandataria dijo que Vicente Fox es “un traidor a la democracia, la verdad”. Aseguró que como presidente dejó “casi todas” sus promesas incumplidas, y “una traición tremenda con el desafuero, inventando un delito al entonces jefe de Gobierno (de la Ciudad de México), Andrés Manuel López Obrador, para que no participara en la elección (de 2006)”.
Pero vino “la movilización social masiva, en todo el país, y se tiene que echar para atrás, pero de todas maneras él dijo ‘no va a llegar López Obrador porque no va a llegar’ y es partícipe del fraude electoral de 2006”.",2025-09-23,09 de julio de 2025 10:14,Política,,Rechaza Sheinbaum pacto de impunidad para Peña Nieto,https://www.jornada.com.mx/noticia/2025/07/09/politica/rechaza-sheinbaum-pacto-de-impunidad-para-pena-nieto
,La Redacción,politica,,2025-09-23,03 de septiembre de 2024 12:04,Política,,"Al menos 64 modificaciones al Poder Judicial desde 1928, sin que sus trabajadores reclamaran",https://www.jornada.com.mx/noticia/2024/09/03/politica/publican-documento-con-modificaciones-para-la-reforma-judicial-1519
,Arturo Sánchez Jiménez,politica,"La Secretaría de Relaciones Exteriores (SRE) dejó en claro ayer que el gobierno de la presidenta Claudia Sheinbaum Pardo no permitirá la participación de las fuerzas armadas estadunidenses en operaciones dentro de territorio mexicano, al subrayar que la colaboración bilateral en materia de seguridad se realizará siempre con respeto irrestricto a la soberanía nacional.
La postura de la cancillería fue emitida en respuesta a declaraciones realizadas horas antes por el embajador de Estados Unidos en México, coronel en retiro Ronald Johnson, quien afirmó que ambos países están unidos como dos aliados soberanos para enfrentar a los cárteles criminales.
En su comunicado de siete puntos, la SRE sostuvo que la colaboración con Estados Unidos se sustenta en principios como la confianza mutua, la responsabilidad compartida, la igualdad soberana, el respeto a la integridad territorial y una cooperación sin subordinación.
Cada quien debe trabajar en su país para atender las causas que provocan las adicciones y la violencia derivada del tráfico ilegal de drogas y armas, señaló la dependencia al recordar que México cuenta con una estrategia nacional de seguridad que busca construir la paz con justicia, a partir de la atención a causas estructurales y el combate a la impunidad.
La cancillería reiteró que el combate al tráfico ilícito de drogas y armas es fundamental para disminuir la violencia en ambos lados de la frontera, y que la mejor vía para lograrlo es el diálogo y la coordinación binacional, siempre bajo el respeto a las leyes y soberanía de cada país.
Desde hace meses, trabajamos en un acuerdo de seguridad sobre esos principios: colaboración y respeto a la soberanía, apuntó el texto.
La SRE fue enfática: México no aceptaría la participación de fuerzas militares estadunidenses en nuestro territorio, remarcando así que cualquier acción contra el crimen organizado deberá ejecutarse por las autoridades nacionales, con apoyo y cooperación internacional, pero sin presencia militar extranjera.",2025-09-23,09 de agosto de 2025 08:04,Política,,"Inaceptable, cualquier acción militar de EU en México: SRE",https://www.jornada.com.mx/noticia/2025/08/09/politica/inaceptable-cualquier-accion-militar-de-eu-en-mexico-sre
,Néstor Jiménez,politica,"Ciudad de México.  El Consejo General del Instituto Nacional Electoral (INE) aprobó este lunes el anteproyecto de presupuesto de egresos para el ejercicio fiscal 2026, que incluye 7 mil 737 millones que se repartirán a los partidos políticos.
A la par, el órgano informó que se avaló un anteproyecto “por un monto aproximado de 15 mil 100 millones” que contempla el presupuesto base para su operación y otros rubros. No obstante, la mayoría de los consejeros electorales aprobaron ajustes de último momento para cubrir honorarios no contemplados de trabajadores y analizar partidas que se dejaron en cero. Hasta esta noche, aún no se cuantifica el incremento presupuestal que representa. La aprobación del anteproyecto de presupuesto generó un tenso debate, tanto entre consejeros electorales como entre los representantes de los partidos políticos. Al presentar el anteproyecto de presupuesto de egresos del INE, la consejera presidenta, Guadalupe Taddei, defendió que “el INE ha demostrado sensibilidad frente a los cambios sociales, adaptando sus estructuras, procesos y estrategias”. Detalló que de los 25 mil 896 millones que solicitará el órgano al Congreso de la Unión, 7 mil 737 se repartirán a los partidos políticos, así como un presupuesto base para el Instituto por 12 mil 503.6 millones; además de 2 mil 587.6 millones para proyectos institucionales y un monto precautorio por 3 mil 119.4 millones para la organización de una probable consulta popular. Ese anteproyecto, dijo Taddei, contemplaba “ incremento de sólo el 1.19 por ciento respecto al ejercicio anterior” para el presupuesto base del INE, “atendiendo a criterios de racionalidad presupuestaria, disciplina financiera y austeridad republicana como principio de Estado y eje del gasto público”. No obstante, distintos consejeros advirtieron que se contempló el pago para trabajadores por honorarios de diversas áreas, únicamente para la mitad del año. Martín Faz Mora también advirtió que hay partidas presupuestales que se dejaron en ceros, por lo que solicitó un análisis. Consideró que “el costo de la democracia no debe medirse en pesos y centavos, sino en la confianza y estabilidad que genera” y llamó a “dimensionar que dentro del Presupuesto Federal, el INE representa apenas décimas de punto porcentual, alrededor del 0.2 por ciento. Es mínimo en proporción, pero máximo en efectos, porque garantiza que más de 90 millones de mexicanas y mexicanos ejerzan sus derechos políticos electorales”. Dania Ravel sostuvo que, aunque el año que viene no hay elecciones federales, sí inicia los preparativos de la elección de 2027, la cual “tiene todos los elementos para convertirse en la elección más compleja que ha organizado” el INE. En tanto, al ratificar la cantidad de 7 mil 737 millones de pesos que se repartirán a los partidos políticos con base en las fórmulas ya establecidas en la ley, los representantes del Partido Acción Nacional (PAN) y del Partido Revolucionario Institucional (PRI) ante el consejo general defendieron el financiamiento a las fuerza políticas. Víctor Hugo Sondón, representante del PAN, aseveró que “el financiamiento público de los partidos políticos no es un privilegio, sino una conquista democrática” que busca “cerrar las puertas al dinero sucio”. Por su parte, la consejera del Poder Legislativo por el PRI, Marcela Guerra, dijo que “el financiamiento público no es un lujo, es un dique para la democracia, es una inversión para la democracia” y advirtió que reducirlo sería injusto e inequitativo. El consejero Uuc-kib Espada se pronunció por mantener la representación proporcional, así como la participación de especialistas en la reforma en la materia.",2025-09-23,18 de agosto de 2025 21:37,Política,,INE aprueba anteproyecto de presupuesto para 2026; para los partidos más de 7 mil mdp,https://www.jornada.com.mx/noticia/2025/08/18/politica/ine-aprueba-anteproyecto-de-presupuesto-para-2026
,"Emir Olivares Alonso, enviado",politica,"Calakmul, Camp.  Los gobiernos de México, Guatemala y Belice firmaron un acuerdo para proteger y preservar la Gran Selva Maya, una extension de 5.7 millones de hectáreas que comparten las tres naciones, que representa la segunda reserva natural más importante del continente, sólo después de la Amazonia.  Desde esta histórica región, muy cerca de la zona arqueológica de Calakmul, los mandatarios de los tres países suscribieron la Declaración de Calakmul Corredor Biocultural Gran Selva Maya. “Es algo extraordinario y, además, se celebra en una reunión histórica porque nunca se habían reunido los tres jefes de Estado, es la primera vez que nos reunimos los tres jefes de Estado para trabajar en pro del medio ambiente y de la prosperidad compartida de nuestros pueblos”, declaró la presidenta mexicana Claudia Sheinbaum Pardo.  Esta ancestral área se extiende en los tres territorios: 0.6 millones de hectáreas en Belice, 2.7 millones en Guatemala y 2.4 millones en México, para un total de 5.7 millones de hectáreas. Fue la tierra de las antiguas civilizaciones mayas y hoy es el hogar de sus herederos. La mandataria mexicana calificó este acuerdo como “histórico” y destacó que hoy reunió a los líderes de los tres países “un objetivo hermoso. quizá ejemplo mundial, nos unimos los tres países para declarar conjuntamente el corredor biocultural Gran Selva Maya”. En su turno, el primer ministro de Belice Johnny Briceño, destacó: “México, Guatemala y Belice demuestran una vez más que nuestras fronteras políticas, no dividen, sino que no es que unen esfuerzos para preservar uno de los últimos pulmones del planeta y la herencia viva de los pueblos maya”. La ratificación de este corredor, dijo, no sólo es un compromiso con la biodiversidad, sino que “representa un puente hacia un futuro, donde el desarrollo sostenible, el turismo regenerativo y la sabiduría ancestral ordenan nuestro camino”. Los tres mandatarios se reunieron en un encuentro trilateral en el hotel Gran Mundo Maya Calakmul —construido en el sexenio pasado como parte del proyecto del Tren Maya. De su lado, el presidente guatemalteco, Bernardo Arévalo, subrayó que los tres países están colaborando “para responder juntos a las amenazas comunes”. Agregó que los pueblos de Mesoamérica vienen de una misma raíz “e imaginamos un futuro compartido. Estamos además situados en el seno de uno de los pulmones naturales del mundo. La gran selva maya es historia viva de patrimonio cultural de toda la humanidad y de patrimonio natural de la humanidad. Este territorio es una fuente invaluable, infinita y diversa de vida”. Detalló que el diseño y ejecución de esta iniciativa estará a cargo del consejo de autoridades de áreas protegidas, integrado por funcionarios designados por los tres países; y el modelo propuesto será respaldado por la participación de organizaciones ambientales, del sector empresarial, de la academia y de la sociedad civil. “Poseemos los tres países en esta selva inmensa, un inmenso patrimonio, y en consecuencia tenemos una inmensa responsabilidad en la que hoy Guatemala, México y Belice, nuestros tres gobiernos, damos un paso al frente porque protegiendo la gran selva maya protegemos la vía la vida y la diversidad y honramos la historia para proteger el futuro” señaló. Sheinbaum Pardo cerró las participaciones al afirmar que “hoy nos reúne un propósito común: fortalecer la cooperación entre nuestras naciones para construir una región más conectada más sustentable más justa y profundamente comprometida con el bienestar de nuestros pueblos. Nos encontramos ante una oportunidad histórica, podemos convertir nuestras coincidencias geográficas, culturales y sociales en una alianza sólida que coloque al centro, la dignidad de las personas, la defensa de la naturaleza, y la visión compartida de un futuro sustentable”. En este marco, anunció que su gobierno emprenderá una segunda etapa del programa Sembrando Vida en las naciones vecinas y colindantes en la frontera sur.  “Esta segunda etapa del programa busca regenerar suelos, recuperar la cobertura forestal en aquellos lugares donde ha sido degradada y fomentar la autosuficiencia alimentaria; pero, sobretodo, busca elevar el bienestar de las comunidades que durante años han sostenido el vínculo entre ellas y la tierra”.",2025-09-23,15 de agosto de 2025 18:08,Política,,"Firman México, Guatemala y Belice acuerdo para proteger y preservar la Gran Selva Maya",https://www.jornada.com.mx/noticia/2025/08/15/politica/firman-mexico-guatemala-y-belice-acuerdo-para-proteger-y-preservar-la-gran-selva-maya
,Emir Olivares y Néstor Jiménez,politica,"Ciudad de México.  Un Grito con sensación de adiós. Sí, fue la última ocasión que el presidente Andrés Manuel López Obrador salió al balcón, ante la plaza, ese espacio que fue suyo por las últimas cinco lustros.
Como colofón de su mandato y en un acto de simbolismo, fue la despedida de ese pueblo que le correspondió con gritos, llantos, mensajes y el tradicional estribillo: “¡Es un honor, estar con Obrador!”, que se repetía una y otra vez.
A las 11 en punto de la noche, como marca la tradición, el mandatario asomó al balcón central de Palacio Nacional, acompañado por su esposa Beatriz Gutiérrez Müller, para honrar a los héroes y heroínas de la Independencia.
La gente, que por horas esperó en el Zócalo este momento, hizo evidente su júbilo y al grito de “¡Presidente, Presidente!”, recibió al mandatario.
Ante un Zócalo a reventar y plagado de los colores tricolor, que se mezclaron con miles de pejeluches, llaveros con la imagen del mandatario, amlos de cartón y toda la parafernalia que la creatividad mexicana ha creado con la figura del tabasqueño; así como con carteles en los que la gente manifestó su cariño por el titular del Ejecutivo.
La plaza llena se le entregó, como lo ha hecho desde hace años. Es el primer presidente al menos en siete décadas que encabeza su último Grito sin silbidos de desaprobación, gritos de rechazo ni mentadas. Las encuestas lo ubican con más de 70 por ciento de aprobación a sólo 15 días de concluir su gobierno.
“Dijiste que no ibas a robar nada, pero mentiste…”, se leía en uno de tantos carteles que se alzaban. La respuesta a esa aparente confrontación se expresaba de inmediato “…te robaste millones de corazones”. Era un cartel elaborado por Marcó Antonio Coronel, de 58 años, quien asistió por primera vez en su vida a una ceremonia del Grito de Independencia en el Zócalo. Reconoció que era un detractor de López Obrador, pero en los últimos años cambió de opinión.
El júbilo se expresó en un torrente que cubrió la plancha del Zócalo de la Ciudad de México. El griterío de las miles de personas que se congregaron en este histórico sitio -punto neurálgico no sólo de la vida política del país, sino del nacionalismo y la protesta social- subió sus decibeles tan sólo al verlo posarse con el lábaro patrio y la banda presidencial ante una plancha atestada.
Esa plaza a la que llegó tras el éxodo por la democracia en enero de 1992: en la que entró al ser triunfador de la elección para jefe de gobierno en diciembre de 2000, la que lo arropó cuando el desafuero, la que día a día lo escuchaba y donde se plantó tras acusar un fraude electoral en 2006, desde donde encabezó al movimiento que se opuso a la reforma energética y hasta la que por años se le cerró. La plaza que lo vio celebrar su triunfo en julio de 2018 y que en diciembre de ese año lanzó sus compromisos como mandatario.
Vinieron los vivas, las arengas para honrar a quienes “nos dieron patria y libertad”.
Fueron 24 arengas (24 vivas y cuatro mueras). Un viva en principio a la Independencia; los vivas a Miguel Hidalgo, Josefa Ortiz de Domínguez, Ignacio Allende, Leona Vicario, José Maria Morelos, Vicente Guerrero; a las heroínas y héroes anónimos, a la libertad, la igualdad, la justicia, la democracia, a nuestra soberanía; también a la fraternidad universal.
Hizo un alto para lanzar los “muera”: la corrupción, la avaricia, el racismo y la discriminación.
Siguieron vivas al amor, a los trabajadores mexicanos, “que son de los mejores del mundo”, a los migrantes, a los pueblos indígenas, a la grandeza cultural de México, a todas y todos los mexicanos; y cerró con un “¡Viva la Cuarta Transformación!” Para finalmente dar paso a los tres “¡Viva México!”
Hizo soñar por última vez la histórica campana de Dolores, esa señal con la que hace 214 años inició la revuelta que concluyó con la declaración de Independencia once años después. Vino al himno nacional.
Cumplido el protocolo patrio, el mandatario regresó al interior de Palacio Nacional para entregar la bandera a la escolta.
De inmediato retornó al balcón para disfrutar, junto a su familia, la presidenta electa, Claudia Sheinbaum, los integrantes de su gabinete e invitados especiales del habitual espectáculo de pirotecnia.
El presidente se posó en el balcón central, mientras el resto en los balcones del extremo izquierdo del histórico inmueble. En el más cercano, la futura mandataria, los secretarios de la Defensa y la Marina, Luis Cresencio Sandoval y José Rafael Ojeda; el jefe de gobierno de la Ciudad de México, Martí Batres; y la jefa de gobierno electa, Clara Brugada.
Conforme se acercaba el final, el estribillo se escuchó con más fuerza: “¡Es un honor, estar con Obrador!”. Una joven cumpleañera, el 15 es su día, no pudo contener las lágrimas al saber que la de esta noche fue la última ocasión que el tabasqueño se posaba en la plaza, ante miles de personas en un adiós previo al retiro.
Concluida la pirotecnia, el presidente alzó la manos a todo lo alto en señal de adiós y también lanzó abrazos a los miles que lo ovacionaban. “¡Presidente, Presidente!” , “¡Es un honor, estar con Obrador!”
Fue una larga despedida. Aprovechó para voltear a ver a Sheinbaum, la señaló con el índice de su mano derecha, y ella correspondió con la misma señal.
El grito entonces entre la gente cambió: “¡Presidenta, Presidenta!”, ¡Si se pudo, si E pudo!”.
López Obrador se tomó su tiempo para ir al interior del Palacio, como aferrándose a ese último adiós de esta plaza, su plaza, la que lo arropó hasta esta última aparición en ella frente a miles de personas.
Un mensaje final se proyectó sobre las paredes superiores a todo lo largo del Palacio Nacional, el que el mandatario deseó dejar al país: “Gracias México”.
La Plaza
Desde temprana hora, la Plaza de la Constitución lució llena.
La gente soportó incluso la intensa lluvia que azotó el centro de la ciudad.
Mientras los miles de asistentes coreaban letras rancheras de Juan Gabriel, interpretadas por el mariachi de la Secretaría de Marina, el presidente subió un video a sus redes sociales en el que suscribió el decreto para la publicación de la reforma constitucional en materia judicial.
Atestiguó el momento la presidenta electa, Claudia Sheinbaum.
“La invité para que sea testigo de honor, porque voy a firmar el decreto para la publicación de la reforma a la Constitución, con el propósito de mejorar el Poder Judicial”, apuntó el mandatario desde una oficina en Palacio Nacional.
Ambos tomaron el documento y lo mostraron a las cámaras.
Sheinbaum afirmó: “15 de septiembre, a unas horas del Grito de Independencia del Presidente Andrés Manuel López Obrador 2024 y el día que sale publicado en el Diario Oficial la reforma al Poder Judicial. Con el pueblo todo, sin el pueblo nada”.
La Banda MS -de Mazatlán, Sinaloa- fue el plato fuerte del espectáculo musical.
Su repertorio hizo bailar a la plaza antes u después de la ceremonia de El Grito.
Esta agrupación musical, procedente de un estado cuya capital no pudo celebrar el Grito por la situación de violencia que se enfrenta en la entidad, vinculado al secuestro y entrega a Estados Unidos del fundador del cártel de Sinaloa, Ismael “El Mayo” Zambada.
Pero en la capital del país, hizo bailar a los miles que esperaron y festejaron la fiesta patria.
De principio a fin, y con mayor fuerza que en otros años, el festejo de independencia estuvo enmarcado con incesantes coros de agradecimiento al presidente Andrés Manuel López Obrador en el que fue su última ceremonia del grito de independencia que encabezará.
Desde el instante en que el tabasqueño salió al balcón y se escuchó una mezcla de gritos: “Es un honor estar con Obrador”, se combinó con “Sí se pudo, sí se pudo”.
Pese a la fuerte lluvia que momentos antes había caído en el centro de la Ciudad de México, la mayoría de los asistentes que abarrotaron la plancha del Zócalo capitalino se mantuvieron ahí, algunos sin paraguas ni impermeable, y cubiertos con algunos plásticos.
El ambiente festivo prevaleció. Con las figuras conocidas como los amlitos que levantaron al momento del grito, corearon las arengas que expresó el mandatario.
Apenas concluyeron y surgieron de nuevo los coros dirigidos al presidente. “Gracias, gracias”, fue repetido por cientos de los que acudieron.
Una gran lona con una frase de agradecimiento hizo partícipe de manera inesperada a muchos. Sin previa organización, bastó un instante para que todos levantaran las manos para ayudar a que la lona llegara hasta el frente, justo a unos metros de López Obrador.
",2025-09-23,15 de septiembre de 2024 23:51,Política,,Júbilo y patriotismo desbordan el Zócalo en último grito de AMLO,https://www.jornada.com.mx/noticia/2024/09/15/politica/jubilo-y-patriotismo-desbordan-el-zocalo-durante-ultimo-grito-de-amlo-3227
,"Emir Olivares, Arturo Sánchez y Afp",politica,"El Departamento de Estado de Estados Unidos anunció que ante la insuficiencia de parte de México para cumplir con el tratado binacional de aguas de 1944, no se atenderá por primera vez una solicitud mexicana de un canal de distribución, por el que se dotaría del líquido a Tijuana desde el río Colorado. Con esta medida se abre un nuevo frente de batalla en la relación bilateral.
La Oficina de Asuntos del Hemisferio Occidental del Departamento de Estado respondió así en redes sociales a la exigencia de legisladores de Texas a la administración de Donald Trump para que presione al gobierno de su par Claudia Sheinbaum por el supuesto incumplimiento en el tratado binacional de aguas.
De acuerdo con esa instancia estadunidense, continúa la insuficiencia en la entrega de ese recurso a Texas por medio del río Bravo, como marca el acuerdo binacional, lo que ha causado efectos negativos en la agricultura de la nación vecina.
Las continuas deficiencias de México en sus entregas, en virtud del tratado de reparto de aguas de 1944, están diezmando la agricultura estadunidense, en particular a los productores del valle del Río Grande. Como resultado, hoy (ayer), por primera vez, Estados Unidos denegará la solicitud de México, fuera del tratado, de un canal especial de distribución para el agua del río Colorado que se entregará a Tijuana, señaló la Oficina en la red social X.
Ayer por la mañana, en su conferencia matutina, a pregunta sobre el tema, la presidenta Claudia Sheinbaum aseguró que México sí paga las cuotas correspondientes del recurso, con base en el tratado. Ha habido menos agua, es parte del problema, declaró.
Aun cuando se pidió la posición de la Secretaría de Relaciones Exteriores respecto a la postura de Estados Unidos, hasta el cierre de esta edición la dependencia no había dado respuesta a la medida adoptada por Washington.
De acuerdo con legisladores texanos, entre ellos el senador republicano Ted Cruz, y el gobernador de ese estado, Greg Abbott, México no ha cumplido con la entrega del recurso natural con base en el convenio.
El tratado de 1944 establece que México y Estados Unidos deben compartir las aguas de los ríos Bravo (Grande para los estadunidenses) y Colorado, que discurren por la frontera entre ambos países.
México debe aportar a Estados Unidos una tercera parte del caudal de ciertos afluentes del Bravo; la cantidad mínima a entregar es de un promedio de 431 millones de metros cúbicos anuales en ciclos de cinco años, el cual termina en octubre próximo. En caso de sequía extrema, México puede postergar las entregas.
En tanto que Estados Unidos debe enviar una cantidad de líquido desde el río Colorado al año.
Sin embargo, las autoridades texanas han asegurado que el argumento de la sequía no justifica los supuestos retrasos actuales, pues según los congresistas de ese estado, nuestro país adeuda más de mil 200 millones de metros cúbicos de agua del ciclo actual.",2025-09-23,21 de marzo de 2025 07:17,Política,,"Tratado de aguas, nuevo frente de batalla en la relación México-EU",https://www.jornada.com.mx/noticia/2025/03/21/politica/tratado-de-aguas-nuevo-frente-de-batalla-en-la-relacion-mexicoeu
,Emir Olivares Alonso,politica,"La multimillonaria campaña publicitaria del gobierno de Donald Trump, que criminaliza a las personas migrantes indocumentadas, se transmite desde hace varios días en televisión abierta mexicana.
La secretaria de Seguridad Interior de Estados Unidos, Kristi Noem, anunció el pasado 17 de febrero la campaña publicitaria multimillonaria a nivel nacional e internacional, basada en una serie de anuncios que se emitirán por dos años a través de radio, televisión y medios digitales, en varios países y regiones, en diversos idiomas.
Los anuncios estarán altamente segmentados, incluyendo redes sociales, mensajes de texto y medios digitales, para llegar a los indocumentados, tanto en Estados Unidos como a nivel internacional, señaló el Departamento de Seguridad Nacional (DHS, por sus siglas en ingles) en un comunicado ese día.
Para esta campaña, el DHS habría destinado 200 millones de dólares, reportó en marzo pasado la agencia Semafor, con base en documentos obtenidos del gobierno estadunidense.
La empresa Televisa abrió espacios en sus canales a un espot –en horarios de alta audiencia– en el que aparece Noem, quien advierte: “si eres un criminal extranjero considerando entrar en Estados Unidos  ilegalmente , ni siquiera lo pienses”.
El anuncio cobró notoriedad porque el sábado se transmitió por el canal 5 de Televisa, en el medio tiempo del juego de la Liga Mx entre América (propiedad de la televisora) y Mazatlán. Sin embargo, el mensaje se viene reproduciendo desde hace varios días, al menos desde el 3 de abril, en horarios estelares de esa empresa, incluido el canal 2, el principal, y el 9.
El mensaje, de 30 segundos, es una versión corta del original, de poco más de un minuto, que desde hace varias semanas se proyecta como anuncio publicitario en la plataforma YouTube en México.
En la versión reducida, la funcionaria señala: “Soy Kristi Noem, secretaria de Seguridad Interior de Estados Unidos. Gracias, presidente Donald J. Trump, por asegurar nuestra frontera y por poner a Estados Unidos primero.
“Permítanme entregar un mensaje claro del presidente Trump al mundo: si eres un criminal extranjero considerando entrar en Estados Unidos  ilegalmente , ni siquiera lo pienses.
“Permítanme ser clara: si vienes a nuestro país y violas nuestras leyes, te vamos a perseguir. Los criminales no son bienvenidos en Estados Unidos.
El presidente Trump está cumpliendo su promesa de hacer que Estados Unidos sea seguro otra vez.
Noem visitó México el pasado 28 de marzo y fue recibida por la presidenta Claudia Sheinbaum.
El anuncio es parte de una campaña publicitaria multimillonaria de la administración de Trump contra los migrantes.
Capturados y deportados
En la versión completa del anuncio, la secretaria Noem también responsabiliza a pasados gobiernos estadunidenses de permitir la migración indocumentada y no combatir el tráfico de drogas y advierte a quienes intenten cruzar a su país de manera irregular que serán capturados y deportados por las autoridades.
Por mucho tiempo un liderazgo débil ha dejado nuestras fronteras abiertas, inundando nuestras comunidades con drogas, tráfico de personas y criminales violentos, asegura el mensaje. “Esos días han terminado. Con el presidente Trump estamos defendiendo a las familias estadunidenses y restaurando su seguridad. Si intentas entrar  ilegalmente , serás atrapado, serás expulsado y nunca volverás. Sigue la ley y encontrarás oportunidades. Si la rompes, encontrarás consecuencias”.
El Reglamento de la Ley Federal de Radio y Televisión indica que la autorización para difundir materiales grabados en el extranjero se otorgarán siempre y cuando no discriminen, transmitan información que cause alarma o pánico en el público o efectúen transmisiones contrarias a la seguridad del Estado, a la integridad nacional y a la paz.
En el artículo 34 de este reglamento se impide un contenido que “sea denigrante u ofensivo para el culto de los héroes o para las creencias religiosas, así como lo que, directa o indirectamente, discrimine cualesquiera razas; hacer apología de la violencia, del crimen o de vicios (…) Transmitir informaciones que causen alarma o pánico en el público”.
La Ley Federal de Telecomunicaciones y Radiodifusión remarca que la publicidad que se difunda en los canales concesionados deberá evitar transmisiones contrarias a los principios de paz, no discriminación y de respeto a la dignidad de todas las personas.",2025-09-23,21 de abril de 2025 07:02,Política,,Televisa transmite campaña de EU contra migrantes,https://www.jornada.com.mx/noticia/2025/04/21/politica/televisa-transmite-campana-de-eu-contra-migrantes
,Iván Evair Saldaña  ,politica,"Ciudad de México . La Segunda Sala de la Suprema Corte de Justicia de la Nación (SCJN) aprobó este miércoles un recurso de Ricardo Salinas Pliego, el cual declaró impedida a la ministra, Lenia Batres Guadarrama, de participar en la resolución de un amparo que el mismo empresario interpuso contra facultades de la Unidad de Inteligencia Financiera (UIF). En protesta, la togada abandonó la sesión lo que provocó que no hubiera  quórum  para que continuara.  El impedimento 45/2025 del dueño de Grupo Salinas fue aprobado por unanimidad de cuatro votos, de la ministra Yasmín Esquivel Mossa, Javier Laynez Potisek, Alberto Pérez Dayán y Jorge Mario Pardo Rebolledo, quien fue llamado de la Primera Sala para votar el asunto debido a que Batres no podía participar en éste.  “Este miércoles me retiré de la sesión privada de la Segunda Sala de la Suprema Corte, ante la intención de sus integrantes de declararse impedida para conocer y votar el amparo en revisión 492/2023, sobre las facultades de la Unidad de Inteligencia Financiera (UIF) para requerir información bancaria del señor Ricardo Salinas Pliego. Me retiré ante la abierta violación del Reglamento Interior de la Suprema Corte de Justicia de la Nación”, publicó Batres en X.  En el amparo en revisión 492/2023 estaba bajo la ponencia de la ministra, Lenia Batres. En éste, el empresario pide impugnar una solicitud de información emitida por la Unidad de Inteligencia Financiera (UIF), prevista como excepción regulada del secreto bancario y bursátil. De acuerdo con el proyecto, la ministra plantea revocar la sentencia del juez que amparó a Salinas Pliego y sobreseer (dejar sin estudio) la demanda, dando la razón a la UIF.  En redes sociales, Batres Guadarrama adelantó que circulará un comunicado “que explica a detalle estas violaciones y las razones por las que considero que se trata de un acto de sometimiento y complicidad de integrantes del máximo órgano jurisdiccional de nuestro país a los intereses ilegítimos de los poderes fácticos”. La ministra Batres estuvo presente al inicio de la sesión de la Segunda Sala, lo que permitió el  quorum  con cuatro integrantes. Sin embargo, al abrirse un receso para recibir al ministro Pardo para votar el impedimento 45/2025 la ministra Lenia Batres abandonó la sala.  Luego de ser votado el referido asunto y Pardo se retirara del salón, la ausencia de la ministra Batres ocasionó que la Sala interrumpiera su sesión a falta de  quorum .",2025-09-23,12 de marzo de 2025 14:32,Política,,"Ministra Batres, impedida para votar amparo de Salinas Pliego contra UIF",https://www.jornada.com.mx/noticia/2025/03/12/politica/impedida-ministra-batres-para-votar-amparo-de-salinas-pliego-contra-uif
,La redacción,politica,,2025-09-23,18 de diciembre de 2023 19:34,Política,,Piden a SRE rechazar acuerdos que limiten los derechos de migrantes,https://www.jornada.com.mx/noticia/2023/12/18/politica/piden-a-sre-rechazar-acuerdos-que-limiten-los-derechos-de-migrantes-7112
,Andrea Becerril y Georgina Saldierna,politica,"Ciudad de México.  El Senado aprobó la Ley de Ingresos sobre Hidrocarburos, que disminuye la carga fiscal de Petróleos Mexicanos (Pemex), que se le impuso con la reforma energética privatizadora del 2013 y se turnó al ejecutivo federal para su promulgación.
La modificacion fue aprobada con 85 votos a favor y 29 en contra, entre críticas de priístas y panistas, en que la paraestatal es una carga por su elevada deuda externa, lo que fue rechazado por Morena y aliados. “Se fortalece a la petrolera, que fue convertida en botín de intereses nacionales y extranjeros”, resaltó Laura Itzel Castillo, presidenta de la Comisión de Energía, de esa cámara.
Expuso que se elimina el Derecho de Utilidad Compartida, el Derecho de Extracción, el Derecho de Exploración de Hidrocarburos y el pago del Impuesto Sobre la Renta por los ingresos que se obtengan de las actividades de Exploración y Explotación de Hidrocarburos, los que fueron impuestos a Pemex, impuesto por la reforma de Peña Nieto, “como una supuesta oportunidad de modernización”.
Sin embargo, “en realidad fue un mecanismo de saqueo legalizado que, bajo el discurso de la supuestaeficiencia se ocultaba el fin perverso de desmantelar a Pemex”, a través de la transferencia de recursos estratégicos a intereses privados, nacionales y extranjeros que solo buscaron la ganancia desmedida y a toda costa, y la especulación afectando la soberanía y el bienestar del país”, recalcó.
La senadora de Morena agregó que se establece el “Derecho Petrolero para el Bienestar”, cuya tasa será del 30% para el petróleo y de 11.63% para el gas no asociado. “Esto dotará de recursos a la Secretaría de Hacienda y Crédito Público para que, mediante la Tesorería, se puedan utilizar para progreso del país.
La senadora Castillo explicó que los gobiernos del PRI y PAN ""aplicaron un régimen fiscal asfixiante a Pemex, obligándola a pagar el Derecho de Utilidad Compartida (DUC): Con Tasas iniciales del 65%, diseñadas para estrangular sus finanzas de la empresa”.
Asimismo, Derechos de Extracción y Exploración: Pagos mensuales que priorizaban cobros al Estado sobre inversiones en explorar y así incorporar reservas y otros gravámenes adicionales, como el Impuesto Especial sobre Producción y Servicios, Impuesto sobre la Renta, entre otros.
Queda muy claro que este esquema no buscaba el progreso de Pemex, sino debilitarlo con el objetivo de volver inviable su operación, recalcó.
El PAN a través del senador Juan Antonio Martín del Campo resaltó que desde el año de 2019, Pemex ha experimentado una reducción significativa en su carga fiscal. El derecho de utilidad compartida se ha reducido de un 65 a un 40 por ciento durante el periodo del 2019 al 2024, con el objetivo de liberar recursos para la inversión en la cadena de valor de lo que son los hidrocarburos.
Sin embargo, esa disminución no se ha traducido en una mejora sustancial en las finanzas de la empresa, recalcó y su compañero Agustín Dorantes sostuvo que “Pemex está en terapia intensiva y le queremos dar media aspirina, ya que tuvo 80 mil millones de pesos en pérdidas en seis años.
“Entre pérdidas y adeudos representa 5.7 billones de pesos, más del 60 por ciento de todo el presupuesto de este año. “Se protege a una empresa ineficiente”, agregó y la también blanquiazul Imelda San Miguel agregó que “es la petrolera con mayor deuda del mundo”.
Igualmente, el priísta Miguel Angel Riquelme consideró que esa reforma no soluciona el problema de la paraestatal, “que sigue siendo un hoyo negro para las finanzas del país.
En respuesta, la senadora Castillo recalcó que en los sexenio de Felipe Calderón y Peña Nieto endeudaron a la empresa en un 100 por ciento, con una una deuda de 68 mil millones de dólares en 2007, que pasó a 132 mil millones de dólares en el 2028. “Es decir, dejaron a la empresa al borde de la quiebra”.
Agregó que “durante el sexenio del presidente Andrés Manuel López Obrador el fortalecimiento de Pemex fue una constante y una realidad, se redujo la deuda un 24 por ciento, situándose en 98 mil millones de dólares. Operativamente y gracias a las grandes inversiones realizadas no solamente se detuvo la declinación de la producción, sino que se logró aumentar a 1 millón 800 mil barriles diarios, con el objetivo de mantener esa plataforma para el actual sexenio”.
A su vez, el presidente de la Comisipon de Puntos Constitucionales, Oscar Cantón Zetina, reprochó que los opositores sostengan que su política petrolera estaba salvando al país, aunque en realidad, “como vende patrias crearon condiciones para que las trasnacionales hicieran negocio con nuestra soberanía energética.
Ninguna de las reservas presentadas se aprobó. La minuta se aprobó en sus términos.",2025-09-23,05 de marzo de 2025 19:15,Política,,Senado aprueba Ley de Ingresos sobre Hidrocarburos,https://www.jornada.com.mx/noticia/2025/03/05/politica/senado-aprueba-ley-de-ingresos-sobre-hidrocarburos
,Emir Olivares y Alma E. Muñoz,politica,"La presidenta de México y el de Estados Unidos alcanzaron un acuerdo para aplazar al 2 de abril la imposición de aranceles a exportaciones mexicanas dentro del tratado comercial de América del Norte (T-MEC). La mandataria mexicana, Claudia Sheinbaum, confió en que después de esa fecha no habrá barreras para productos nacionales debido a que ambas naciones son socios comerciales.
Ayer –tras dos días de aplicación de las tarifas–, la jefa del Ejecutivo y su par estadunidense, Donald Trump, tuvieron una llamada telefónica muy respetuosa, declaró Sheinbaum, de la que resultó el aplazamiento.
Ambos informaron en redes sociales de los acuerdos al concluir su conversación. Minutos más tarde, en su mañanera –que debido a la llamada se realizó en un horario inédito, a las 11 de la mañana–, la mandataria mexicana ahondó en lo pactado con el republicano.
Durante la comunicación telefónica –que fue concertada por el canciller Juan Ramón de la Fuente y el secretario de Estado, Marco Rubio–, la mexicana planteó al magnate la necesidad de seguir trabajando y colaborando juntos, pero sin que existan medidas que dañen al pueblo de México.
“Le dije: ‘Estamos teniendo resultados, presidente Trump. ¿Por qué ahora puso las tarifas, pues cómo vamos a seguir cooperando, colaborando, con algo que daña al pueblo de México?’ Y no fue ni amenaza, nada, nada, sencillamente (fue): ‘Entiéndame a mí que, para mí, lo más importante es mi pueblo. Y que yo necesito pues, seguir colaborando y cooperando con ustedes, pero necesitamos igualdad de circunstancias, ¿no?’”
En el caso de México, prácticamente todo es sin aranceles: ni nosotros les cobramos, ni ellos nos cobran, expuso Sheinbaum. Cuando (Trump) manda al 2 de abril, esencialmente, está poniendo a México en ese marco de aranceles recíprocos. Y este mes seguirán trabajando nuestros equipos, particularmente el de comercio”.
Remarcó que en la llamada “fuimos tratados con mucho respeto. Digo ‘fuimos’, porque sí, es a la Presidenta de México, pero es al pueblo de México, porque yo represento al pueblo de México”.
Destacó que seguirá con Estados Unidos la colaboración y el diálogo, siempre con base en la soberanía.
En la red Truth Social, el republicano agradeció a su par mexicana por su trabajo y cooperación para detener la migración irregular y el tráfico de fentanilo.
Acordamos que México no tendrá que pagar aranceles sobre nada que esté incluido en el T-MEC, escribió Trump. Este acuerdo es hasta el 2 de abril. Lo hice como una forma de concesión y por respeto a la presidenta Sheinbaum.
Nuestra relación ha sido muy buena y estamos trabajando duro, juntos, en la frontera, tanto en términos de impedir que los inmigrantes ilegales (sic) ingresen a los Estados Unidos como, asimismo, para detener el fentanilo. ¡Gracias, presidenta Sheinbaum, por su arduo trabajo y cooperación, añadió.
Sheinbaum, a su vez, agradeció a Trump y remarcó que hubo coincidencia en que la colaboración ha dado resultados.
“Muchas gracias al presidente Donald Trump. Tuvimos una excelente y respetuosa llamada en la que coincidimos en que nuestro trabajo y colaboración han dado resultados sin precedente, en el marco de respeto a nuestras soberanías. Continuaremos trabajando juntos, particularmente en temas de migración y seguridad, que incluyen reducción del cruce ilegal de fentanilo hacia Estados Unidos, así como de armas hacia México.
Como lo menciona el presidente Trump, no se requerirá que México pague aranceles en todos aquellos productos dentro del T-MEC. Este acuerdo es hasta el 2 de abril, cuando Estados Unidos anunciará aranceles recíprocos para todos los países, escribió la mandataria en la red X.
En la mañanera, consideró que en la decisión de Trump de aplazar de nuevo los impuestos todo influyó: la presión de los fabricantes de automóviles, el rechazo de empresarios estadunidenses, la caída de las bolsas en su país, los avances de México para evitar el tráfico de fentanilo, la actual colaboración bilateral y la buena relación que el jefe de la Casa Blanca tuvo con el ex presidente Andrés Manuel López Obrador.
Mencionó que le hizo llegar a Trump una gráfica con datos de la Oficina de Aduanas y Protección Fronteriza de Estados Unidos (CBP, por sus siglas en inglés). El cuadro revela una reducción de 41.5 por ciento en la incautación de fentanilo en la frontera común en lo que va del gobierno estadunidense y de 70.75 por ciento de octubre de 2024 a febrero de este año, es decir, en el gobierno de Sheinbaum.
La Presidenta atribuyó esa caída a la labor de México, como el envío de 10 mil elementos de la Guardia Nacional a la frontera norte, acción acordada con Trump en la llamada que ambos tuvieron el pasado 3 de febrero.
Los indicadores refieren que, en enero, las autoridades de Estados Unidos incautaron en su frontera con México 450 kilos de fentanilo, y para febrero la cantidad fue de 263 kilos de esa droga. En octubre la cifra asegurada fue de 899 kilos.
Esta gráfica no la conocía él hasta que se la enviamos. Y además se la expliqué, de que lo que habíamos decidido, de los 10 mil guardias en la frontera, la revisión en aduanas, pues nos estaba dando resultados, expresó la Presidenta mexicana.
También le recordó el reciente traslado a Estados Unidos de 29 capos, al igual que resultados en detenciones, tráfico de armas y otros puntos en materia de seguridad.
Pese a ello, al principio Trump “planteó que ‘se quedaran las tarifas y luego revisáramos’”, pero ante la insistencia de Sheinbaum, el jefe de la Casa Blanca propuso enviar todo al 2 de abril, en una revisión distinta, que es la revisión ya de tarifas recíprocas.
Ese diálogo seguirá, destacó la jefa del Ejecutivo. Contó que le dijo a Trump: Soy una mujer de palabra. O sea, cuando nos comprometemos a coordinarnos, a colaborar en el marco de nuestras soberanías lo hacemos, pero tenemos que tener respeto entre nosotros.",2025-09-23,07 de marzo de 2025 07:02,Política,,Tregua en aranceles tras el diálogo Sheinbaum-Trump,https://www.jornada.com.mx/noticia/2025/03/07/politica/tregua-en-aranceles-tras-el-dialogo-sheinbaumtrump
,Néstor Jiménez,politica,"Con las cifras correspondientes a los primeros cuatro meses de 2025, la Unidad de Política Migratoria de la Secretaría de Gobernación reportó una disminución de casi 35 por ciento en las deportaciones de mexicanos que se encontraban en Estados Unidos de manera indocumentada.
Mientras en 2024 hubo 65 mil 951 devoluciones de connacionales entre enero y abril, en el mismo periodo de este año se contabilizan 43 mil 279, pese al anuncio del presidente de Donald Trump de incrementar las deportaciones.
Aunque los reportes no detallan si se trata de detenidos al intentar cruzar o que ya estaban en territorio estadunidense, sí contienen las estadísticas de mujeres y de menores de edad. Respecto de las mujeres migrantes, las deportaciones disminuyeron más de la mitad, al pasar de 12 mil 440 el año pasado a 5 mil 126.
En cuanto a los menores de edad, también bajó de 7 mil 708 en 2024 a 2 mil 940 en los primeros cuatros meses de 2025, es decir, la cifra del presente año representa la tercera parte del anterior.
En cuanto a los puntos de ingreso por los que han sido retornados los  paisanos , también hay diferencias. Los cuatro puentes fronterizos de Tamaulipas se mantienen como el principal sitio de entrada, con 12 mil 43 mexicanos que fueron devueltos por ese lugar, y Sonora es el segundo estado de retorno, con 7 mil 238 connacionales.
Pero en 2025 aumentaron los deportados que son enviados de manera directa a Chiapas, con 4 mil 215 personas, y a Tabasco, con 2 mil 817. A la par, por el Aeropuerto Internacional Felipe Ángeles (AIFA), han llegado 2 mil 193.
En los tres casos, los vuelos corresponden al Procedimiento de Repatriación al Interior de México, firmado como parte de los compromisos del memorando de coordinación suscrito por la Secretaría de Gobernación y el Departamento de Seguridad Interna de Estados Unidos con el objetivo de salvaguardar la integridad física y seguridad de las y los migrantes, detalla la dependencia federal en los informes.
En tanto, los 14 mil 773 restantes fueron devueltos por Baja California (6 mil 874), Chihuahua (5 mil 290) y Coahuila (2 mil 609) en los puentes internacionales en esas entidades.
Durante este año, la mayor cantidad de migrantes deportados son originarios de Guanajuato, seguido de chiapanecos y guerrerenses",2025-09-23,04 de junio de 2025 07:43,Política,,Gobernación: caen 35% deportaciones de mexicanos desde Estados Unidos,https://www.jornada.com.mx/noticia/2025/06/04/politica/gobernacion-caen-35-deportaciones-de-mexicanos-desde-estados-unidos
,Laura Poy y Alexia Villaseñor,politica,"Más de 20 mil maestros integrantes de la Coordinadora Nacional de Trabajadores de la Educación (CNTE) salieron a las calles en la capital del país para exigir la abrogación de la Ley del Instituto de Seguridad y Servicios Sociales de los Trabajadores del Estado (Issste) de 2007 y demandar al gobierno federal recuperar un sistema de pensiones solidario e intergeneracional sin Unidades de Medida y Actualización (UMA) ni Administradoras de Fondos para el Retiro (Afores).
Dirigentes de la CNTE señalaron que su movimiento no es por la iniciativa de la presidenta Claudia Sheinbaum de reforma a la Ley del Issste, que la mandataria envió a la Cámara de Diputados, pero que retiró el martes.
Expusieron, en cambio, que buscan la abrogación de la Ley del Issste de 2007 y un régimen de jubilación por años de servicio: 28 para maestras y 30 para profesores.
La CNTE inició ayer un paro de labores de 72 horas, con la instalación de un plantón en el Zócalo de la Ciudad de México. Así culminó una marcha de contingentes de la capital, Oaxaca, Guerrero, Michoacán, Chiapas, Campeche y Zacatecas, sindicatos de trabajadores universitarios, académicos, del sector cultural y del gobierno capitalino.
Por la mañana, en conferencia de prensa, los secretarios generales de la secciones 22, de Oaxaca, Yenny Aracely Pérez Martínez; 9, de la Ciudad de México, Pedro Hernández Morales; 14, de Guerrero, Elvira Veleces Morales; 18, de Michoacán, Eva Hinojosa Tera, y 34, de Zacatecas, Filiberto Frausto Orozco, dijeron que consideraban insuficiente la cancelación de la iniciativa presidencial.

Hernández Morales enfatizó que tampoco es suficiente con que se diga que se va a detener la tabla de edades para la jubilación de los trabajadores del Estado, porque nuestra demanda central es llegar a los 28 años de servicio para las mujeres y de 30 años para los hombres.
Desde las primeras horas de ayer, cientos de integrantes de la disidencia magisterial instalaron sus casas de campaña, que se extendieron por casi todo el Zócalo. Al mediodía, la Plaza de la Constitución estaba abarrotada de profesores de diversos estados. Poco antes de las 9 de la mañana, los docentes se concentraron en el acceso principal de la Cámara de Diputados.
Pérez Martínez dijo que el gobierno federal no debe utilizar como pretexto el tema presupuestal para abrogar la ley de 2007. Recordó que ya discutieron el punto durante todo el gobierno del presidente Andrés Manuel López Obrador, por lo que no son demandas nuevas las que estamos presentando.
Informó que serán los maestros de base los que definan qué sigue en esta jornada de lucha. La Asamblea Nacional Representativa, órgano de dirección, discutía anoche las acciones para los próximos días.
La CNTE también realizó movilizaciones en Chiapas, Michoacán, Quintana Roo, Yucatán, Sinaloa y Sonora. En la capital de Chihuahua los inconformes, además, comenzaron un paro laboral de 24 horas para exigir mejoras en el servicio médico de Pensiones Civiles del Estado.
(Con información de los corresponsales)",2025-09-23,20 de marzo de 2025 07:29,Política,,Comienza la CNTE paro nacional de 72 horas,https://www.jornada.com.mx/noticia/2025/03/20/politica/comienza-la-cnte-paro-nacional-de-72-horas
,"Alfredo Valadez Rodríguez, corresponsal",politica,"Guadalupe, Zac . El gobierno federal invertirá 21 mil millones de pesos para adquirir 3 mil 300 equipos médicos necesarios en los 24 estados donde opera el programa IMSS Bienestar informó este sábado la presidenta Claudia Sheinbaum.
Al concluir en Zacatecas la tercera gira nacional de trabajo en la que recorrió dichas entidades, la mandataria puso en funcionamiento en la ciudad de Guadalupe la nueva área de Braquiterapia de la Unidad de Especialidades de Oncología del IMSS-Bienestar.
Esta última consiste en un nuevo tomógrafo y un nuevo acelerador lineal, que permitirán que sean atendidos localmente más del 80 por ciento de los tipos de cáncer, que se registran aquí, posicionando a ésta población, se informó, a la vanguardia en la atención de estos padecimientos.
Acompañada por el gobernador David Monreal Ávila y varios funcionarios federales del sector salud, la presidenta recordó que el IMSS atiende al 55 por ciento de la población, mientras que el Issste –que da servicio a trabajadores del sector público-, a un 7 por ciento de la gente.
“Todos los demás, que no tienen seguridad social”, es decir casi el 40 por ciento de la población del país, es atendida por el IMSS Bienestar, o por las instituciones de salud de los estados, y la meta es que sea un servicio de calidad total, con miras recordó, a que en el corto plazo en México tengamos un solo sistema de salud pública, unificado.
Para ello la titular del Poder Ejecutivo, acompañada de los funcionarios del IMSS Bienestar y sus directivos, se dio a la tarea de recorrer en tres ocasiones las 24 entidades donde se tiene la cobertura de este programa, y se visitaron todas las clínicas de salud y hospitales, para revisar minuciosamente qué cosas son las que hacen falta, “luego de décadas de abandono por los gobiernos del periodo neoliberal”.
Es así, indicó la presidenta, que “el diagnóstico lo cerramos hoy : sabemos que nos faltan 3 mil 300 equipos médicos diversos, que vamos a comenzar a comprar desde ya, y en los que desde el gobierno federal vamos a invertir 21 mil millones de pesos”.
En este plan de equipamiento y modernización de clínicas y hospitales, se incluye también la construcción de ocho nuevos hospitales de alta especialidad en el IMSS, uno de los cuales recordó, será erigido en esta ciudad de Guadalupe, la población de mayor crecimiento demográfico en la entidad.
Durante el evento protocolario, al que acudieron cientos de personas y trabajadores del sector salud, había un grupo de compañeras y familiares de Perla Yahaira Ortega Muñoz, de 31 años de edad, enfermera del IMSS que fue privada de su libertad en el barrio de El Orito de la capital de Zacatecas, el pasado 18 de julio.
Con pancartas y lonas con su fotografía, sus allegados gritaban “nos falta una enfermera”. Familiares de otras personas desaparecidas también se sumaron a la protesta.",2025-09-23,26 de julio de 2025 20:22,Política,,Habrá inversión en salud por 21 mil mdp en 24 entidades: Sheinbaum,https://www.jornada.com.mx/noticia/2025/07/26/politica/habra-inversion-en-salud-por-21-mil-mdp-en-24-entidades-sheinbaum
, Alma E. Muñoz y Alonso Urrutia,politica,,2025-09-23,30 de octubre de 2024 08:34,Política,,Sheinbaum firma decreto que “devuelve Pemex y CFE al pueblo de México”,https://www.jornada.com.mx/noticia/2024/10/30/politica/sheinbaum-firma-decreto-que-201cdevuelve-a-pemex-y-a-cfe-al-pueblo-de-mexico201d-1050
, Alma E. Muñoz y Alonso Urrutia,politica,,2025-09-23,17 de octubre de 2024 09:09,Política,,Sheinbaum reprocha que Calderón busque deslindarse de García Luna,https://www.jornada.com.mx/noticia/2024/10/17/politica/sheinbaum-reprocha-que-calderon-busque-deslindarse-de-garcia-luna-6528
,Emir Olivares y Alonso Urrutia,politica,"El rancho Izaguirre, en Teuchitlán, Jalisco, era un centro de adiestramiento del cártel Jalisco  Nueva Generación  ( CJNG ) donde, bajo engaños de falsos empleos en seguridad con salarios de 4 a 12 mil pesos a la semana, reclutaban a personas para formarlos como parte de la organización criminal, aseveró el titular de la Secretaría de Seguridad y Protección Ciudadana (SSPC), Omar García Harfuch.
Con base en el testimonio de José Gregorio Lastra Armida, alías  El Lastra  o  El comandante Lastra  –detenido la semana pasada en Cuajimalpa y quien era el capo de este equipo de reclutadores–, el funcionario federal reveló que quienes se oponían al adiestramiento en ese rancho o intentaban escapar eran golpeados, torturados y asesinados.
Durante la mañanera de la presidenta Claudia Sheinbaum Pardo, el secretario de Seguridad presentó algunos detalles de las investigaciones que se han realizado a raíz de la aprehensión de  El Lastra  el jueves 20 de marzo.
A pregunta sobre si se hallaron restos humanos en el lugar, respondió: “no tenemos conocimiento. La Fiscalía General de la República (FGR) va a determinar exactamente si hay restos; nosotros no lo tenemos confirmado. Lo que sí es que, en la primera operación que hizo la Secretaría de la Defensa Nacional, junto con la Guardia Nacional –en septiembre pasado–, había un cuerpo y se detuvieron a 10 personas”.
En ese marco, la jefa del Ejecutivo garantizó que habrá verdad por este caso y exhortó a que la FGR atraiga ya la indagatoria y tome el control del predio, pues hasta ayer seguía bajo custodia de la fiscalía de Jalisco.
García Harfuch señaló que Lastra Armida es ubicado como responsable del reclutamiento de personas para el  CJNG  de mayo de 2024 a inicios de marzo de 2025, y tenía a su cargo el centro de adiestramiento ubicado en el rancho Izaguirre.
Es uno de los principales colaboradores de Gonzalo Mendoza Gaytán, alias  El Sapo , cabecilla regional en Jalisco, Nayarit y Zacatecas para la organización criminal.
Refirió que mediante investigaciones y trabajos de inteligencia del gabinete de seguridad, se le logró ubicar en la Ciudad de México, donde se trataba de ocultar luego de que  El Sapo  le ordenó terminar con las actividades de adiestramiento.
El secretario delineó que se tiene conocimiento de que el detenido contaba con un grupo de colaboradores dedicado al reclutamiento, el cual tenía las siguientes características: utilizaban principalmente redes sociales para ofrecer oportunidades laborales falsas, mediante engaños, además de usar grupos cerrados donde se mencionaban las actividades delictivas; algunas de estas publicaciones referían ofertas de trabajo para la organización criminal y ofrecían un puesto como guardias de seguridad con un pago de 4 mil a 12 mil pesos semanales.
Agregó que los interesados eran citados en centrales de autobuses desde donde se les trasladaba al centro de adiestramiento en rancho Izaguirre; ya en ese lugar, el adoctrinamiento consistía en el manejo de armas de fuego y acondicionamiento físico.
A los reclutados se les obligaba a dejar sus pertenencias y se les uniformaba con ropa y botas tácticas; también, les retiraban sus celulares; el entrenamiento tenía aproximadamente un mes de duración, tiempo en el que permanecían incomunicados. Dependiendo de las aptitudes, a los reclutas se les otorgaba un puesto dentro de la organización y, asimismo, eran asignados a distintas entidades para incrementar el estado de fuerza de la organización delictiva, apuntó García Harfuch.
Subrayó que de acuerdo con el testimonio del detenido llegaron a privar de la vida a personas que se resistían a recibir el adiestramiento o bien intentaban escapar del lugar, así como golpearlos y someterlos a algún tipo de tortura.
A partir de la indagatorias por este caso, las autoridades federales hicieron una búsqueda y análisis de perfiles en redes sociales y plataformas para el reclutamiento de personas para grupos criminales. Gracias a ello, afirmó el secretario de Seguridad, se ha logrado dar de baja 39 páginas de reclutamiento en diferentes plataformas, y continúa la revisión.
Para el funcionario, esta información representa un avance para el esclarecimiento de los hechos delictivos relacionados con el rancho Izaguirre y que se espera atraiga la FGR.
La Presidenta, por su parte, enfatizó que se conocerá todo en torno a este caso. La verdad, no la verdad construida por alguien, sino la verdad.
Recordó que de septiembre del año pasado, cuando se dieron las primeras detenciones ligadas a este predio, la indagatoria ha estado a cargo de la fiscalía estatal.
Nosotros hemos pedido a la FGR que atraiga el caso. Y es necesario para atraer el caso, ¡ya!
La jefa del Ejecutivo recordó que la semana pasada, en su conferencia de prensa donde se habló de la atracción del caso, el fiscal general de la República, Alejandro Gertz Manero, señaló que hasta ahora hay muchos problemas con esa investigación. Pero se necesita que la fiscalía general tome el predio y haga las investigaciones.
Subrayó que más allá de cómo se ha vulnerado el lugar, tiene que iniciarse un proceso de investigación en el predio.
Sobre el tema del rancho, queremos que inicie esta búsqueda, porque no sabemos qué hizo la fiscalía estatal. No pueden quedarse las cosas así con la información que ha dado la fiscalía estatal.
Para la mandataria, la detención de  El Lastra  “es muy relevante y es parte de una investigación que ya se estaba haciendo.",2025-09-23,25 de marzo de 2025 07:19,Política,,"En rancho Izaguirre el CJNG adiestraba, torturaba y mataba",https://www.jornada.com.mx/noticia/2025/03/25/politica/en-rancho-izaguirre-el-cjng-adiestraba-torturaba-y-mataba
,Alonso Urrutia y Emir Olivares,politica,"Como parte de los encuentros bilaterales que sostuvo en el contexto de la cumbre del G-7, la presidenta Claudia Sheinbaum Pardo destacó que es casi un hecho que al comenzar 2026 se firmará el nuevo tratado comercial México-Unión Europea. Comentó que en su conversación invitó a la presidenta de esa asociación económica y política, Ursula von der Leyen, a visitar México. Vendrá en octubre para anunciar las características de la modernización del tratado vigente.
Acordamos que nuestros gabinetes se reunirán, o sea, ya un proceso concreto de reuniones para poder avanzar en la colaboración y la coordinación en materia económica. En el caso de la Unión Europea, recuerden que tenemos listo el tratado comercial para firmarlo a principios del próximo año, esa es la fecha establecida. Es la actualización del tratado que ya existía .
Igualmente resaltó su encuentro con el primer ministro de India, Narendra Modi, con quien se priorizaron dos temas: la industria farmacéutica –muy desarrollada en ese país– y el sector tecnológico. Le planteó alcanzar acuerdos de inversión para que las empresas de ese ramo de su nación puedan invertir en México, recordando que Serum Institute of India (el productor de vacunas más grande del mundo) ya tiene un equipo en México.
El acuerdo que se pretende afianzar con India no es sólo para garantizar la compra de medicamentos, lo que queremos es que haya inversiones conjuntas en México. Una inversión bilateral entre Birmex y Serum para que recuperemos la capacidad de hacer vacunas. India tiene más de 30 años desarrollando su industria, pero imagínense que India vino a Birmex hace años, para ver cómo había desarrollado su capacidad para hacer vacunas. Después, en los gobiernos neoliberales todo eso se acabó.
Captar mayores inversiones de Alemania
Sheinbaum declaró que también conversó con el canciller de Alemania, Friedrich Merz, sobre la inversión en el sector farmacéutico, pues hay importantes empresas alemanas en el ramo. Conversaron sobre el proyecto en México de captar mayores capitales en esta división de diversas empresas nacionales y extranjeras, de las compañías automotrices alemanas asentadas en nuestro país.
Se refirió a la reunión bilateral con el primer ministro canadiense, Mark Carney, con quien habló de la necesidad de fortalecer el tratado comercial de América del Norte; coincidieron en que en los tres países (incluido Estados Unidos) este tratado es ley y no podría cancelarse aduciendo razones de seguridad. Hablaron también de los permisos para trabajadores mexicanos en Canadá.
Lazos fuertes con Brasil
Sheinbaum comentó que con el presidente de Brasil, Luiz Inácio Lula da Silva acordó que su secretario de Comercio pudiera visitar México en agosto para reunirse con funcionarios de la Secretaría de Hacienda para establecer las áreas de complementariedad de nuestras economías y fortalecerse mutuamente.
No se trata de sustituir lo que producimos aquí para importarlo de Brasil, sino: aquello que no tiene Brasil, que nosotros podamos proveerlo; y aquello que tiene Brasil y nosotros no tengamos, ellos puedan, no solamente en términos de tratado comercial, sino de inversiones.",2025-09-23,19 de junio de 2025 07:05,Política,,"En 2026, nuevo pacto comercial entre México y la UE: Sheinbaum",https://www.jornada.com.mx/noticia/2025/06/19/politica/en-2026-nuevo-pacto-comercial-entre-mexico-y-la-ue-sheinbaum
,Alma E. Muñoz y Arturo Sánchez,politica,"Ciudad de México.  Ante el cerco establecido por manifestantes de la CNTE en los alrededores de Palacio Nacional, lo que impide también el acceso del personal encargado de la transmisión de la mañanera, Cepropie, la presidenta Claudia Sheinbaum enviará un mensaje a través de sus redes sociales.
La Coordinadora Nacional de Trabajadores de la Educación (CNTE) “tomó” esta mañana los acceso a Palacio Nacional  como “una medida de presión” para acelerar el diálogo con la presidenta Claudia Sheinbaum Pardo.
Por el cerco, el gabinete de seguridad se realiza vía online; la mayoría de sus integrantes no logró entrar.
Esta acción impide el acceso de reporteros para la habitual mañanera el pueblo.
Los profesores tienen tomadas las Calles de Corregidora, Correo Mayor, Soledad, además de la plancha del Zócalo y calles aledañas donde mantienen su mega plantón.
También tomaron la calle de Moneda, por donde habitualmente se ingres a Palacio Nacional.
Elementos policiacos custodian todos los accesos. Ante el bloqueo que mantienen integrantes de la Coordinadora Nacional de Trabajadores de la Educación (CNTE) en los accesos de Palacio Nacional, la presidenta Claudia Sheinbaum Pardo inició su conferencia de prensa de este miércoles a través de una transmisión en redes sociales desde el Salón Tesorería de Palacio Nacional.",2025-09-23,21 de mayo de 2025 06:37,Política,,Toma CNTE accesos a Palacio Nacional; mañanera a través de redes sociales,https://www.jornada.com.mx/noticia/2025/05/21/politica/toman-manifestantes-de-la-cnte-accesos-a-palacio-nacional
,Arturo Sánchez Jiménez,politica,,2025-09-23,05 de abril de 2025 18:47,Política,,Rechaza México declaraciones de Comité de ONU sobre desapariciones forzadas,https://www.jornada.com.mx/noticia/2025/04/05/politica/mexico-rechaza-declaraciones-de-comite-de-la-onu-sobre-desapariciones-forzadas
,Fernando Camacho Servín,politica,,2025-09-23,21 de febrero de 2025 18:12,Política,,Comisiones de San Lázaro aprueban reforma para reducir carga fiscal de Pemex,https://www.jornada.com.mx/noticia/2025/02/21/politica/comisiones-de-san-lazaro-aprueban-reforma-para-reducir-carga-fiscal-de-pemex-3195
,Iván Evair Saldaña y César Arellano,politica,,2025-09-23,26 de agosto de 2024 20:31,Política,,"Una burla, aprobación de dictamen de reforma judicial: jueces",https://www.jornada.com.mx/noticia/2024/08/26/politica/una-burla-aprobacion-de-dictamen-de-reforma-judicial-jueces-9851
,Alonso Urrutia y Néstor Jiménez,politica,,2025-09-23,03 de diciembre de 2024 07:16,Política,,"""A México se le respeta, y más los socios comerciales"": Sheinbaum",https://www.jornada.com.mx/noticia/2024/12/03/politica/a-mexico-se-le-respeta-y-mas-los-socios-comerciales-sheinbaum-7357
,Néstor Jiménez,politica,"Ciudad de México.  La secretaria de Gobernación, Rosa Icela Rodríguez, lanzó un ultimátum a los servidores públicos enfocados en la atención de los casos de desaparición de personas sobre que, si no hacen los cambios necesarios, “tendrán que irse”, ya que la presidenta Claudia Sheinbaum “no está jugando”.
Al concluir la reunión con el colectivo Guerreros Buscadores, la funcionaria federal expuso que una de las peticiones que han hecho los colectivos es que los servidores públicos tengan sensibilidad frente a las víctimas, luego de que reclamaron que hay quienes “son indolentes” ante estos casos.
“Nos hemos comprometido a que tengan un buen trato; que sean congruentes con la obligación de atender o de coadyuvar cuando la competencia cae en la jurisdicción de esas autoridades. Nosotros estamos convenciendo a todos los servidores públicos de que sea un enfoque con perspectiva de atención y protección a sus derechos. Hay cambios que se tienen que hacer y los vamos a hacer, y también cambios de servidores públicos que, si no lo hacen, van a tener que irse, porque la Presidenta no está jugando. Si no hacemos el trabajo bien, ella va a tomar una actuación distinta”, indicó en la clausura del encuentro ante los integrantes de esta agrupación.
-¿Es un ultimátum?- se le preguntó posteriormente en entrevista.
-Sí… es a nivel nacional, federal- respondió.
Además, refirió que pronto va a haber resultados en la investigación sobre el caso del rancho Izaguirre en Teuchitlán, Jalisco, donde las autoridades investigan la existencia de un centro de reclutamiento. Luego de aclarar que es la Fiscalía General de la República la que está realizando las indagatorias, apuntó que “se va a ver cuál es la responsabilidad de servidores públicos también, y de los que no quieran trabajar y atender sus responsabilidades, pues también”. Se hará una revisión de quienes no quieran trabajar, insistió.
Recalcó que “yo tenía que hacer un llamado de atención para que los servidores públicos de la Secretaría pongan atención a las denuncias, y en todo caso a las víctimas”.
Sobre los temas del encuentro de este lunes, agregó que se trató de “un diálogo y de propuestas para seguir adelante”, en el que se presentaron casos dolorosos.
En tanto, la líder de Guerreros Buscadores, Indira Navarro, señaló que “hoy sentimos que hemos comenzado a acompañarnos, hoy hay acuerdos, y sigue pasar a las acciones”. Tras agradecer la apertura a este diálogo con las autoridades, sostuvo que ésto puede cambiar la historia de miles de familias víctimas de desaparición.
Luego de exponer diez puntos con propuestas en esta materia, aseguró que hay un compromiso para una investigarse a las autoridades estatales de la administración del ex gobernador de Jalisco, Enrique Alfaro, y sostuvo que “van a remover”.
Cuestionada sobre el llamado que hizo momentos antes la Secretaria de Gobernación, Navarro dijo que “eso es lo que estábamos esperando… es un ultimátum para los funcionarios ya que ha habido mucha corrupción, y mucha omisión de parte de algunos, más en el estado de Jalisco”.
Reiteró que “es la primera vez que hay acercamiento, y es algo histórico”, y apuntó: “nos están dando esta confianza de caminar juntos, salimos con más confianza y más fe, satisfechos de la reunión”. Entre las propuestas que presentaron, se encuentra incluir las desapariciones en la política de seguridad federal; ampliar las competencias de la FGR; presionar para que policías cuenten con elementos certificados, un censo entre familias afectadas, entre otros. Desde mañana se esperan resultados, subrayó.
Con este colectivo, las autoridades federales programaron una nueva reunión para el 23 de mayo, mientras que tanto el martes como este jueves, continuarán los encuentros con otras agrupaciones. Mañana por la tarde recibirán a otros colectivos de Jalisco y de otras entidades, mientras que el jueves asistirán buscadores de Guanajuato.
",2025-09-23,07 de abril de 2025 19:13,Política,,"""O cambian o se van"": ultimátum de Rosa Icela a servidores públicos por desapariciones ",https://www.jornada.com.mx/noticia/2025/04/07/politica/gobierno-lanza-ultimatum-a-funcionarios-encargados-de-casos-desaparecidos
,Néstor Jiménez,politica,"Con el objetivo de trabajar abiertamente en conjunto con el gobierno de Estados Unidos y con la autodefinición de partido conservador, la agrupación México Republicano anunció que buscará sumar a un millón de afiliados para lograr el registro como partido político nacional, con un proyecto en el que defienden el modelo capitalista de centro-derecha, así como el impulso de la economía del país con base en la relación y comercio con la nación vecina del norte.
Se trata de una organización que se considera provida y que al menos desde 2022 comenzó reuniones encaminadas a integrarse como fuerza política, con vínculos con grupos religiosos y empresariales. Cuenta entre sus integrantes con Juan Iván Peña Neder, como presidente, y Larry Rubin, representante del Partido Republicano estadunidense en México, quien a la vez es asesor de México Republicano.
Entrevistado al concluir el acto, Gricha Raether, secretario general de la agrupación nacional, reconoció la afinidad que tienen con el partido del presidente estadunidense Donald Trump, pero aseguró que no reciben ningún financiamiento de ciudadanos extranjeros.
Tenemos aquí en México tanto a nuestro asesor, Larry Rubin, representante del Partido Republicano, como a un servidor, porque estuve involucrado en la política en Estados Unidos; estamos relacionados con quienes están ahora en el gobierno (de Trump). El nexo con el partido que actualmente está en el poder existía antes con los demócratas, pero ahora estamos mucho más alineados con la perspectiva de los republicanos, señaló.
–¿Temen que se les señale por injerencia desde Estados Unidos con esa línea ideológica?
–Podrían, pero nosotros somos muy claros en que uno de nuestros principales signos es la binacionalidad, la relación con Estados Unidos. Más allá de que nos señalen, lo decimos abiertamente: lo que queremos es trabajar conjuntamente con Estados Unidos.
Interrogado sobre la política migratoria del gobierno de Trump, afirmó que todos los países tienen derecho a defender sus fronteras y hacer valer sus leyes migratorias.
Durante una reunión ayer en la Ciudad de México, el ex gobernador de Guanajuato Juan Manuel Oliva, quien ha sido relacionado con el bloque conocido como El Yunque, rindió protesta como secretario de organización de México Republicano. Aclaró que ya presentó su renuncia al PAN; el organismo hizo un guiño a los militantes del  blanquiazul.
“Si Acción Nacional ha renunciado o se niega a defender los valores que le dieron origen, México Republicano lo hará… si Acción Nacional no está preparado para enfrentar a Claudia Sheinbaum porque le falta contundencia, nosotros se la prestamos”, expuso Peña Neder.
Aseguró que son el único partido que dice la verdad sobre su ideología y que el PAN y el PRI de manera constante caen en falsa retórica. “Nosotros no vamos a usar eufemismos ni vamos a mentir. Somos claramente lo que somos y convocamos claramente a lo que convocamos, por eso tendremos viabilidad en muchas regiones del país… ni siquiera puede atribuirse el discurso conservador a Claudio X. González; me parece que ellos no encajan en el modelo; nosotros sí respondemos al modelo ideológica, política y organizacionalmente”, apuntó.
En conferencia de prensa en un hotel en la Ciudad de México, sus integrantes se pronunciaron en contra de otorgar subsidios en el país, y en su lugar apostar por créditos para generar un crecimiento de más de 4 por ciento de la economía, con acciones vinculadas a la cadena productiva de Estados Unidos.",2025-09-23,23 de junio de 2025 07:11,Política,,Busca su registro en México partido afín al Republicano de EU,https://www.jornada.com.mx/noticia/2025/06/23/politica/busca-su-registro-en-mexico-partido-afin-al-republicano-de-eu
,Fabiola Martínez,politica,"Aunque el año entrante no habrá elecciones federales en México, la actividad político-electoral nacional podría costar 25 mil 896 millones de pesos, acorde con el anteproyecto presupuestal para el Instituto Nacional Electoral (INE), sin contar al Tribunal Electoral ni el financiamiento a los seis partidos políticos nacionales.
Los 18 mil 159 millones que solicitará el INE no consideran sólo lo necesario para su operación, sino una cantidad precautoria de 3 mil 119 millones para organizar consultas populares en caso de que se diera luz verde a un ejercicio de esa naturaleza.
En lo que toca a las prerrogativas de los partidos, éste sería el único monto no sujeto a recortes, pues se calcula con base en una fórmula establecida en la Constitución, tanto para gastos ordinarios como para campañas proselitistas, por lo que se les asignarán 7 mil 737 millones de pesos distribuidos entre las seis fuerzas políticas nacionales.
Después de varios meses de análisis fue elaborado el anteproyecto de Presupuesto 2026 del INE, el que en los próximos días será sometido a consideración del Consejo General y, posterior a ello, se enviará al Ejecutivo a fin de ser incluido en el proyecto de Presupuesto de Egresos de la Federación 2026. Es decir, la última palabra respecto al monto aprobado para la actividad político-electoral la tiene la Cámara de Diputados.
El documento base prevé una partida de 9 mil 311 millones de pesos para el pago de la nómina del instituto, de alrededor de 20 mil trabajadores en todo el país; a su vez, la cartera institucional de proyectos costaría 2 mil 499 millones.
En esta cartera se incluyó un total de 304.1 millones de pesos para empezar a organizar –desde septiembre– el megaproceso electoral federal de 2027; asimismo, 264.9 millones para coordinar elecciones locales, aunque en este caso sólo habrá una, en Coahuila, para renovar su Congreso.
Según el anteproyecto de presupuesto, los 18 mil 159 millones que pedirá el INE significan una cifra menor en 7.57 por ciento respecto a lo ejercido este año; sin embargo, en aquel periodo fueron autorizados 6 mil 219 millones para organizar la elección judicial del pasado 1º de junio. La nómina del INE cuesta actualmente 8 mil 817 millones, contra 9 mil 311 que se pedirían para el año entrante, considerando los efectos inflacionarios.
Para la actualización del padrón electoral este año se consideraron alrededor de 200 millones y para el entrante piden 337 millones, en el contexto de una estrategia de actualización digital, incluido el reforzamiento del formato de la credencial para votar.
Además de la nómina, los gastos más altos del INE tienen que ver con la organización de comicios y el Registro Federal de Electores.
Su estructura descentralizada se lleva buena parte de los recursos, esto es, mil 339 millones para las 32 juntas locales (una por cada entidad federativa) y 5 mil 606 millones para las 300 juntas distritales.
En tanto, para la operación de la presidencia del Consejo General se solicitarán 65 millones y para las oficinas de las consejerías, 248 millones, mientras que para los servicios de informática serían 763 millones, por mencionar algunas áreas del instituto.",2025-09-23,14 de agosto de 2025 07:44,Política,,Plantea INE presupuesto de 25 mil mdp para 2026,https://www.jornada.com.mx/noticia/2025/08/14/politica/plantea-ine-presupuesto-de-25-mil-mdp-para-2026
,Clara Zepeda,politica,"Los mercados financieros de Estados Unidos sufrieron ayer pérdidas de una magnitud comparable a las registradas en marzo de 2020, cuando el mundo se preparaba para enfrentar la pandemia de covid-19, calculadas en 3.1 billones de dólares, cifra que equivale a 1.8 veces la economía mexicana.
Fue la primera reacción que mostraron al giro de la política comercial de Estados Unidos anunciado por el presidente Donald Trump el miércoles. En medio del desplome bursátil, que se extendió a Europa y Asia, el peso mexicano recuperó valor para cerrar abajo de 20 unidades por dólar.
La divisa mexicana tuvo una apreciación diaria de 2.5 por ciento, equivalente a 51.22 centavos, la ganancia más grande desde el 7 de abril de 2020, cuando avanzó 2.7 por ciento frente a la moneda estadunidense, y cerró este jueves en 19.9434 pesos por dólar  spot , su mejor nivel desde el 18 de marzo.
En tanto, el dólar tuvo un fuerte descalabro: según un índice que mide su comportamiento frente a una canasta de seis divisas, cayó 1.75 por ciento, a 101.670 unidades.
Las ganancias de la Bolsa Mexicana de Valores disminuyeron hacia el cierre, pero terminó con un avance de 0.54 por ciento, en 54 mil 89.28 puntos, mientras el FTSE Biva subió 0.99 por ciento, a mil 99.72 enteros.
Entre 80 y 90 por ciento de las exportaciones mexicanas a Estados Unidos cumplen con las reglas de origen estipulados en el T-MEC, por lo cual la nueva política arancelaria de Estados Unidos puede reforzar la posición comercial de México frente a países que sí fueron objeto de aranceles recíprocos, explicó Miriam Acuña, economista jefe de Grupo Bursátil Mexicano, para explicar el movimiento del peso.
“El hecho de que México haya sido excluido de la lista de países sujetos a nuevos aranceles es positivo y refuerza la convicción de GBM de que el T-MEC se mantendrá en las renegociaciones del próximo año. De igual forma, las tarifas arancelarias impuestas, particularmente a países en el sudeste asiático, pueden ayudar a que el fenómeno de la relocalización o  nearshoring  vuelva a cobrar fuerza a favor de México”, aseveró Acuña.
Tras la avalancha arancelaria de Trump, que atizó los temores de recesión e inflación, las acciones estadunidenses perdieron ayer 3.1 billones de dólares en capitalización de mercado.
El tecnológico Nasdaq, arrastrado por el desplome del precio de las acciones de las  siete magníficas , perdió este jueves 5.97 por ciento, hasta 16 mil 550.61 puntos, su peor día desde la pandemia .
Por su parte, el S&P 500 retrocedió 4.84 por ciento, a 5 mil 396.59 unidades. El Dow Jones cedió 3.98 por ciento, a 40 mil 545.87 enteros.
La tecnológica más afectada fue Apple, con una caída de 9.25 por ciento. Se calcula que su pérdida de valor de mercado ascendió a unos 300 mil millones de dólares. Amazon retrocedió 8.98 por ciento y Nvidia, 7.82 por ciento.
Mientras, el índice DAX alemán perdió 3.08 por ciento; el CAC 40 francés, 3.31; el Nikkei japonés, 2.77, y el Ibex español, 1.19 por ciento. Todos subieron a la ola vendedora de los inversionistas, pues los intereses de la deuda viraron con fuerza a la baja. El perfil más defensivo de los inversionistas reavivó el apetito por instrumentos de renta fija y el alza de precios propicia el descenso de los intereses exigidos.
La rentabilidad de los bonos alemanes bajó a 2.6415 por ciento. En Estados Unidos, la tasa de interés del bono a 10 años se desinfló y cerró en 4.038 por ciento, lo que aviva el temor de un desplome de esa economía.
El clima de mayor aversión al riesgo impulsó el oro a un récord histórico. Este jueves los futuros del metal precioso retrocedieron 0.94 por ciento, a 3 mil 136.30 dólares por onza. El bitcóin se cotizó en alrededor de 83 mil dólares.
Los mercados asiáticos abren este viernes en rojo por segundo día consecutivo debido a la guerra comercial global desatada por los aranceles de Trump
El Nikkei de Japón inició la sesión con una pérdida de 1.85 por ciento y momentos después registró una baja de casi 3 por ciento, luego de caer 2.8 por ciento del jueves.
En Corea del Sur, el Kospi bajaba 1.76 por ciento; en tanto, los mercados de China, Hong Kong y Taiwán cerraron por feriado. Mientras, el índice australiano S&P/ASX 200 cayó 2 por ciento, a un mínimo de ocho meses.",2025-09-23,04 de abril de 2025 07:47,Política,,Estrepitosa caída de los mercados tras el anuncio arancelario,https://www.jornada.com.mx/noticia/2025/04/04/politica/estrepitosa-caida-de-los-mercados-tras-el-anuncio-arancelario
,Braulio Carbajal ,economia,"Los aranceles de Donald Trump no han frenado las exportaciones mexicanas a Estados Unidos. En el primer trimestre de 2025, según datos oficiales, México vendió mercancías por un valor de 131 mil 299 millones de dólares, una cifra sin precedente desde que existen registros, con lo que siguió como el principal socio comercial de la mayor potencia económica del mundo.
Según información de la Oficina del Censo del Departamento de Comercio de Estados Unidos, el valor de las exportaciones mexicanas a territorio estadunidense de los primeros tres meses del año registró un aumento de 9.6 por ciento en comparación con los 119 mil 849 millones de dólares reportados en el mismo periodo de 2024.
Este récord se da en un contexto de incertidumbre comercial derivado de las tensiones arancelarias y amenazas proteccionistas de Donald Trump, quien en el primer trimestre tuvo sus dos primeros meses completos como presidente de Estados Unidos.
En lo que se refiere a las importaciones de México desde EU, éstas se ubicaron en 84 mil millones de dólares, un incremento de 4.8 por ciento en comparación con los 80 mil 164 millones de dólares que se registraron en igual lapso del año pasado.
De esta forma, el comercio total entre ambos países, es decir, contando exportaciones e importaciones, se ubicó en 215 mil 300 millones de dólares –marca histórica para un periodo similar–, que representa 14.6 por ciento del intercambios global de EU.
Así, México continua siendo el principal socio comercial de la mayor economía del mundo, dejando atrás a Canadá, cuyo intercambio comercial con EU fue de 196 mil 300 millones de dólares en el primer trimestre de 2025, equivalente a 13.3 por ciento del total; en tanto, China sigue en el tercer puesto con 134 mil 500 millones de dólares, que representan 9.1 por ciento del comercio global estadunidense.
En el caso de China, el volumen comercio se ha estancado, dado que se ubica exactamente en los mismos niveles de hace un año, luego de que los aranceles impuestos por Trump al gigante asiático rebasaran 100 por ciento. No obstante, sus importaciones desde esa nación aumentaron casi 5 por ciento al pasar de 97 mil 628 millones de dólares a 102 mil 658 millones.
Déficit alcanza 140.5 mil mdd
El buen desempeño de las exportaciones mexicanas se registra a pesar que desde el 12 de marzo EU aplica un arancel de 25 por ciento al acero, aluminio y algunos derivados de ambos metales; además que desde el 4 de febrero impone otra tarifa de 25 por ciento a todos los productos mexicanos que no cumplan con el Tratado entre México, Estados Unidos y Canadá (T-MEC).
De acuerdo con la Oficina del Censo, en el primer trimestre de 2025 el déficit comercial de Estados Unidos alcanzó un nivel sin precedente, con un aumento de 14 por ciento al cerrar en alrededor de 140 mil 500 millones de dólares.
El valor de las importaciones aumentó 4.4 por ciento anual en los primeros tres meses del año, marcando un máximo histórico de 419 mil millones de dólares. En contraste, las exportaciones apenas subieron 0.2 por ciento anual.
Según el reporte, las importaciones históricas de bienes por parte de EU se dieron, principalmente, debido al aumento de los envíos de productos farmacéuticos, importaciones de bienes de capital y vehículos de motor, esto en contexto, según coincidieron especialistas, en que se aceleraron los envíos ante las amenazas arancelarias de Trump.",2025-09-23,07 de mayo de 2025 07:00,Economía,,"Como nunca, exportaciones de México a Estados Unidos",https://www.jornada.com.mx/noticia/2025/05/07/economia/como-nunca-exportaciones-de-mexico-a-estados-unidos
,Ap y Europa Press,economia,"Washington.  La deuda nacional bruta del gobierno de Estados Unidos superó los 37 billones de dólares, una cifra récord que pone de relieve el rápido aumento de la deuda de la mayor economía del mundo y mayores presiones sobre los contribuyentes.
La actualización se encuentra en el más reciente informe del Departamento del Tesoro emitido el martes, que registra las finanzas diarias de la nación.
La deuda federal bruta incluye 29.64 billones de dólares en deuda pública y otros 7.36 billones de dólares en deuda intragubernamental, lo que sitúa la proporción en torno al 123 por ciento del producto interno bruto (PIB).
“Este nivel de endeudamiento supera el PIB de China y de toda la eurozona en conjunto”, advierten desde la Fundación Peterson, destacando que, en porcentaje del PIB, los niveles de deuda de Estados Unidos son comparables a los de justo después de la Segunda Guerra Mundial, a pesar de encontrarse en expansión económica y en relativa paz.
La deuda estadounidense superó los 37 billones de dólares años antes de lo previsto. Las proyecciones de enero de 2020 de la Oficina de Presupuesto del Congreso preveían que la deuda federal bruta superaría los 37 billones de dólares después del año fiscal 2030.
Sin embargo, la deuda creció más rápido de lo esperado debido a la pandemia de covid-19 que comenzó en 2020 y que paralizó gran parte de la economía de Estados Unidos, que hizo que el gobierno federal usara extensamente el crédito durante los mandatos del entonces presidente Donald Trump y del ex presidente Joe Biden para estabilizar la economía nacional y apoyar una recuperación.
Presupuesto de Trump sumará 4.1 billones de dólares a la deuda
Y ahora, se ha aprobado más gasto gubernamental después de que Trump firmara la legislación de recorte de impuestos y gasto de los republicanos este año. De acuerdo con las previsiones de la Oficina de Presupuesto del Congreso, la ley agregará 4.1 billones de dólares a la deuda nacional en la próxima década.
Michael Peterson, presidente y director general de la Fundación Peter G. Peterson, dijo en un comunicado que el endeudamiento del gobierno ejerce presión al alza sobre las tasas de interés, “añadiendo costos para todos y reduciendo la inversión del sector privado.
Dentro del presupuesto federal, la deuda desplaza prioridades importantes y crea un ciclo perjudicial de más endeudamiento, más costos por intereses y aún más endeudamiento”.
Wendy Edelberg, investigadora sénior en Estudios Económicos en la Institución Brookings, dijo que el Congreso tiene un papel importante en la puesta en marcha de políticas de gasto e ingresos, y el resultado de la ley fiscal de los republicanos “significa que vamos a pedir prestado mucho durante el transcurso de 2026, vamos a pedir prestado mucho durante el transcurso de 2027, y simplemente seguirá así”.
Ciudadanos pagan mayores costos de financiamiento y perciben salarios más bajos
La Oficina de Rendición de Cuentas del Gobierno de Estados Unidos describe algunos de los impactos del aumento de la deuda gubernamental en los estadounidenses, como mayores costos del crédito para cosas como hipotecas y automóviles, salarios más bajos debido a que las empresas tienen menos dinero disponible para invertir, y bienes y servicios más caros.
Peterson señala cómo se han ido rompiendo récords de la deuda a un ritmo más rápido. De hecho, el 'think tank' alerta que el ritmo de acumulación de deuda estadounidense se está acelerando y en la década actual está aumentando casi cinco veces más rápido que a principios del siglo XXI.
Estados Unidos alcanzó los 34 billones de dólares en deuda en enero de 2024, 35 billones en julio de 2024 y 36 billones en noviembre de 2024. “Ahora estamos añadiendo un billón más a la deuda nacional cada cinco meses”, dijo Peterson. “Eso es más del doble de rápido que la tasa promedio de los últimos 25 años”.
El Comité Económico Conjunto estima que, al ritmo de crecimiento actual, se añadiría otro billón de dólares a la deuda en aproximadamente 173 días.
Maya MacGuineas, presidenta del Comité para un Presupuesto Federal Responsable, dijo en un comunicado que “esperemos que este hito sea suficiente para despertar a los legisladores a la realidad de que necesitamos hacer algo, y necesitamos hacerlo rápidamente”.",2025-09-23,13 de agosto de 2025 18:12,Economía,,Deuda de EU rompe récord: 37 billones de dólares que representa 123% de su PIB,https://www.jornada.com.mx/noticia/2025/08/13/economia/-deuda-nacional-de-eu-alcanza-un-record-de-37-billones-de-dolares
,Braulio Carbajal,economia,"La producción de maíz en Estados Unidos alcanzó un nivel histórico para la temporada 2025-2026, con una cosecha estimada en 425 millones de toneladas, según el más reciente reporte de oferta y demanda del Departamento de Agricultura de Estados Unidos (USDA, por sus siglas en inglés).
Este volumen, impulsado por rendimientos récord gracias al uso de semillas genéticamente modificadas, resistentes a sequías y con menor dependencia de herbicidas e insecticidas, ha generado un impacto significativo en los mercados globales, afectando directamente a los productores mexicanos.
El anuncio del USDA provocó una caída en los precios del maíz en el mercado de futuros de Chicago, donde los contratos más cercanos registraron su nivel más bajo desde el primer semestre de 2020. De un precio de 198 dólares por tonelada en febrero, los contratos han descendido a 146 dólares, una reducción de 26 por ciento.
Este desplome, combinado con una depreciación del dólar de 8 por ciento, se traduce en la disminución de 22 por ciento en el precio de referencia del maíz amarillo y de 20 por ciento en el maíz blanco en México.
En nuestro país, explicó Juan Carlos Anaya, director general del Grupo Consultor de Mercados Agrícolas (GCMA), los precios del maíz blanco, amarillo y sorgo están estrechamente ligados a las cotizaciones internacionales, por lo que esta baja en los mercados globales impactará directamente los ingresos de los productores, especialmente de los medianos y grandes, quienes representan la mayor parte de la producción nacional.
“A diferencia de sus contrapartes estadunidenses, que cuentan con precios mínimos garantizados y seguros de rentabilidad, los agricultores mexicanos carecen de programas de administración de riesgos o esquemas de comercialización garantizada, como los que existieron entre 2001 y 2019”, explicó
Según estimaciones del GCMA, los productores de maíz de riego enfrentan una rentabilidad de apenas 2 por ciento, equivalente a mil 168 pesos por hectárea. Sin embargo, para el maíz de temporal, los escenarios son aún más críticos, con pérdidas estimadas en hasta 8 por ciento y un déficit de 3 mil 270 pesos por hectárea. “Los pequeños productores, enfocados principalmente en el autoconsumo, reciben apoyos asistenciales y precios de garantía, pero su aporte a la oferta nacional es limitado”, explicó el especialista.
Mientras los productores agrícolas enfrentan márgenes reducidos y mayor vulnerabilidad, las industrias consumidoras de maíz, como la de alimentos balanceados y la procesadora de alimentos, se beneficiarán de insumos más baratos. Esta reducción en los costos, indicó, podría traducirse en mayor competitividad para estas industrias, aunque no necesariamente en beneficios para el consumidor final en un contexto económico incierto.
Anaya subraya la necesidad de reactivar programas de administración de riesgos y de soporte a la comercialización para garantizar ingresos estables y fortalecer la producción nacional. Sin estas medidas, el campo mexicano seguirá enfrentando presiones ante la creciente productividad y respaldo que reciben los agricultores estadunidenses.",2025-09-23,17 de agosto de 2025 07:59,Economía,,Récord de producción de maíz en EU presiona a México,https://www.jornada.com.mx/noticia/2025/08/17/economia/record-de-produccion-de-maiz-en-eu-presiona-a-mexico
,Clara Zepeda,economia,"Afectada por el estancamiento de los servicios y el comercio, así como por la caída del sector industrial, la debilidad de la economía de México se extendió a enero de 2025, informó el Instituto Nacional de Estadística y Geografía (Inegi).
El Indicador Global de la Actividad Económica (IGAE), publicado cada mes, registró una baja de 0.2 por ciento en el primer mes del año, su segundo retroceso consecutivo. A tasa anual no se movió, luego de una caída de 0.7 por ciento en diciembre.
Aun sin los aranceles con que ha amenazado Estados Unidos y sin ajuste en las cifras, la economía mexicana retrocedió 0.1 por ciento a tasa anual. Los servicios se estancaron en el mes y la industria volvió a caer.
Alfredo Coutiño, director de Moody’s Analytics para América Latina, advirtió que ante la debilidad en enero crece la posibilidad de una contracción trimestral, lo que constituiría una recesión técnica.
La cifra sin ajustar presentará en marzo el efecto positivo anual de la Semana Santa. Para evitar la contracción trimestral se necesitaría un extraordinario repunte en (ese mes), pero no se alcanza a ver, precisó el analista en una publicación en su cuenta de X.
El indicador oportuno de la actividad económica (IOAE), que permite hacer estimaciones econométricas oportunas sobre la evolución del IGAE, prevé una ligera recuperación en enero, pero el dato oficial de este indicador confirma el debilitamiento.
El sector primario, que incluye agricultura, ganadería, silvicultura, pesca y caza, reportó un crecimiento de 3.1 por ciento mensual en enero y de 14.6 por ciento frente al mismo mes de 2024, debido a que las sequías aminoraron.
No obstante, el sector secundario (industria) retrocedió 0.4 por ciento en enero frente a diciembre de 2024, la cuarta caída consecutiva, y hubo una contracción de 2.8 por ciento anual, por lo que acumuló cinco retrocesos anuales.
El sector terciario, que incluye servicios y comercio, no presentó variación en enero y creció uno por ciento en comparación con el mismo mes de 2024.
El área de estudios económicos de Banamex estimó una caída del PIB de 0.5 por ciento en el primer trimestre. Añadió que la producción industrial se ha debilitado en parte por la atonía de las manufacturas en Estados Unidos, la caída de la minería y, recientemente, por la pérdida de impulso de la construcción, especialmente la pública.",2025-09-23,25 de marzo de 2025 07:43,Economía,,"Aun sin aranceles, México va a la baja",https://www.jornada.com.mx/noticia/2025/03/25/economia/aun-sin-aranceles-mexico-va-a-la-baja
,Clara Zepeda,economia,"El peso mexicano presenta una fuerte debilidad frente al dólar, tras los primeros resultados preliminares en Estados Unidos que favorecen a Donald Trump. La divisa mexicana se deprecia 2. 89  por ciento la noche de este martes, para cotizar en alrededor de 20.6 801  pesos por dólar, nivel no visto desde agosto de 2022.
La moneda mexicana, una de las divisas más intercambiadas de economías emergentes, registró una ‘extrema volatilidad’ a lo largo del proceso electoral en Estados Unidos , en donde se prevé una contienda cerrada entre la demócrata Kamala Harris y el republicano Donald Trump. Sin embargo, las probabilidades del triunfo de Trump es del 70 por ciento, según sondeos.
“El proceso electoral en Estados Unidos ha iniciado su fase de cierre de urnas e inicio del conteo de votos. Diversos medios han anunciado el triunfo de Donald Trump en estados como Florida, Indiana y Missouri; mientras que Kamala Harris habría triunfado en Vermont, Massachusetts y el Distrito de Columbia”, describieron analistas de Signum Research.
Cabe recordar que en las elecciones de 2016, donde participaron Hillary Clinton y Donald Trump, el republicano resultó ganador. Tras su triunfo, el tipo de cambio pasó de 18.60 pesos por dólar a 20.90, y casi llegó a los 22 pesos, luego de que tomó posesión como presidente en enero de 2017.
Ante la incertidumbre de las elecciones, el tipo de cambio superó por momentos de la jornada en el mercado interbancario los 20.36 pesos por dólar. La votación de la Reforma al Poder Judicial en México sumó incertidumbre. A las 14 horas, tiempo de la Ciudad de México, el tipo de cambio se coloca en 20.0788, una apreciación de 0.36 por ciento.
De acuerdo con especialistas, la jornada electoral en Estados Unidos aplaza buena parte de los ajustes de las carteras de los inversionistas, quienes aguardan a conocer el nuevo escenario político en la mayor economía mundial antes de modificar sus posiciones.
En tanto, los futuros del Dow Jones, el índice estadounidense que alberga a las 30 empresas más grandes, suben 500 puntos; es decir, 1.21 por ciento, previo a que se conozca quién será el próximo inquilino de la Casa Blanca.",2025-09-23,05 de noviembre de 2024 21:09,Economía,,Se derrumba el peso mexicano 2.89 por ciento,https://www.jornada.com.mx/noticia/2024/11/05/economia/se-derrumba-el-peso-mexicano-2-89-por-ciento-4685
,Kevin Ruiz y Lilian Hernández,economia,"Ciudad de México.  Debido a una amenaza de presunta bomba en la Facultad de Economía de la Universidad Nacional Autónoma de México (UNAM), elementos del equipo Fuerza de Tarea Zorros de la Secretaría de Seguridad Ciudadana (SSC), intervinieron en el lugar para una revisión de las instalaciones.
La SSC señaló que se realizan recorridos en las inmediaciones luego de recibir de las autoridades universitarias el requerimiento para la intervención con equipo especializado en detección de artefactos explosivos.
Se realizó la evacuación de la comunidad estudiantil para los trabajos correspondientes, sin que hasta el momento se haya detectado algún artefacto.
La UNAM informó que la madrugada de este jueves recibió un mensaje anónimo que contenía amenazas por la instalación de artefactos explosivos ""que podrían dañar a integrantes de la comunidad” en los edificios A y B, por lo que se suspendieron las actividades tanto en dicha facultad como en la de Derecho.


",2025-09-23,18 de septiembre de 2025 09:34,Capital,,Suspenden clases en Economía y Derecho de la UNAM tras amenaza de presunta bomba,https://www.jornada.com.mx/noticia/2025/09/18/capital/reportan-amenaza-de-presunta-bomba-en-la-facultad-de-economia-de-la-unam
,"Armando G. Tejeda, corresponsal ",economia,"Madrid.  La multinacional española energética Iberdrola prepara su salida definitiva y total de México, según el portal de noticias español  El Confidencial , que además informa que contrató los servicios de la entidad financiera Barclays Bank para vender hasta 15 plantas que operan en nuestro país, sobre todo las de energías renovables. El año pasado, cuando todavía gobernaba México el Presidente Andrés Manuel López Obrador, la eléctrica europea anunció la venta de una serie de activos al Estado mexicano, en lo que fue el primer paso de esta proceso abierto.
En la información publicada se afirma que Iberdrola ya inició el proceso para “desprenderse” de los cerca de dos mil 600 megavatios de potencia instalada en México. E incluso se advierte que la multinacional española “ya ha recibido ofertas por sus seis parques eólicos, los tres fotovoltaicos y las seis centrales de cogeneración y de ciclo combinado que tiene en doce de los estados del país. En concreto, en Coahuila, Nuevo León, Querétaro, Tamaulipas, Puebla, Guanajuato, Sonora y San Luis Potosí, entre otros”. La operación por la venta de estas plantas superaría los cuatro mil millones de euros (alrededor de 85 mil millones de pesos).
Siempre según este portal, que está especializado en noticias de investigación y de empresas, “varios fondos de infraestructuras estadunidenses se han interesado por estos activos, que son los que Iberdrola mantuvo cuando en febrero de este año firmó oficialmente la venta del 55 por ciento de sus negocios” en México.
Además se advierte que “aunque Iberdrola se comprometió oficialmente a seguir en México, Ignacio Sánchez Galán, presidente de Iberdrola, ha optado por salir definitivamente del país y vender el 45 por ciento del negocio que operaba. Especialmente por las dudas sobre la seguridad jurídica en el país”. Y detallan el hecho de “cuando la Comisión Reguladora de Energía de México (CRE) aprobó en 2022 una sanción económica de nueve mil 145 millones de pesos (unos 435 millones de euros) a Iberdrola Energía Monterrey (IEM), filial de la eléctrica española, por la venta de electricidad producida bajo el esquema de autoabastecimiento. La sanción se refiere a la venta de energía generada en la central de Pesquería, Nuevo León, a más de 400 empresas, entre las que se encuentran Cervecería Cuauhtémoc-Moctezuma o Cemex”.
En la nota se añade un fragmento de la resolución sancionadora, en la que advierte que “se concluye que la conducta de la permisionaria fue de carácter grave, ya que, a sabiendas de que tiene la obligación de no vender, revender o enajenar por ningún título, directa o indirectamente, capacidad o energía eléctrica, salvo los casos autorizados por la ley, inobservó la norma llevando a cabo la conducta prohibida por la misma”.
Además se advierte que “Pedro Azagra, el nuevo consejero delegado del grupo energético vasco desde el pasado mes de junio, confía en que esta desinversión también sea bienvenida por los analistas, ya que permitirá mejorar la solvencia financiera al rebajar la deuda y garantizar el pago creciente del dividendo”.
Esta noticia coincidió con la presentación de los resultados del primer semestre de este año de la energética española, que obtuvo un beneficio operativo de ocho mil 286 millones de euros, un 13,8 menos que el año anterior, debido sobre todo a las menores plusvalía. Además anunció una ampliación de capital en cinco mil millones de euros para financiar operaciones de expansión en Estados Unidos y el Reino Unido.
Interrogado al respecto, durante una conferencia con inversionistas correspondiente a los resultados del segundo trimestre de 2025, José Sánchez Galán, presidente de la compañía a nivel global, zanjó: “No comento sobre rumores, no tengo idea”.



",2025-09-23,23 de julio de 2025 14:21,Economía,,Iberdrola prepara su salida definitiva y total de México,https://www.jornada.com.mx/noticia/2025/07/23/economia/iberdrola-prepara-su-salida-definitiva-y-total-de-mexico
,Agencias,economia,"Washington. El gobierno del presidente Donald Trump impuso, a partir de las 10:01 de la noche de este martes, tiempo del centro de México, aranceles de 25 por ciento a todas las importaciones estadunidenses de acero y aluminio, que incluyen las que llegan de México y Canadá, sus dos socios en el tratado comercial de América del Norte.
Trump aseguró que esos impuestos especiales a la importación ayudarían a crear empleos en las fábricas estadunidenses, en un momento en que sus amenazas arancelarias, con sus fluctuaciones, están sacudiendo el mercado bursátil y generando temores de una desaceleración económica.
Los países más afectados por los aranceles son Canadá, el mayor proveedor extranjero de acero y aluminio a Estados Unidos; Brasil, México y Corea del Sur, que han disfrutado de algún nivel de exenciones o cuotas, indicó Reuters.
Fuente del gobierno mexicano comentaron que la administración estadunidense no quiso excluir a México de los aranceles, aun cuando hay pláticas en curso.
A partir del miércoles, Estados Unidos impondrá aranceles de 25 por ciento a todas las importaciones de acero y aluminio de todos los socios comerciales sin excepciones ni exenciones, según una declaración de la Casa Blanca, citada por ABC News.
El presidente Trump impuso un arancel de 25 por ciento a las importaciones de metales de cualquier país, una medida que se espera que aumente los costos para los fabricantes estadunidenses, reportó  The New York Times .
La medida, que según Trump busca reforzar las protecciones para los productores locales de acero y aluminio, restablece aranceles globales efectivos de 25 por ciento sobre todas las importaciones de estos metales y extiende las tarifas a cientos de productos derivados, desde tuercas y tornillos hasta hojas de excavadoras y latas de refresco.
Trump eliminó todas las exenciones de los aranceles de 2018 sobre estos metales, además de aumentar las tarifas sobre el aluminio, que eran de 10 por ciento. Sus medidas, basadas en una directiva de febrero, forman parte de un esfuerzo más amplio para transformar el comercio global, informó Ap.
Trump ha impuesto aranceles separados a Canadá, México y China, y planea gravar también las importaciones de la Unión Europea, Brasil y Corea del Sur mediante el cobro de tasas recíprocas –el mismo impuesto que un país cobra a Estados Unidos– a partir del 2 de abril, en una medida adicional a la anunciada este martes relativa al aluminio y acero.
Importa la mitad del metal que requiere la industria
En una declaración a los directores ejecutivos en la Mesa Redonda Empresarial, Trump aseguró ayer que los aranceles estaban impulsando a las empresas a invertir en fábricas estadunidenses. Es poco probable que la caída de 8 por ciento del índice bursátil S&P 500 durante el último mes por temores a un deterioro del crecimiento lo disuada, ya que el presidente argumentó que tasas arancelarias más altas serían más efectivas para reactivar las fábricas, publicó Ap.
El presidente Donald Trump prometió en febrero gravar estos dos metales y sus derivados sin excepciones, lo que incluye a Canadá y México, sus socios en el Tratado de libre comercio de América del Norte (T-MEC).
Por países, el más afectado será Canadá, que suministra la mitad de las importaciones de aluminio y 20 por ciento de las de acero, según la consultora EY-Parthenon, mencionó Afp.
En el caso del aluminio, los Emiratos Árabes Unidos, Corea del Sur, Baréin y China, que representan cada uno entre 3 y 6 por ciento de las importaciones estadunidenses, también sufrirán las consecuencias.
Brasil, India, Argentina y México abastecen el mercado en menor medida, pero aun así podrían sufrir interrupciones en la cadena de suministro a medida que los compradores ajusten sus estrategias de abastecimiento, advierte la consultora.
En el sector del acero, Brasil (17 por ciento de las importaciones) y México (10 por ciento) serán los más afectados después de Canadá. Le siguen Corea del Sur, Alemania y Japón.
Estados Unidos importa aproximadamente la mitad del acero y el aluminio que se utilizan en el país para industrias tan diversas como la automotriz, la aeronáutica, la petroquímica y productos básicos de consumo como las conservas.",2025-09-23,12 de marzo de 2025 07:03,Economía,,"Desde hoy, aranceles de EU a todo el mundo en aluminio y acero",https://www.jornada.com.mx/noticia/2025/03/12/economia/desde-hoy-aranceles-de-eu-a-todo-el-mundo-en-aluminio-y-acero
,Emir Olivares y Arturo Sánchez,economia,"Ciudad de México.  México responderá con medidas arancelarias y no arancelarias a la imposición “unilateral” de tarifas impuesta por Donald Trump a las exportaciones de nuestro país, sostuvo la presidenta Claudia Sheinbaum Pardo.
A la vez, rechazó el comunicado “ofensivo, difamatorio y sin sustento sobre el gobierno de México”, emitido anoche por la Casa Blanca, en el que se hacen señalamientos “que negamos rotundamente y condenamos categóricamente”.
Ante la concreción de los impuestos decretada por el republicano, la jefa del Ejecutivo convocó a las y los mexicanos a enfrentar juntos este desafío y mantener la defensa de la soberanía nacional; además que los llamó a acudir el próximo domingo al medio día al Zócalo de la Ciudad de México a una asamblea informativa en la que detallará el tipo de medidas con las que se revirará la imposición del magnate.
La mandataria abrió la mañanera de este martes —horas después de que entraron en vigor los aranceles—, con la lectura de un comunicado en el que fija la postura de su administración ante las medidas de su homólogo estadunidense.
Remarcó que ayer, después de una pausa de 30 días, la administración de Trump decidió de manera unilateral imponer 25 por ciento de aranceles a las exportaciones de México, esto aun cuando México ha mostrado avances en la lucha contra el crimen organizado y el fentanilo, reconocida inclusive con números de su contraparte estadunidense.
“Por ello, somos enfáticos. No hay motivo, razón ni justificación que soporte esta decisión que afectará a nuestros pueblos y naciones. Lo hemos dicho de diferentes formas, cooperación y coordinación, sí; subordinación, intervencionismo, no. A México se le respeta, somos naciones iguales.
Demandó a Washington a asumir su responsabilidad en torno a la crisis de consumo que se enfrenta en su país y sus ciudadanos, al igual que a combatir a los grupos delincuenciales que operan en territorio estadunidense y “envenenan” a sus ciudadanos con la venta y distribución ilegal al interior de sus fronteras.
Agregó: “Nosotros siempre buscaremos una solución negociada, como lo hemos propuesto, en el marco del respeto a las soberanías, pero la decisión unilateral que toma Estados Unidos afecta a las empresas nacionales y extranjeras que operan en nuestro país y afectan a nuestros pueblos (…)
“He decidido responder con medidas arancelarias y no arancelarias que anunciaré en plaza pública el próximo domingo. No es el propósito iniciar una confrontación económica y comercial, que desafortunadamente es lo opuesto a lo que deberíamos estar haciendo: integrar más nuestras economías frente al avance económico y comercial de otras regiones”, enfatizó.
A continuación, el comunicado íntegro
“El día de ayer el gobierno de los Estados Unidos después de 30 días de pausa decidió unilateralmente imponer 25 por ciento de aranceles a las exportaciones de México, a pesar del tratado comercial firmado por el propio presidente Trump en su primer mandato y de que en este periodo de tiempo en estos 30 días se desarrollaron acciones contundentes contra la delincuencia organizada y el tráfico de fentanilo, así como reuniones bilaterales de seguridad y comercio, que llegaron acuerdo sustantivos de cooperación entre ambos países.
“Ayer en la noche, la Casa Blanca publicó un comunicado ofensivo, difamatorio y sin sustento sobre el gobierno de México, que negamos rotundamente y condenamos categóricamente.
“Desde que dio inicio el gobierno que represento, el 1 de octubre de 2024, hemos trabajado y dado resultados en materia de seguridad; por ejemplo, en el caso de tráfico de fentanilo las propias cifras de la oficina de Aduanas y Protección Fronteriza de ese país (CBP, por sus siglas en inglés) muestran que las incautaciones de fentanilo en Estados Unidos provenientes de México se redujeron en 50 por ciento de octubre de 2024 a enero de 2025.
“Otros resultados en estos cinco meses de gobierno son los siguientes: el aseguramiento de 6 mil 998 armas de fuego, 75 por ciento de las cuales provienen de los Estados Unidos, y de 121.4 toneladas de drogas, incluyendo mil 260 kilogramos y un millón 332 mil 126 pastillas fentanilo.
“Se han desmantelado 329 laboratorios clandestinos para la elaboración de metanfetaminas, e incautado la cifra histórica de 26.4 toneladas de cocaína en operaciones marítimas. Se detuvieron 13 mil 858 personas por delitos de alto impacto y recientemente fueron trasladados (a Estados Unidos) 29 personas privadas de su libertad, acusadas de graves delitos relacionados con violencia y narcotráfico, a Estados Unidos, para beneficio de la seguridad de ambos países. Esto ha permitido una reducción de homicidios dolosos de 15 por ciento en nuestro país entre octubre de 2024 y febrero de 2025.
“Por ello, somos enfáticos. No hay motivo, razón ni justificación que soporte esta decisión que afectará a nuestros pueblos y naciones. Lo hemos dicho de diferentes formas, cooperación y coordinación, sí; subordinación, intervencionismo, no. A México se le respeta, somos naciones iguales.
“Por razones humanitarias colaboramos para evitar el tráfico de drogas ilegales hacia Estados Unidos, pero como lo hemos manifestado en múltiples ocasiones, el gobierno de ese país debe hacerse cargo también de la crisis de consumo de opioides que ha causado tantas muertes en Estados Unidos. Es un problema de salud pública profunda que deben atender.
“Asimismo deben actuar contra los grupos delictivos que internan de manera ilegal a través de sus puertos y aeropuertos los precursores de fentanilo, así como la delincuencia que produce, distribuye y vende ilegalmente el fentanilo y otras drogas, en su territorio, envenenando a sus habitantes.
“Datos de CPB de 2024 publicados por el Instituto Cato de Washington revelan que 80 por ciento de los detenidos en los puertos de entrada de Estados Unidos por tráfico de fentanilo entre 2019 y 2024, fueron ciudadanos estadunidenses, incluso la comisión de sentencias de Estados Unidos informa que el 81.9 por ciento de los procesados por tráfico de drogas son de nacionalidad estadunidense.
Por otro lado, el 8 de enero del presente, el Departamento de Justicia de los Estados Unidos reconoció el grave problema del tráfico de armas de Estados Unidos a México, 74 por ciento de las armas de alto poder incautadas en México, provienen ilegalmente de los Estados Unidos.
“Es tiempo de que asumamos cada país nuestro compromiso. En Estados Unidos la crisis de consumo de opioides que se ha desatado, inició con la aprobación irresponsable de fármacos por parte de la FDA. Un juicio contra una farmacéutica en su propio país, demostró que la aprobación del primer fármaco con opioides que se vendió y promovió masivamente, se basó en información alterada para la aprobación de la propia FDA.
“La coordinación entre ambas naciones es necesaria para atender el fenómeno de la violencia y el tráfico de drogas, pero siempre basada en el respeto.
“Quiero dejar claro el día de hoy, que nosotros siempre buscaremos una solución negociada, como lo hemos propuesto, en el marco de respeto a nuestra soberanía. Pero la decisión unilateral que toma Estados Unidos afecta a las empresas nacionales y extranjeras que operan en nuestro país y afecta a nuestros pueblos. Por ello hemos decidido responder con medidas arancelarias y no arancelarias que anunciaré en plaza pública el próximo domingo.
“No es de ninguna manera o el propósito iniciar una confrontación económica o comercial, que desafortunadamente y lamentablemente es lo opuesto a lo que deberíamos de estar haciendo, es decir integrar más nuestras economías para fortalecer nuestra región ante el avance económico y comercial de otras regiones.
Pero, es inconcebible que no se piense en el daño que se va a causar tanto a ciudadanos y empresas de los Estados Unidos por el incremento en los precios de los artículos que se producen en nuestro país, como también el daño que se va a provocar por detener la creación de empleos en ambos países. Nadie gana con esta decisión, por el contrario, afecta a los pueblos que representamos.
A las mexicanas y mexicanos les recuerdo que nosotros tenemos fincado el crecimiento desde hace 6 años, en el fortalecimiento del mercado interno, la creación de empleos mediante inversión pública, el aumento al salario mínimo y los Programas del Bienestar. Además, recientemente presentamos el plan México para fortalecer la inversión para el mercado interno.
“Fuimos capaces en los tiempos lamentables de tristeza y de desolación ocasionados por la pandemia de levantarnos cuando se cayó la economía como nunca había sucedido en la historia moderna del país. En dos años nos levantamos. Tenemos una economía fuerte y sobre todo un pueblo empoderado, consciente, que se ha convertido en la principal fuerza política.
“Vamos a seguir buscando el diálogo para encontrar una alternativa con argumentos y racionalidad.
Hago un llamado al pueblo de México, a todas y a todos, a enfrentar juntos este desafío. A mantenernos con unidad. Reitero, es tiempo de la defensa de México y su soberanía. Debemos estar atentos y tener tranquilidad, cabeza fría, es muy fuerte y poderoso nuestro pueblo y nuestra bendita Nación.
“Convoco a las mexicanas y mexicanos a una asamblea informativa en el Zócalo de la Ciudad de México el próximo domingo a las 12 del día, para compartirles las acciones que emprenderemos. Y entre todos afrontar juntos este desafío. Orgullosamente, somos un país libre y soberano. Juntas y juntos saldremos adelante”.",2025-09-23,04 de marzo de 2025 08:21,Economía,,"México responderá con medidas arancelarias a Trump, afirma Sheinbaum",https://www.jornada.com.mx/noticia/2025/03/04/economia/mexico-respondera-con-medidas-arancelarias-a-trump-afirma-sheinbaum
,Dora Villanueva,economia,"Ciudad de México.  La Organización para la Cooperación y el Desarrollo Económicos (OCDE) moderó su pesimismo sobre el crecimiento de la economía mexicana. A menos de tres meses de alarmar sobre una recesión que se extendería este y el siguiente año, ahora prevé que en 2025 la actividad económica en México avance 0.4 por ciento y que en 2026 lo haga 1.1 por ciento.
En sus Perspectivas Económicas, la OCDE pasó de proyectar una caída de 1.3 por ciento este año y de 0.6 por ciento el siguiente, a apuntar un bajo crecimiento para el bienio. Estos bandazos se deben en gran medida a la amenazas arancelarias y reajustes lanzados por el gobierno de Estados Unidos, destino de ocho de cada diez exportaciones mexicanas.
“Las perspectivas tanto para el crecimiento como para la inflación siguen siendo inciertas. Habida cuenta de la elevada exposición de México al mercado estadounidense, la desaceleración prevista en Estados Unidos para 2025-2026 y el endurecimiento de las condiciones financieras podrían lastrar aún más la demanda exterior y la inversión”, explicó la OCDE.
A mediados de marzo, cuando lanzó su Informe Provisional sobre las Perspectivas Económicas con eje en la incertidumbre derivada de la política comercial de Estados Unidos, la organización advirtió que ningún país entre los que la integran se vería tan afectado como México, bajo el supuesto de que la administración de Donald Trump determinara un arancel de 25 por ciento a la mayoría de las importaciones mexicanas.
Pasada esa primer alarma y tras un periodo en que la administración Trump ha ido calibrando su política comercial, la OCDE se mantuvo en que “México se ve especialmente afectado por el aumento de las restricciones comerciales y la incertidumbre actual”, pero las cuotas arancelarias siguen recuperando las reglas del T-MEC y se prevé en que el resto de las exportaciones –el 50 por ciento que actualmente no se comercian bajo él– se vayan integrando al acuerdo.
“Las exportaciones se verán lastradas por los aranceles, la incertidumbre y el debilitamiento del crecimiento mundial”, reiteró la organización en su revisión sobre México. No obstante, “una reducción de la incertidumbre —por ejemplo, mediante una renegociación rápida y satisfactoria del acuerdo comercial con Estados Unidos y Canadá— podría respaldar la inversión y las exportaciones con más fuerza de lo previsto en la actualidad”, sopesó.
En el documento publicado este martes, el organismo también apuntó que el bajo nivel de desempleo y la moderación de la inflación –que se prevé cierre este año en 3.4 por ciento, dentro del rango del Banco de México – respaldarán el consumo privado, aunque tanto el gasto de gobierno, como la inversión, seguirán siendo moderados, dado el proceso de consolidación fiscal.
La OCDE puntualizó que tras alcanzar 4.9 por ciento del PIB en 2024, el nivel más alto en 35 años, se prevé que el déficit presupuestario se reduzca a 3.5 por ciento en 2025, “sobre todo mediante recortes en la inversión pública”. La organización estima que este proceso de consolidación continúe en 2026, cuando esta brecha entre ingresos y gasto baje otro tanto, a 3 por ciento.
Y, si bien proyecta que la deuda pública de México se ubique en 52 por ciento del PIB el próximo año, la OCDE advirtió que “el aumento de la aversión al riesgo a nivel mundial y la volatilidad de los tipos de cambio podrían elevar los costos de financiamiento soberano y limitar aún más el margen fiscal”.",2025-09-23,03 de junio de 2025 01:00,Economía,,"OCDE pasa de estimar recesión en México, a proyectar bajo crecimiento",https://www.jornada.com.mx/noticia/2025/06/03/economia/ocde-pasa-de-estimar-recesion-en-mexico-a-proyectar-bajo-crecimiento
,Reuters y Xinhua,economia,"El presidente Donald Trump afirmó este jueves que México y Canadá dependen para vivir del acceso que tienen al comercio de Estados Unidos, la principal potencia económica del mundo.
Incluso, aseguró ante reporteros que la mera existencia de estos dos países depende de la relación que tienen con la economía estadunidense. Horas antes, se había referido en su red social a la llamada telefónica que mantuvo el miércoles con la presidenta de México, Claudia Sheinbaum, comunicación a la que calificó de muy productiva.
A la pregunta sobre el momento en el que se encuentran sus negociaciones con diversos países en torno a los altos aranceles que ha impuesto, el magnate describió a Estados Unidos como la mayor tienda del mundo, de la cual todos quieren un pedazo.
Nosotros (EU) somos una tienda grande y hermosa, y todos quieren un pedazo de ella. China quiere. Japón quiere. México, Canadá, estos dos, viven de nosotros. Sin nosotros, no tendrían país. Y todos quieren un pedazo (de nuestra tienda), declaró Trump a periodistas en el Salón Oval de la Casa Blanca.
Los gobiernos de México y Estados Unidos mantienen negociaciones con el objetivo de alcanzar acuerdos que eviten la aplicación de aranceles al acero, el aluminio y la industria automotriz, además de la cuota compensatoria a los jitomates mexicanos.
Trump señaló ayer que espera llegar a un acuerdo comercial con China, país que, según su versión, se ha acercado para hablar después de que Estados Unidos le impuso aranceles a las importaciones.
Trump agregó que postergaría un acuerdo sobre TikTok hasta que se resuelva la cuestión comercial con China y declaró que los aranceles estadunidenses a los productos del país asiático podrían no subir e incluso bajar.
Oh, vamos a llegar a un acuerdo, dijo Trump desde la Casa Blanca en respuesta a la pregunta de un periodista sobre si iba a descolgar el teléfono para llamar al presidente de China, Xi Jinping. Creo que vamos a hacer un muy buen trato con China, respondió sin dar detalles.
Previamente, el ministerio de Comercio de China instó a Estados Unidos a dejar de ejercer una presión extrema sobre la segunda mayor economía del mundo y exigió respeto en cualquier conversación comercial, pero las dos partes seguían en un punto muerto sobre quién debería iniciar esas conversaciones.
Aunque Trump ha relajado temporalmente los fuertes aranceles que anunció sobre productos de decenas de socios comerciales, dejó en vigor sus nuevos gravámenes a la importación de productos chinos, que en algunos casos alcanzan 245 por ciento.
Con Europa no hay prisa
Trump recibió el jueves en la Casa Blanca a la primera ministra de Italia, Giorgia Meloni; ambos expresaron optimismo sobre el tema comercial, que ha tensado las relaciones entre Washington y Europa. Sin embargo, en el mismo encuentro, el mandatario dijo: no tenemos prisa por alcanzar ningún acuerdo comercial, debido a las ganancias que generan los aranceles. Tenemos muchos países que quieren llegar a un acuerdo. Francamente, quieren hacer acuerdos más que yo, agregó.",2025-09-23,18 de abril de 2025 07:08,Economía,,Trump: México y Canadá dependen de EU para vivir,https://www.jornada.com.mx/noticia/2025/04/18/economia/trump-mexico-y-canada-dependen-de-eu-para-vivir
,Alejandro Alegría ,economia,"La economía mexicana se expandió entre abril y junio por segundo trimestre consecutivo, a una tasa anual que duplicó la reportada en los primeros tres meses de 2025, impulsada por las actividades agropecuarias y los servicios, reportó este viernes el Instituto Nacional de Estadística y Geografía (Inegi).
El organismo confirmó que en el segundo trimestre de este año el producto interno bruto (PIB) del país creció 1.2 por ciento, respecto a igual periodo de 2024, el doble de lo reportado en el primer trimestre de 2025, cuando la actividad económica avanzó a una tasa de 0.6 por ciento anual.
Comercio y servicios, sector que aporta dos terceras partes de la economía mexicana, observó un crecimiento de 1.8 por ciento en términos reales en el segundo trimestre del año, respecto de abril-junio del año pasado. La cifra fue ajustada, pues la estimación oportuna fue de 1.7 por ciento.
La agricultura, ganadería y pesca avanzaron 2.6 por ciento en comparación con abril-junio de 2024. El Inegi también corrigió la cifra oportuna que fue de 4.5 por ciento.
Las actividades secundarias mostraron una contracción de 0.3 por ciento a tasa anual en el segundo trimestre, cifra que fue 0.1 puntos porcentuales más baja que en los datos iniciales publicados a finales de julio pasado.
En su variación trimestral, la economía mexicana creció 0.6 por ciento en el segundo trimestre del año respecto del enero-marzo, dato que se ubicó por debajo de la estimación oportuna de 0.7 por ciento.
En abril-junio, las actividades primarias cayeron 2.4 por ciento frente al lapso anterior, dato que mostró un ajuste ya que en la información oportuna fue una contracción de 1.3 por ciento.
El sector industrial sólo avanzó 0.7 por ciento en abril-junio respecto a enero-marzo. La cifra se corrigió en 0.1 puntos porcentuales.
Las actividades terciarias, que tienen mayor peso en el PIB del país, avanzaron 0.8 por ciento frente al primer trimestre de 2025, lo que significó un ajuste de 0.1 punto porcentual.
El avance observado en el periodo de referencia ocurrió a pesar de que el gobierno estadunidense endureció su política arancelaria contra todos sus socios comerciales. Si bien Estados Unidos impuso a México tarifas de 25 por ciento bajo la Ley de Poderes Económicos de Emergencia Internacional (IEEPA), éstas sólo se aplican a los productos que no cumplen con el T-MEC. Los impuestos al acero, aluminio e industria automotriz al amparo de la sección 232 de la Ley de Expansión Comercial de 1962 de EU comenzaron a aplicarse en el transcurso de mayo y junio.
En el segundo trimestre de 2025, la economía mexicana creció 0.9 por ciento frente a igual lapso del año pasado, avance que fue impulsado por las actividades terciarias y primarias.
En el acumulado del año, la agricultura y ganadería mostraron un incremento de 4.6 por ciento frente a enero-junio del año pasado, mientras el comercio y los servicios avanzaron 1.5 por ciento.
Analistas de Banamex consideraron que los datos divulgados ayer apuntan a que la actividad se moderará en los próximos trimestres debido a la desaceleración estimada para la economía de Estados Unidos, los efectos de la elevada incertidumbre que persiste por factores externos e internos, el menor dinamismo del mercado laboral, las elevadas tasas de interés, y la contracción del gasto público.
Monex comentó que la actividad económica mexicana seguirá expuesta a riesgos, como la política arancelaria de Trump, la cual afecta a la manufactura.
El Indicador Global de la Actividad Económica (IGAE) de junio, medición que permite observar el comportamiento mensual del PIB, creció 0.2 por ciento frente a mayo.
El dato fue impulsado por el sector de comercio y servicios, el cual avanzó 0.1 por ciento mensual; la agricultura y ganadería, así como la industria, observaron una disminución de 0.1 por ciento cada una.
En su variación anual, el IGAE mostró un crecimiento de 0.9 por ciento respecto al sexto mes de 2024. El comportamiento se explicó por los incrementos de 5 por ciento en las actividades primarias y 1.5 por ciento de las terciarias. La industria observó un descenso de 0.8 por ciento a tasa anual.",2025-09-23,23 de agosto de 2025 08:57,Economía,,Creció el PIB por segundo trimestre consecutivo,https://www.jornada.com.mx/noticia/2025/08/23/economia/crecio-el-pib-por-segundo-trimestre-consecutivo
,Jessika Becerra,economia,"Ciudad de México . Los estímulos fiscales que decretó ayer la presidenta Claudia Sheinbaum Pardo, para todo tipo de empresas vienen a darle vida las inversiones y a tratar de mantener el interés de países extranjeros en el país, lo que empujará la expansión de la economía mexicana, declaró Héctor Amaya Estrella, presidente del Instituto Mexicano de Contadores Públicos (IMCP).
“El país está generando opciones como la deducción inmediata de inversiones. Si bien es cierto está acotada a ciertas inversiones, es una muy buena noticia para las personas morales y físicas que están invirtiendo en México, en sectores productivos”, declaró en la conferencia mensual del organismo.
Destacó que es favorable el 25 por ciento extra de deducción en aquellas capacitaciones que las empresas den a su personal, conforme al decreto por el que se otorgan estímulos fiscales para apoyar la estrategia nacional denominada Plan México para fomentar nuevas inversiones, que incentiven programas de capacitación dual e impulsen la innovación.
El decreto se publicó ayer martes en el  Diario Oficial de la Federación  ( DOF ), como parte del Plan México con el que se busca posicionar a México entre las 10 economías más grandes a nivel mundial.
Para el IMCP los estímulos son un punto de partida importante en un momento en el que acaba de iniciar la administración de Sheinbaum, y de Donald Trump en Estados Unidos, en medio del aviso de imposición de aranceles y de cambios al Tratado entre México, Estados Unidos y Canadá (T- MEC).
“Considero que se lanzan al ruedo beneficios interesantes y podremos seguir explorando nuevos beneficios en el camino para que se sigan interesando las empresas en venir a México”, destacó el contador.
Expuso que el gobierno mexicano busca promover la inversión en sectores como manufactura avanzada, la industria automotriz y electrónica.
Entre las medidas clave, destacó la deducción inmediata de inversiones en bienes nuevos de activos fijos por un rango de 56 a 89 por ciento, aplicando los porcentajes más altos en las inversiones de sectores de alta tecnología, investigación y desarrollo.
Además, se incluirá la deducción adicional del 25 por ciento del gasto incremental destinado a la capacitación de trabajadores en colaboración con instituciones de educación e investigación.
“Estos estímulos buscan atraer empresas extranjeras para que trasladen sus operaciones a México aprovechando todos sus acuerdos que tenemos a través del T-MEC”, mencionó el contador.
Reiteró que los estímulos fiscales aplicarán sin distinción de sectores industriales o de empresas nacionales o extranjeras y consideran la participación de micro pequeñas y medianas empresas.
El gobierno destinó un presupuesto de 30 mil millones de pesos durante la vigencia del decreto -que será hasta el 30 de septiembre del 2030- y de este monto, 28 mil 500 millones de pesos se destinarán para el estímulo fiscal de la inversión de bienes futuros de activo fijo y los restantes mil 500 millones de pesos al estímulo fiscal de la deducción adicional en gastos de capacitación e Innovación.
Con la finalidad de beneficiar a las mipymes, se estableció que del monto total de los estímulos, como mínimo destinen mil millones de pesos para los contribuyentes con ingresos totales en el ejercicio inmediato anterior de hasta 100 millones de pesos.
En la conferencia del IMCP, Ernesto O’Farril Santoscoy, presidente de la Comisión de Análisis Económico del Instituto Mexicano de Contadores Públicos (IMCP), señaló que si bien son bienvenidos los estímulos fiscales, el gobierno mexicano necesita reforzar aspectos de seguridad, como el índice de confianza económica, que está manifestando que es el principal obstáculo a la actividad económica.
El también presidente de Bursamétrica consideró que también se debe reforzar el estado de derecho.
“Como que parece que, por un lado ,la administración de la doctora Sheinbaum ha presentado una serie de programas para la energía eléctrica, para hidrocarburos, para recursos hídricos donde le extiende la mano a la inversión privada; pero por otro lado, tienes al Congreso que está empeñado en la destrucción del marco institucional”, expresó O’Farril.",2025-09-23,22 de enero de 2025 14:26,Economía,,Estímulos fiscales avivan interés de extranjeros para invertir en México,https://www.jornada.com.mx/noticia/2025/01/22/economia/estimulos-fiscales-avivan-interes-de-extranjeros-para-invertir-en-mexico-3117
,Braulio Carbajal ,economia,"Las más beneficiadas con el Tratado México, Estados Unidos y Canadá (T-MEC), antes conocido como Tratado de Libre Comercio de América del Norte, han sido las grandes trasnacionales, sobre todo estadunidenses, que han aumentado su presencia en nuestro país con base en bajos costos de manufactura, incluyendo salarios precarios que no pueden ofrecer en sus naciones de origen. De hecho, sólo 515 grandes compañías explican el 75 por ciento de las exportaciones mexicanas.
México se ha insertado en un patrón de especialización productiva, a partir de la integración en modelos de cadenas de valor, de estas grandes empresas trasnacionales, que han sido las beneficiarias, primero con el TLCAN y ahora el T-MEC. Es decir, que poco podemos decir que son exportaciones de empresas mexicanas, dado que cerca de 515 grandes corporativos, explican aproximadamente 75 por ciento, y estamos hablando de las que han sido las principalmente beneficiadas del T-MEC, enfatizó Óscar León, catedrático de la Universidad Nacional Autónoma de México (UNAM).
En entrevista, comentó que ante un contexto en que el presidente de Estados Unidos, Donald Trump, usa el comercio bilateral como un arma para conseguir sus propios intereses, el gobierno de la presidenta Claudia Sheinbaum se debe plantear y analizar quiénes han sido los verdaderos ganadores del acuerdo durante los últimos 35 años.
Si nos ponemos a recapitular y analizar, los beneficiados no son las firmas mexicanas, mucho menos micro o pequeñas, incluso tampoco las medianas, que componen 99 por ciento de nuestras empresas, sino las grandes trasnacionales, principalmente de EU, que en México se han encontrado con costos de producción y manufactura que no pueden tener en otros lugares del mundo, detalló.
El especialista en comercio explicó que del total de la inversión extranjera directa que llega cada año al país, aproximadamente la mitad tiene por destino el sector manufacturero, específicamente en industrias que tienen que ver con lo que luego se registra como exportaciones; es decir, automotriz, autopartes, eléctrico, electrónico y dispositivos médicos, entre otras, que son principalmente exportaciones de empresas trasnacionales, muchas de ellas estadunidenses.
Añadió que incluso el sector agroalimentario –que se considera un sector ganador con el tratado– está acaparado por grandes empresas, principalmente estadunidenses, que concentran el grueso de las agroexportaciones, de productos tan importantes como tequila, cerveza, aguacate, jitomate,  berries  y pimientos, entre otros, productos del campo que tienen mayor demanda en Estados Unidos y representan un negocio de 50 mil millones de dólares anuales.
El especialista aclaró que la idea es que México debe buscar nuevos mercados y, sobre todo, quitarse el miedo infundado de que es el más afectado con la guerra comercial que impulsa Trump, toda vez que son las empresas de su país las más beneficiadas en el T-MEC.
Nuestra dependencia comercial con Estados Unidos, con más de 85 por ciento de las exportaciones dirigidas a ese país, nos hace muy vulnerables a que esta relación se utilice como herramienta para que nos presionen con otras agendas de interés estadunidense. Y la gran pregunta es si bajo esta presión nos interesa seguir, porque se viene una revisión del tratado, que es más una renegociación, y la presión seguirá durante toda la administración de Trump, puntualizó.",2025-09-23,21 de julio de 2025 06:21,Economía,,El mayor beneficio del T-MEC es para 515 trasnacionales,https://www.jornada.com.mx/noticia/2025/07/21/economia/el-mayor-beneficio-del-tmec-es-para-515-trasnacionales
,Alejandro Alegría   ,economia,"Relata la experta que uno de los temas que son casi un secreto para Silicon Valley –sede de varias compañías emergentes y globales de tecnología– es el consumo energético que representa el uso de IA, como es el caso de ChatGPT.
Explicó que una pregunta hecha a la IA eleva el uso de electricidad 100 veces más que una hecha en el buscador de Google.
Agregó que Nvidia creó un chip que usa 300 veces más energía por unidad que la versión anterior, lo cual se explica porque requiere mayor capacidad de respuesta.
En el contexto del TradeHubSummit, la experta comentó que esto ha generado una situación inusual para las grandes firmas tecnológicas, pues anteriormente se comprometieron a una meta de cero emisiones para 2030.
Sin embargo,  en vez de bajar en los últimos dos años aumentaron el consumo de energía y generación de emisiones en más 50 por ciento .
Se estima que sólo en Estados Unidos el consumo de energía por utilizar IA se eleve de 3 por ciento del total que representa actualmente a 8 por ciento en cinco años.
Anotó que en este momento a escala global, el uso de esta herramienta tecnológica genera un gasto energético de 0.5 por ciento, lo cual equivale al consumo total que hace Argentina.
Datos de la Agencia Internacional de Energía (IEA, por sus siglas en inglés) indican que en 2023 por el consumo de energía la temperatura se ha elevado 1.2 centígrados respecto a los niveles preindustriales, lo cual ha provocado olas de calor y otros fenómenos meteorológicos.
El sector energético es también el principal causante del aire contaminado que más de 90 por ciento de la población mundial se ve obligada a respirar y que está vinculado a más de 6 millones de muertes prematuras al año , señala en el informe World Energy Outlook 2023.
Hwang comentó que si bien los sectores de transporte y petróleo son los que generan más emisiones contaminantes, las firmas tecnológicas tienen la oportunidad de reducir las emisiones al migrar al uso de energías limpias, pues también el mayor consumo que implica el uso de IA puede incidir en los precios de la electricidad.
La siguiente etapa será la que remplace funciones enteras con trabajadores autónomos.
Después de ello viene la fase, que metafóricamente llamó Terminator, la cual busca que la IA ayude en la invención, mientras la etapa final será lograr que esta tecnología coexista con los humanos, lo cual implicaría que cuente con valores, aunque este deseo por avanzar también está creado discusiones éticas.",2025-09-23,06 de octubre de 2024 09:20,Economía,,"Más contaminación y gasto de energía, el lado oscuro de la IA",https://www.jornada.com.mx/noticia/2024/10/06/economia/mas-contaminacion-y-gasto-de-energia-el-lado-oscuro-de-la-ia-4239
,Braulio Carbajal,economia,"Ciudad de México.  El precio internacional del café se ha disparado en la primera mitad del año hasta alcanzar niveles no vistos en los últimos 50 años, revelan datos del mercado. Detrás de esta escalada, que en México beneficia a unos pocos productores, se encuentra la escasez que ha provocado el cambio climático y la incertidumbre provocada por las políticas comerciales de Donald Trump, presidente de Estados Unidos.
De acuerdo con información del mercado de valores, el precio internacional del café cerró 2024 en aproximadamente 260 dólares por 100 libras, mientras que ahora cotiza en alrededor de 292 dólares, lo que significa un incremento de 12 por ciento. No obstante, durante algunos días de febrero y abril el precio llegó a un nivel histórico de 402 dólares las 100 libras, lo que representó un incremento de 54 por ciento frente al cierre del año pasado.
Lo más cercano que habían estado los precios de estos niveles fue en 2010, cuando durante algunos meses las 100 libras del aromático cotizaban cercano a los 300 dólares.
Tomás Edelman, propietario de Finca Hamburgo en Chiapas, explicó que el año pasado, hace exactamente un año, Brasil, el principal productor a nivel global, sufrió una importante sequía que provocó múltiples incendios que resultaron en la quema de plantaciones enteras de café, mismas que van a tardar dos o tres años en volver a producir.
“Brasil produce más o menos 70 millones de sacos al año, la mitad de esa cantidad se consume en el propio país, mientras que la otra mitad se exporta. Sin embargo, ahora su producción se ha visto mermada en más de 20 por ciento. La mayor parte del café que se produce en ese país es robusta, la que usa mucho para cafés solubles, entonces ese es otro factor de encarecimiento”, explicó.
Otro factor climático, explicó, es lo que sucedió en Vietnam, otro importante productor que el año pasado enfrentó dos tifones. Sumado a eso, en ese país los productores están cambiando de cultivos, principalmente hacia el durián, una fruta tropical que es muy consumida en el mercado asiático. “Están dejando el café porque consideran que ya no es un buen negocio, o no lo era, porque ahora los precios han subido mucho”.
Aranceles
Más allá del cambio climático, Edelman explicó que el panorama político internacional también juega un papel importante, sobre todo la amenaza de Donald Trump de imponer un arancel de 50 por ciento a Brasil, lo que ha ocasionado “una locura” entre los importadores estadunidenses, quienes han aumentado la demanda al buscar llenar sus inventarios antes de que entren en vigor las tarifas.
La cosecha de café en México generalmente ocurre entre los meses de noviembre y marzo, lo que significa que por el momento los productores mexicanos no se están beneficiando del alza de precios provocado por el magnate; sin embargo, sí lo hicieron durante los meses anteriores: “El problema es que ahorita no tenemos café para vender, ya pasaron las cosechas, lo que tenemos es para consumo propio. No obstante, esperamos que el precio continúe en esos niveles de 290, con eso estamos contentos, bueno, los pocos productores que aún quedamos en México”.",2025-09-23,21 de julio de 2025 19:14,Economía,,Precio del café se dispara a niveles no vistos en medio siglo,https://www.jornada.com.mx/noticia/2025/07/21/economia/precio-del-cafe-se-dispara-a-niveles-no-vistos-en-medio-siglo
,Dora Villanueva,economia,"Con estas proyecciones, que implican los mayores recortes publicados en las Perspectivas de la Economía Mundial (WEO por su sigla en inglés), el FMI apunta que ningún país será tan afectado por la incertidumbre y las medidas comerciales lanzadas por la administración de Estados Unidos, como México.
En enero, el FMI ubicó en 1.4 por ciento su pronóstico de crecimiento para México este año y en 2 por ciento para el próximo. Respecto a esas cifras, ahora el organismo publica un recorte de 1.7 y 0.6 puntos porcentuales, respectivamente.
El FMI reiteró que hizo estas proyecciones con base en los aranceles recíprocos anunciados por Donald Trump, el pasado 2 de abril, que no contenían un gravamen base para México. Sin embargo, sobre el país están firmes una tasa general de 25 por ciento a todas las mercancías que no son parte del TMEC, uno de 25 por ciento al acero y al aluminio –y como parte de él a la cerveza envasada en ese material–; y 25 por ciento sobre autos y autopartes, salvo el contenido de origen estadunidense.
Para América Latina y el Caribe, el FMI “proyecta una moderación del crecimiento”, con un crecimiento de 2 por ciento este año, 0.5 puntos porcentuales menor a lo reportado en enero y para 2026, se estima un avance de 2.4 por ciento, también una tasa menor en 0.3 puntos a los contenido en el WEO de enero de 2025.
Al explicar los recortes para América Latina y el Caribe, el FMI explicó que estas “revisiones se deben principalmente a una significativa reducción del crecimiento en México (...) lo que refleja una actividad más débil de lo previsto a finales de 2024 y principios de 2025, así como el impacto de los aranceles impuestos por Estados Unidos, la incertidumbre y las tensiones geopolíticas asociadas, y un endurecimiento de las condiciones de financiamiento”.
",2025-09-23,22 de abril de 2025 07:01,Economía,,México caerá en recesión en 2025 por aranceles: FMI,https://www.jornada.com.mx/noticia/2025/04/22/economia/mexico-caera-en-recesion-en-2025-por-aranceles-fmi
,Braulio Carbajal,economia,"Ciudad de México.  Los aranceles de 25 por ciento de Estados Unidos a las exportaciones de acero y aluminio son un duro golpe a la economía mexicana. Afectan a un conjunto de áreas que representan cinco de cada 100 dólares vendidos por México e incluye bienes como autopartes, electrodomésticos y productos electrónicos, que son relevantes en la industria de 11 estados de la República.
En entrevista, Fernando de Mateo, actual coordinador del diplomado sobre Negociaciones Comerciales Internacionales en El Colegio de México (Colmex), destacó que luego de China, México es el país más golpeado por la decisión de Donald Trump de imponer un arancel de 25 por ciento a todos los productos que ingresen a EU y que entre sus componentes tengan alguna pieza de acero o aluminio que no se haya fabricado en su territorio.
Es una locura, exportamos una infinidad de productos que llevan acero o aluminio, somos el segundo país al que más le pegará esta medida, apuntó.
Déficit en acero
De Mateo explicó que México tiene un déficit en acero con EU y no produce aluminio, por lo que el verdadero problema, señaló, recae en la decisión de ponerle arancel a los derivados de estos dos materiales, dado que en este ramo, el país exporta a EU alrededor de 31 mil millones de dólares, sólo superado por China, que registra alrededor de 35 mil millones de dólares.
De dichas exportaciones, detalló, aproximadamente 8 mil millones de dólares corresponden a productos con componentes de acero, mientras 23 mil millones de dólares están relacionados con el aluminio.
México, lo que hace, sobre todo en la parte de aluminio, es importar la materia prima, para luego transformarlo y mandarlo en forma de productos, apuntó el especialista.
De acuerdo con datos de la Oficina del Censo de Estados Unidos, entre los productos que contienen acero o aluminio, los que más importa son partes de carrocerías, con 7 mil 719 millones de dólares anuales; seguido por partes de aire acondicionado (2 mil 88 millones) y partes de vehículo de motor (mil 459 millones de dólares).
Según datos de la Secretaría de Economía, en 11 estados de la República (Aguascalientes, Coahuila, Durango, Guanajuato, Morelos, Nuevo León, Puebla, Querétaro, San Luis Potosí, Tamaulipas y Zacatecas) las partes y accesorios de vehículos automotores son uno de sus tres principales productos de exportación hacia Estados Unidos.
De acuerdo con el área de análisis de Banamex, cada vez es más claro que la imposición de estos aranceles al acero y el aluminio se traduzca en aumentos de precios para los compradores en EU. Dado que estos productos son utilizados principalmente como insumos, podría tener consecuencias adversas para el consumidor e incluso modificar la postura y trayectoria esperada de la política monetaria de la Fed.
Sobre la decisión de la presidenta Claudia Sheinbaum de no tomar represalias contra EU hasta saber qué sucede el próximo 2 de abril, cuando Donald Trump aplique otra serie de tarifas, De Mateo señaló que hasta el momento la mandataria ha mostrado una actitud negociadora tranquila y menos agresiva que otros países, lo cual por el momento es adecuado, porque si con los aranceles UE se da un balazo en el pie, México haría lo mismo respondiendo de la misma forma. Sin embargo, en algún momento deberá responder con tiros de precisión a industrias que golpeen sectores claves de la economía estadunidense.",2025-09-23,13 de marzo de 2025 07:03,Economía,,"México, el segundo país más afectado por los aranceles",https://www.jornada.com.mx/noticia/2025/03/13/economia/mexico-el-segundo-pais-mas-afectado-por-los-aranceles
,Clara Zepeda,economia,,2025-09-23,18 de septiembre de 2024 08:13,Economía,,Oferta y demanda en México se contrajo 0.4% en el segundo trimestre de 2024,https://www.jornada.com.mx/noticia/2024/09/18/economia/oferta-y-demanda-en-mexico-se-contrajo-0-4-en-el-segundo-trimestre-de-2024-804
,Dora Villanueva,economia,"Toda la cadena de suministro del fentanilo ilegal que se comercializa en Estados Unidos, desde la adquisición de precursores químicos, hasta los esquemas de lavado de dinero, explota el sistema financiero estadunidense en cada etapa, alertó la Red de Control de Delitos Financieros de Estados Unidos (Fincen, por su acrónimo en inglés), una agencia del Departamento del Tesoro.
La agencia reconoció que prácticamente no hay actividad vinculada con el movimiento de la droga que no tenga contacto con el sistema financiero de ese país, y se debe a que los bancos e intermediarios de la economía más grande del mundo sirven como trampolín para mover el dinero en una red de tráfico internacional.
Toda la cadena de suministro, desde la adquisición de precursores químicos, el tráfico de fentanilo y el lavado de dinero, tienen puntos de contacto en todo el sector financiero de Estados Unidos, sostuvo la Fincen, unidad del Departamento del Tesoro donde se concentran las tareas de inteligencia financiera para combatir el blanqueo de capitales y el financiamiento al terrorismo.
Como parte de una revisión a los reportes de bancos sobre movimientos sospechosos, la Fincen pudo corroborar mil 246 informes vinculados con el tráfico de fentanilo. Los reportes se presentaron en 2024 e identificaron aproximadamente mil 400 millones de dólares en transacciones presuntas atadas a las cadenas de suministro de la droga.
La agencia puntualizó que estos mil 400 millones de dólares en actividad financiera sospechosa no necesariamente se movieron en 2024. Sin embargo, los datos revelan que en promedio cada reporte apunta a transacciones por un millón 123 mil 595 dólares en el sistema financiero estadunidense.
Luego de Estados Unidos, con mil 178 reportes, Fincen señaló a México y China como los dos principales países en los que se detectaron transacciones vinculadas al tráfico de fentanilo. Después vienen Canadá, República Dominicana, Colombia, Reino Unido, España e India, proveedores alternativos de precursores químicos, así como sedes de farmacias ilegales que operan en línea.
Fincen agregó que en el caso de México uno de cada tres movimientos de dinero vinculados con el tráfico de fentanilo tiene lugar en Sinaloa y Jalisco (32 por ciento), bastiones del cártel de Sinaloa y del cártel Jalisco  Nueva Generación ; pero también destacan los estados fronterizos Baja California, Sonora y Chihuahua (en conjunto con 27 por ciento); y el principal centro financiero del país: la Ciudad de México, con 10 por ciento de las alertas.
Esas demarcaciones mexicanas tienen su contrapartes estadunidenses en California, Florida, Nueva York, California y Arizona, estados en los que la agencia gubernamental ubica redes de distribución de drogas y puntos de recolección de ganancias ilícitas. Y en China destacan provincias litorales como Guangdong, Zhejiang, Hebei y Shandong.
La Red de Control de Delitos Financieros subrayó que además de que creció el papel de los intermediarios químicos mexicanos y el uso de empresas fachada,  mulas  de dinero e intermediarios estadunidenses para adquirir precursores químicos de fentanilo, se detectó que los principales beneficiarios de repatriar ganancias del narcotráfico a México se encuentran en Sinaloa y Jalisco.
También en esos estados se ubican las principales transferencias bancarias a proveedores de precursores químicos con sede en China, quienes aceptan una amplia gama de métodos de pago y, a menudo, aprovechan la publicidad de las plataformas de comercio electrónico para colocar sus productos.

Lavado con vapeadores
La agencia destacó no sólo la variedad de divisas y pagos que hay a lo largo de la cadena de suministro del fentanilo –desde dólar hasta bitcóin–, sino lo sofisticados que se están volviendo los esquemas de lavado de dinero, en los que también se está usando el comercio de productos electrónicos, como teléfonos celulares y vapeadores.
Según lo detectado en las alertas financieras, los movimientos de dinero vinculados a la cadena de suministro de fentanilo llegan a los mercados financieros (incluido el de futuros), pero persiste lo más tradicional.
Las instituciones de depósito, entre las que se cuentan los grandes bancos de Estados Unidos, representaron 57 por ciento de las alertas analizadas por Fincen. A ellas siguen las empresas de servicios monetarios (MSB), que incluyen las compañías de transferencias de dinero (como remesadoras), las casas de cambio y las plataformas de pago en línea, con 32 por ciento.
Las transferencias electrónicas transfronterizas, incluidas las bancarias realizadas por instituciones de depósito y las de fondos de MSB, demuestran la dependencia de los cárteles del sistema financiero estadunidense para transferir fondos internacionalmente y facilitar el comercio de fentanilo, puntualizó la Red de Control de Delitos Financieros.
Estados Unidos, el mayor mercado del mundo, incluido el de las drogas legales e ilegales, vive una crisis de salud pública por el incremento en el consumo de fentanilo. En 2024 la Agencia Antidrogas de Estados Unidos (DEA, por sus siglas en inglés) incautó más de 55 millones de pastillas de fentanilo y casi 8 mil libras del mismo producto en polvo.",2025-09-23,10 de abril de 2025 07:31,Economía,,Participa todo el sector financiero de EU en el negocio del fentanilo,https://www.jornada.com.mx/noticia/2025/04/10/economia/participa-todo-el-sector-financiero-de-eu-en-el-negocio-del-fentanilo
,Jessika Becerra,economia,,2025-09-23,04 de marzo de 2025 07:45,Economía,,En 12 estados de la República se resentirán más las medidas tarifarias,https://www.jornada.com.mx/noticia/2025/03/04/economia/en-12-estados-de-la-republica-se-resentiran-mas-las-medidas-tarifarias
,Dora Villanueva,economia,"Ciudad de México.  La economía mexicana creció 0.2 por ciento en el primer trimestre del año, apenas a flote por un repunte en las actividades agropecuarias, mientras a tasa anual su avance fue de 0.6 por ciento. Estos datos confirman la información oportuna dada a conocer por el Instituto Nacional de Estadística y Geografía (Inegi) y el que la economía mexicana esquivó una recesión técnica, pero no un estancamiento.
Al cierre de abril el Inegi ya había publicado el dato oportuno del producto interno bruto (PIB) trimestral con las mismas variaciones: un crecimiento de 0.2 por ciento en el primer trimestre del año y de 0.6 por ciento a tasa anual. Esto, sumado a datos de la actividad económica publicados a inicio de esta semana ya daban cuenta de que la economía mexicana reporta un avance mínimo, cercano a cero.
Por sectores económicos, en el primer trimestre de 2025 las actividades primarias –que incluyen el sector agropecuario– fueron las únicas en repuntar respecto al último cuarto del año pasado, al registrar un avance de 7.8 por ciento. Sin embargo sólo representan 3.6 por ciento del PIB mexicano y de ahí que la debilidad en las industrias (secundarias) y servicios (terciarias), ambas con una contracción de 0.1 por ciento, fue determinante en el débil crecimiento.
Si bien la economía esquivó una contracción en el primer trimestre del año, los datos del Indicador Global de la Actividad Económica, sí muestran que la actividad va en deterioro. Luego de un avance de 0.2 y uno por ciento en enero y febrero, respectivamente, en marzo se contrajo 0.4 por ciento a tasa mensual. Y también respecto al mismo mes de 2024 registró una caída de 0.1 por ciento.
A tasa anual sucedió algo similar, el PIB avanzó 0.6 por ciento empujado por el crecimiento de 6.7 por ciento en el sector primario y de 1.1 por ciento en el terciario. En tanto que las industrias –donde se engloban actividades como la manufactura y la construcción– cayó 1.3 por ciento, en medio del freno que algunos sectores han tenido debido a la incertidumbre generada por la política arancelaria de Estados Unidos.
En medio de esos vaivenes arancelarios, México ha sido uno de los países más castigados en las revisiones de crecimiento por parte de organismos internacionales. Un mes atrás el Fondo Monetario Internacional hizo tal recorte a sus previsiones de crecimiento para México, que en tres meses su estimación pasó de un avance de 1.4 por ciento para este año a una contracción de 0.3 por ciento.
Algo similar pasó con el Banco Mundial que de una tasa de 1.5 por ciento ahora estima un avance nulo –cero– de la actividad productiva en el país. Y en una línea menos pesimista se encuentra la Comisión Económica para América Latina y el Caribe, que recortó a 0.3 por ciento su estimado de crecimiento para México este 2025, respecto al 1.4 por ciento al que apuntaba hasta inicios de año.
La andanada de recortes a las previsiones de crecimiento sobre México no habían hecho mella en la Secretaría de Hacienda y Crédito Público que hasta los Pre Criterios presentados el 1 de abril, la dependencia proyectó que la economía mexicana avanzaría entre 1.5 y 2.3 por ciento este año.
No obstante, en el marco de la más reciente Convención Bancaria, el secretario de Hacienda y Crédito Público, Edgar Amador Zamora, reconoció que debido a la “reorganización de la política comercial” de Estados Unidos, la economía mexicana “probablemente” terminará creciendo por debajo de esas estimaciones oficiales.
La víspera el Comité de Fechado de Ciclos de la Economía de México –un colegiado independiente que analiza de manera técnica si se está o no en un fase recesiva del ciclo económico– puntualizó que no hay elementos para hablar de recesión técnica en la economía del país, pues debería ser un contracción en la mayoría de las actividades económicas, durar al menos dos trimestres consecutivos con una caída en el PIB, así como que esa baja “sea relevante”. Por el momento, ni el criterio temporal se cumple para hablar de “recesión técnica”, apuntó el colegiado.
Rodrigo Mariscal, economista en jefe de Hacienda explicó que más allá de esos criterios, en la Secretaría de Hacienda y Crédito Público uno de los indicadores que dan alerta de que la economía está en un periodo de contracción prolongado es que más de 32 subsectores se encuentren en deterioro. Sin embargo, puntualizó, “sólo se puede saber si se está en recesión, una vez que ésta ya pasó”.",2025-09-23,22 de mayo de 2025 06:32,Economía,,Confirma Inegi que la economía libra recesión,https://www.jornada.com.mx/noticia/2025/05/22/economia/economia-mexicana-no-esta-en-recesion-perocrecioapenas-02-por-ciento
,Ap,economia,,2025-09-23,02 de agosto de 2025 21:13,Economía,,Economía de Trump: las cifras financieras más recientes muestran señales de alerta,https://www.jornada.com.mx/noticia/2025/08/02/economia/economia-de-trump-las-cifras-financieras-mas-recientes-muestran-senales-de-alerta
,Alma E. Muñoz y Emir Olivares,economia,"Ciudad de México . La presidenta Claudia Sheinbaum Pardo informó que México tiene un nuevo máximo histórico en inversión extranjera: 34 mil 265 millones de dólares en el segundo trimestre del año. “Ni los aranceles (estadunidenses) pudieron con la economía mexicana”, subrayó.
Se demuestra, que “el modelo de la 4T no solamente disminuye la pobreza, sino también genera inversión”, puntualizó.
Señaló que lo alcanzado supera los 31 mil 96 millones de dólares registrados en el mismo periodo de 2024 y “es prácticamente más del doble de 2017 (15 mil 645 millones de dólares)”.
Recordó que el “mito del oscurantismo neoliberal” establecía que “si aumentaban los salarios iba a haber inflación; que si aumentaba el salario mínimo, si los trabajadores ganaban más, no iba a haber inversión, porque lo que México podía ofrecer al mundo era mano de obra barata”.
Con los datos expuestos -que le fueron enviados ayer por la Secretaría de Economía-, “se demuestra que cuando la gente vive mejor, el país está mejor y sigue habiendo inversiones y no hay inflación”, indicó en la mañanera del pueblo.",2025-09-23,21 de agosto de 2025 08:00,Economía,,"""Ni los aranceles pudieron con la economía mexicana"", récord de inversión extranjera: CSP",https://www.jornada.com.mx/noticia/2025/08/21/economia/destaca-sheinbaum-record-de-inversion-extranjera-pese-a-aranceles-de-eu
,Dora Villanueva,economia,"La pobreza en México disminuyó desde 2018, pero la desigualdad estructural persiste. El 1 por ciento de la población más rica acapara el 35 por ciento de los ingresos totales del país, mientras el 10 por ciento con mayores carencias percibe apenas 2 por ciento, revela un análisis de Oxfam México y el Instituto de Estudios sobre la Desigualdad (Indesig).
Esta brecha va en cascada. Los ingresos de las personas encumbradas en el 1 por ciento más rico son 442 superiores al del 10 por ciento de la población con menores entradas monetarias y en gran medida se debe a que los recursos de ambos crecieron en la misma proporción, de acuerdo con la revisión que ambas organizaciones hicieron a la Encuesta Nacional de Ingreso y Gasto de los Hogares (Enigh).
Mientras los hogares que se encuentran en el diez por ciento con menores recursos tuvo ingreso por miembro de la familia de 2 mil 168 pesos al mes el año pasado, el 1 por ciento más rico capta 958 mil 777 pesos por habitante, también cada mes.
Ese boquete de 442 veces de diferencia entre el 10 por ciento de la población de menores ingresos y el 1 por ciento con más no deja de lado que de 2018 a la fecha el ingreso de ambos grupos avanzó 29 por ciento, de acuerdo con los datos publicados por el Instituto Nacional de Estadística y Geografía (Inegi) y analizados por las organizaciones civiles.
“Significa que los más ricos y los más pobres incrementaron sus ingresos en la misma proporción, pero en montos muy distintos”, explican. Entre 2018 y 2024, las personas del decil I recibieron casi 16 pesos más diarios; mientras que del 1 por ciento más rico captaron hasta 7 mil 123 pesos más en un solo día.
La Enigh 2024 evidenció un incremento en los ingresos de los hogares mexicanos, que llevó al menor nivel del que hay registro estadístico y, posteriormente, se informó que 13.4 millones de personas salieron de la pobreza multidimensional desde 2018, un hito que tampoco se había registrado.
Oxfam México e Indesig puntualizaron que, si bien los ingresos promedio de los hogares mexicanos aumentaron 18.7 por ciento entre 2018 y 2024, al pasar de 18 mil 381 pesos a 21 mil 825, “la ligera reducción de la desigualdad y la pobreza no es suficiente para garantizar el pleno acceso a derechos humanos, el desarrollo de proyectos de vida, la movilidad social y la reducción de la brecha entre los más ricos y los más empobrecidos”.
“En México, el acceso a derechos sigue profundamente condicionado por el nivel de ingreso. Aunque ha habido avances, como el aumento del salario mínimo y ciertas mejoras en los ingresos de los hogares más empobrecidos, millones de personas siguen enfrentando barreras económicas para ejercer derechos fundamentales”, resume el informe.
No sólo el ingreso del 1 por ciento más rico es 442 veces superior a los ingresos del decil I, incluso sin estirar a ese grado la cuerda, supera en 44 veces el promedio nacional.
El problema está en otra parte. El año pasado, los hogares del 10 por ciento más pobre gastaron un peso por cada seis que desembolsó el 10 por ciento más rico y sus recursos se fueron sobre todo hacia alimentos y vivienda y menos en salud y educación
“El acceso a derechos y servicios públicos cada vez cuesta más dinero a las familias mexicanas que no pertenecen al 1 por ciento más rico de la población. Aunque la pobreza disminuyó, la desigualdad estructural persiste”, advirtieron las organizaciones.",2025-09-23,20 de agosto de 2025 07:00,Economía,,El 1 por ciento más rico en México acapara un tercio del ingreso nacional,https://www.jornada.com.mx/noticia/2025/08/20/economia/el-1-por-ciento-mas-rico-en-mexico-acapara-un-tercio-del-ingreso-nacional
,Clara Zepeda,economia,"Ciudad de México.  Dado lo apretado de las finanzas públicas para este 2025, --año que luce muy retador en materia económica--, el remanente del Banco de México (BdeM) de 0.1 por ciento del producto interno bruto (PIB) no fue una buena noticia para el gobierno federal, el cual aún espera bajar el déficit fiscal en 3 puntos porcentuales del PIB este año, aseveró Delia Paredes, socia de TransEconomics.
El remanente, derivado de las ganancias cambiarias y de operación del ejercicio de 2024 del Banco de México, se usa para reducir la deuda pública o fortalecer los fondos de estabilización fiscal; es decir, es para sanear las finanzas públicas del país.
“La Secretaría de Hacienda no está muy contenta con que sólo les hayan pasado el 0.1 por ciento del PIB. Recordemos que sigue diciendo que va a bajar el déficit fiscal en 3 puntos del PIB, y contaban con este dinero; si hubieran sido 1 por ciento del PIB, como estimaron los analistas, ya sólo tenían un ajuste del 2 por ciento”, explicó Paredes, al participar en el  podcast   Análisis Biva .
Por primera ocasión en nueve años, este 2025 el gobierno de México recibió remanentes de operación del Banco de México, las estimaciones proyectaban un monto equivalente a uno por ciento del PIB.
La especialista de la firma de gestión de activos financieros y asesoría de inversiones, con sede en Querétaro, detalló que el ajuste fiscal podría frenar el crecimiento económico de este año.
Y es que detalló que los datos económicos en México han sido volátiles, toda vez que en el primer trimestre el sector agrícola apoyó al crecimiento. No obstante, casi el 90 por ciento del PIB de México o no está creciendo (servicios) o se está contrayendo (industria).
Aunado a lo anterior, la economía de Estados Unidos está mostrando una importante debilidad, y al final del día afectará a México. Los vientos están en contra dada la incertidumbre en tema exterior, a pesar de que se han anunciado pausas de aranceles recíprocos y se han dado algunas concesiones en el sector automotriz.
“Estamos en un año de muy alta incertidumbre y riesgos crecientes para el crecimiento económico, no sólo en México, sino para Estados Unidos y a nivel global. Los datos no apuntan a una crisis inminente, pero sí abre un entorno muy frágil, volátil y cambiante, en donde los indicadores nos pueden sorprender para bien o para mal”, aseveró Delia Paredes.",2025-09-23,04 de mayo de 2025 19:23,Economía,,Nivel del remanente del BdeM no fue buena noticia para la SHCP,https://www.jornada.com.mx/noticia/2025/05/04/economia/nivel-del-remanente-del-bdem-no-fue-buena-noticia-para-la-shcp
,Julio Gutiérrez,economia,"Ciudad de México.  Especialistas económicos consultados por Citi México, mejoraron, marginalmente, su pronóstico para el crecimiento de la economía nacional este año, y pasó de 0.1 por ciento a 0.2 por ciento.
Se trata de los últimos resultados que arroja la Encuesta Citi México de Expectativas, que se realiza de forma quincenal a áreas de análisis de bancos, casas de bolsa, consultoras, entre otros agentes del sector financiero.
El banco de inversión inglés Barclays es la institución que cuenta con el pronóstico más optimista, toda vez que espera que el Producto Interno Bruto (PIB) crezca 0.7 por ciento este año y el más pesimista lo tiene Masari Casa de Bolsa, que pronostica una contracción de 0.6 por ciento.
El Banco de México (BdeM), en su escenario central, anticipa que la actividad avance 0.1 por ciento este año, mientras que la Secretaría de Hacienda y Crédito Público (SHCP), espera que la economía mexicana crezca entre 1.5 y 2.5 por ciento este año.
Tipo de cambio y tasas
Las expectativas sobre el peso se mantienen optimistas, toda vez que los economistas consultados por Citi esperan que al concluir el año el tipo de cambio alcance los 20 pesos por dólar.
En la encuesta de hace 15 días, los especialistas anticipaban que la divisa mexicana frente a la estadounidense cerraría el año en 20.20 unidades por billete verde.
Respecto a las estimaciones para la tasa de referencia del BdeM, “la mayoría de los participantes esperan que el siguiente movimiento en la tasa de política monetaria sea en agosto 2025 y todos esperan que un recorte de un cuarto de punto porcentual”.
Según Citi, de 38 participantes, 33 esperan un recorte en agosto mientras que cuatro analistas lo esperan en septiembre.
“El pronóstico de la tasa de política monetaria para final de 2025 se mantuvo en 7.50 por ciento”, agregó Citi.",2025-09-23,07 de julio de 2025 17:29,Economía,,Mejoran analistas pronóstico de crecimiento; PIB crecerá 0.2%: Citi México,https://www.jornada.com.mx/noticia/2025/07/07/economia/mejoran-analistas-pronostico-de-crecimiento-pib-crecera-02-citi-mexico
,Alejandro Alegría,economia,"Ciudad de México.  Los ingresos por remesas provenientes del exterior se ubicaron en 5 mil 201 millones de dólares en junio, monto que no sólo se tradujo en una reducción de 16.2 por ciento frente a igual lapso del año pasado, sino en el mayor descenso para igual mes desde que se tiene registro, según datos publicados por el Banco de México (BdeM).
La reducción de divisas que envían los mexicanos, principalmente desde Estados Unidos, es la mayor desde septiembre de 2012 y está en línea con el incremento de operativos migratorios en ciudades de ese país. Con el dato de junio, suman cuatro periodos consecutivos con variaciones anuales negativas.
En junio, se cuantificaron más de 12 millones 705 mil operaciones de envíos, dato 14.3 por ciento menor al de igual periodo de 2024, el cual fue 14.8 millones.
El banco central indicó que en el sexto mes los ingresos por remesas mostraron una caída mensual de 2.3 por ciento.
Analistas de BBVA señalaron que el descenso en el número de operaciones entre abril y junio de 2025 podría indicar que menos personas en Estados Unidos están enviando dinero al país.
""Las recientes acciones y políticas migratorias del gobierno de Estados Unidos están afectando marginalmente la caída de las remesas al país, las cuales han mostrado signos de incertidumbre durante los últimos 20 meses, una tendencia que comenzó a observarse desde noviembre de 2023"", indicaron los especialistas.
La remesa promedio en el sexto mes fue de 409 dólares, un decremento de 2.4 por ciento frente a la de junio de 2024, cuando se ubicó en 419 , pero mayor respecto a mayo de 2025, que fue de 385 dólares.
En el primer semestre de 2025, los ingresos por remesas se ubicaron en 29 mil 576 millones de dólares, monto menor en 5.6 por ciento frente a los 31 mil 326 reportados en igual lapso de 2024.
""La caída observada durante la primera mitad de 2025 se explica principalmente por una menor incorporación de nuevos migrantes mexicanos al mercado laboral estadunidense"", señaló BBVA.
Optan por la transferencia electrónica
El BdeM indicó que entre enero y junio de este año, 99.1 por ciento del total de los ingresos por remesas se realizó a través de transferencias electrónicas, al sumar 29 mil 291 millones de dólares. El 0.7 por ciento de los envíos fueron en efectivo o en especie, y el resto mediante órdenes de pago.
Del total, las instituciones bancarias recibieron 20.5 por ciento, mientras que el 79.5 restante fue canalizado a través de tiendas de conveniencia, departamentales, de autoservicio y farmacias.
En cuanto a los envíos por transferencias electrónicas, 48.9 por ciento fueron depositadas a cuentas, que incluyen tanto bancarias como no bancarias, mientras que el restante 51.1 por ciento se cobraron directamente en efectivo.
Por ello, BBVA consideró que ""no es posible determinar qué proporción de las remesas estaría sujeta al nuevo gravamen del 1 por ciento impuesto por Estados Unidos"".
Las remesas acumuladas de los últimos 12 meses fueron de 62 mil 996 millones de dólares, monto 2.19 por ciento inferior a los 64 mil 002 reportados en el año previo.
En junio, el superávit de la cuenta de remesas fue de 4 mil 836 millones de dólares, inferior al de 4 mil 981 observado en mayo previo, señaló el banco central.
BBVA informó que desde su recuperación en 2014, el flujo de remesas ha tenido 11 años consecutivos de crecimiento, pero es probable que éste llegue su fin en 2025.
Entre 2013 y 2024, las remesas casi se triplicaron, pues pasaron de 23 mil 090 a 64 mil 746 millones de dólares. ""Este incremento resulta sorprendente si se considera que el volumen de migrantes mexicanos en EU no ha cambiado significativamente, ya que desde 2007 se mantiene en torno a 12 millones"", acotó.
Finalmente, el Centro de Estudios de las Finanzas Públicas Ifigenia Martínez y Hernández refirió que datos de Hacienda muestran que en junio el Impuesto al Valor Agregado (IVA), cuyo recaudo está asociado al consumo y está influido en parte por las remesas familiares, bajó 4.5 por ciento real anual.",2025-09-23,02 de agosto de 2025 07:21,Economía,,Remesas se desplomaron 16.2% en junio: BdeM,https://www.jornada.com.mx/noticia/2025/08/02/economia/remesas-se-desplomaron-162-en-junio-bdem
,Dora Villanueva y Roberto González Amador ,economia,"Las obligaciones del Instituto para la Protección al Ahorro Bancario (IPAB), antes Fondo Bancario de Protección al Ahorro (Fobaproa), son deuda del Estado mexicano y en esos términos deben ser cumplidas. Si bien tienen origen en una historia tan truculenta de un rescate de deudas privadas que se transformaron en deudas públicas sin beneficio concreto, al final son obligaciones que de manera preliminar pesarán 62 años en el balance público, explicó Edgar Amador Zamora, secretario de Hacienda y Crédito Público.
En entrevista con  La Jornada , el funcionario reconoció que las expectativas de crecimiento para la economía mexicana han sido afectadas por la pausa en que se encuentra la inversión, debido a la incertidumbre arancelaria inyectada por Estados Unidos. Si bien se está en un periodo de 90 días en que el gobierno de ese país, liderado por Donald Trump, ajusta su política comercial, México saldrá con una mejor posición relativa frente a otras economías, confió el secretario.
Si bien la realidad económica hace que la relación comercial con Estados Unidos tenga un peso importante, México tiene una política soberana en términos comerciales, sostuvo Amador Zamora. Por ello, no se cerrarán puertas con otros socios como China, Vietnam, Europa o Brasil en aras de privilegiar el vínculo con Norteamérica.
En cuanto a los frentes internos, el secretario sostuvo que al menos la mitad de las pérdidas reportadas por Petróleos Mexicanos (Pemex) son contables y no explican la operación de la compañía. Según su lectura, no se prevé un deterioro tan significativo que implique una situación crítica para la compañía. La estrategia de estabilizar la producción y enderezar la trayectoria de la plataforma petrolera va en dirección correcta. Estoy absolutamente convencido, puntualizó.
–¿Cuál es el sello que este gobierno quiere dejar en la economía?
–Creo que es muy claro. Para esta administración, para esta secretaría, los objetivos son los de este movimiento: mejorar la vida de las personas más necesitadas del país. Por el bien de todos, primero los pobres no nada más es una consigna política, es lo que nos guía en la Secretaría de Hacienda para poner al servicio de esta visión las capacidades técnicas en la elaboración de presupuestos, en las acciones que llevamos a cabo en banca de desarrollo, en la política de fomento. Nos queda muy claro que la visión de la presidenta (Claudia Sheinbaum Pardo) y de este movimiento es ayudar a que la pobreza en este país disminuya y creemos un México con más prosperidad y más bienestar. Así de claro.
–Sobre el Fobaproa, un tema que puso la Presidenta en el debate político, y usando sus palabras: más allá del ruido de los titulares, ¿hay posibilidades técnicas, reales, de refinanciar o hacer alguna intervención en la situación de estos bonos? ¿Hay algo que se pueda hacer o es ruido político?
–La instrucción que tenemos de la Presidenta es absoluta transparencia en todos los procesos de la política pública, y en aras de esa transparencia es muy importante mostrar qué pasó.
“Las obligaciones del IPAB son deuda pública, son deuda del Estado mexicano que deben ser cumplidas. ¿Cuál fue el origen? Esta historia tan complicada, tan truculenta de un rescate de deudas privadas que se transformaron en deudas públicas. Es un monto de gasto que no tuvo una correlación en empleo. ¿Cuántos empleos generó el gasto del Fobaproa?
“Entonces, es muy importante que identifiquemos esa parte. ¿Cómo se convirtieron esas deudas privadas en deuda pública? En este momento es deuda pública, es una obligación del Estado mexicano.
“Por fortuna, actualmente no representan una restricción demasiado pesada en el presupuesto (llegaron a representar más allá de 12 por ciento del gasto público). Estamos muy por debajo de eso. No es una variable que nos restrinja en este momento, pero es muy importante recordar cuál fue su origen.
“Por eso la utilidad de esta discusión, y reconozco mucho el trabajo del periódico de poner muy en claro cuál es el origen de esta deuda pública que debe ser tratada como cualquier otra. Y como cualquier otro pasivo público, es susceptible de refinanciamiento y de hacer ingeniería financiera con ella, como cualquier cete o bono M.
“¿Quiénes pueden acceder al financiamiento? Incluso en Cetes Directo puedes comprar bonos BPA (IPAB). En su momento sí fue un instrumento que generó muchos ingresos a los bancos. Hoy ha evolucionado, pero es muy importante reconocer, uno, cuál es el origen, y dos, la complejidad que tenemos ahorita como pasivo, como obligación pública.
–¿Entonces, se queda en una revisión histórica, pero no en una intervención técnica?
–Como cualquier otro pasivo, es susceptible de un refinanciamiento. Por eso va a ser muy importante la auditoría.
–Si hay opciones de refinanciamiento ¿de qué tipo serían?
–Vamos a analizar cuál es el perfil de pagos. En este momento el calendario nos lleva a la liquidación de estos pasivos hasta 2057. Vamos a ver que no presionen los presupuestos públicos en los siguientes años y ver la mezcla de soluciones para su atención. Pero en este momento, digamos, en términos financieros y legales, las reglas están muy claras y vamos a darle tratamiento de un pasivo público, como a cualquiera. Pero tenemos la obligación con ése, como con cualquier otro instrumento, de ver cuál es la mejor forma para optimizar el perfil.
–Los Precriterios se presentaron hace menos de dos meses; luego tuvimos el Informe de Finanzas Públicas y hasta ese momento no comentaba que probablemente podíamos crecer por debajo del rango de 1.5 a 2.3 por ciento. Si podemos poner un número, ¿qué tanto está pesando la incertidumbre por el tema arancelario y comercial sobre las previsiones de crecimiento?
–Déjame contestarte de dos maneras. La primera: las variables que inciden en el producto interno bruto (PIB), todas están funcionando relativamente bien: consumo, tenemos desempleo en mínimos, la masa salarial en máximos, los ingresos en general del consumo van bastante bien, el gasto de gobierno –que es otro componente, como 11 por ciento– va sólido y el calendario de ejecución va conforme al programa.
“El otro componente es la balanza comercial: exportaciones menos importaciones. En marzo tuvimos superávit, lo que significa que es un factor a favor del crecimiento del PIB. ¿Cuál es la variable que está medio en pausa? La inversión. ¿Por qué? Porque es una decisión que va a largo plazo; necesita reglas claras.
“Ahora se están definiendo las nuevas reglas de la política comercial de nuestro principal socio (Estados Unidos). Entonces, hay un compás de espera en la inversión que deberá de ser temporal. Una vez que se definan las nuevas reglas, seguramente las empresas van a tomar decisiones.
“¿Y hacia dónde va la definición de reglas? Ahí hay que ver dos cosas. Una, ¿cuál va a ser la negociación bilateral de México con Estados Unidos? La Presidenta ha hecho un trabajo de primera calidad y nos ha asignado trabajos a los distintos equipos: Economía, cancillería, Hacienda, Agricultura, Seguridad.
“Esa es la primera parte. La segunda, muy importante, es cómo quedan nuestros principales competidores en el mercado de Estados Unidos. Si nosotros tenemos a final de cuentas un nivel arancelario, pero nuestros principales competidores tienen el triple, claramente la posición relativa será favorable a México. Y probablemente eso estaremos viendo en el corto plazo.
“Hay un cambio en la estructura de precios, tarifas y cuotas entre México y Estados Unidos, pero el resto de los países han sido afectados de una manera que hace que la posición relativa de México sea bastante competitiva.
–El próximo año tenemos la revisión del T-MEC. ¿Qué tanto podemos arrastrar a lo largo de todo el gobierno de Trump esta pausa en la inversión que mueve a la baja las perspectivas de crecimiento?
–Es un proceso. Estamos en esta ventana de 90 días. Las noticias son dinámicas, por ponerlo de alguna forma. De nuevo: puede ser que tengamos más o menos claridad respecto a nuestra posición, pero la posición relativa es muy importante. Por ejemplo, ¿cuál va a ser el arreglo al final entre China y Estados Unidos? En el mercado estadunidense los principales exportadores son México en primer lugar, China y Canadá.
México y Canadá sabemos más o menos las reglas, pero no sabemos las de nuestro principal competidor (China); ni las de los países del sureste asiático. Está evolucionando. Esa es la razón por la cual hemos sido muy cuidadosos para no producir un estimado puntual de crecimiento, sino que estamos estableciendo rangos que nos permitan capturar este proceso de definición de las estructuras.
–Se habló de 10 por ciento de incremento en las compras gubernamentales, pero estamos en un proceso de consolidación fiscal. ¿Cuál es el horizonte en el que estaríamos viendo resultados de este proyecto (para aumentar el PIB en 0.7 puntos porcentuales)?
–Una precisión: lo que queremos hacer es aumentar el contenido nacional de las compras gubernamentales (...) Un ejemplo muy ilustrativo son las medicinas. Si logramos elevar el contenido nacional de medicinas en 10 por ciento, eso va a ser suficiente para impulsar la construcción de manufactura de medicinas en el país de manera muy importante. Ese ejemplo vale para materiales de construcción, para alimentos, para todos los suministros del sector público.
“Elevar el contenido nacional a través sobre todo de mipymes, pequeña y mediana empresa. Ese es el objetivo de este acuerdo que firmamos con la Asociación de Bancos de México, elevar el contenido nacional ayudando a las pymes a insertarse en esa cadena de valor. Vamos a tener un impacto importante en el PIB.
–¿Qué tan dispuesto está México a modificar sus relaciones comerciales con otros países en aras de beneficiar su principal relación comercial, con Estados Unidos?
–México tiene una política soberana en términos comerciales. Por supuesto, la realidad económica impone un peso importante en la relación con Estados Unidos, pero en todo momento vamos a estar modulando conforme a los intereses comerciales del país. Lo que importa es privilegiar la economía del país para beneficiar a la población.
“Y la política comercial es una herramienta que ayuda no nada más al crecimiento, sino también, por ejemplo, a la estabilidad de precios, a la variedad en el consumo de los habitantes. Entonces, tenemos que cuidar la relación con otros países, otros socios comerciales, como China, Vietnam, Europa o Brasil. Son socios comerciales muy importantes para México.
Estuvo de visita el secretario de Hacienda de Brasil y vamos a tener una conversación muy intensa con la segunda economía más grande de América Latina. Ellos tienen muchos sectores que son muy importantes para nosotros en los que no competimos y podemos complementarlos de manera muy importante.
–Hablemos de Pemex. Tenemos las pérdidas del primer trimestre y se han usado más de la mitad de las aportaciones de la línea presupuestal. ¿Hay un tope en esta administración para Pemex, o recibirá todo lo que se pueda como en la administración pasada?
–Primero, en los resultados del último trimestre de 2024 es muy importante separar aquellos que tienen efectos de flujo, operativos, de los contables, que son reconocimientos de operaciones.
“De ese resultado, prácticamente la mitad fueron básicamente contables: revaluación cambiaria y cambio de activos a pasivos por las nuevas reglas contables. La mitad de ese resultado obedece a criterios contables que no tienen impacto en el flujo. Dicho eso, por supuesto que hay un peso importante en el flujo negativo de Pemex.
“Respecto al límite, por supuesto que hay un peso importante del resultado de Pemex, pero en ningún escenario estamos viendo que haya un deterioro tan significativo que implique una situación crítica para la compañía.
“Tanto la producción como la operación están estabilizadas y creo que el equipo de la Secretaría de Energía y el de Pemex han hecho un gran trabajo para estabilizar la producción y enderezar la trayectoria de la plataforma petrolera.
Creo, estoy absolutamente convencido, de que la estrategia va en la dirección correcta y no veo, ni en el futuro cercano ni hacia adelante, una situación en la que vaya a profundizarse la actual tendencia, sino al contrario, creo que estamos en una situación que va a ir mejorando apreciablemente en los siguientes meses.",2025-09-23,12 de mayo de 2025 07:16,Economía,,"Pagos del Fobaproa, ineludibles hasta 2057: Hacienda",https://www.jornada.com.mx/noticia/2025/05/12/economia/pagos-del-fobaproa-ineludibles-hasta-2057-hacienda
,Julio Gutiérrez,economia,"Ciudad de México.  Intercam, CIBanco y Vector, instituciones financieras que son investigadas en Estados Unidos, tienen una participación relevante en el mercado de divisas mexicano.
En conjunto y al cierre del primer trimestre del año, concentran activos por más de 360 mil millones de pesos, de acuerdo con información oficial.
De las tres instituciones, solamente Intercam reporta en México como Grupo Financiero, CI cuenta con un banco y una casa de bolsa y Vector también opera bajo la figura de casa de bolsa, según información de la Comisión Nacional Bancaria y de Valores (CNBV).
Este miércoles,  el Departamento de Tesoro de Estados Unidos acusó a las tres instituciones de facilitar el lavado de dinero  asociado al tráfico de fentanilo y otros opioides sintéticos, por parte de cárteles de la droga.
Hasta este momento, ninguna de las tres instituciones –que ya fueron consultadas por  La Jornada — han emitido alguna postura al respecto. Tampoco lo ha hecho la Asociación de Bancos de México (ABM).
Los señalamientos del Departamento del Tesoro van específicamente sobre Intercam y CI como bancos, y a Vector como casa de Bolsa.
Situación de CI
CIBanco es una institución que ofrece servicios de banca múltiple, tiene casas de cambio, casa de bolsa y también proporciona estrategias de inversión.
Ante las autoridades del sistema financiero nacional, tiene registrado a Jorge Rodrigo Mario Rangel de Alba Brunel como presidente del Consejo de Administración.
Esta institución reportó activos por un monto de 161 mil 178 millones de pesos al cierre del primer trimestre de este año y pasivos por 155 mil 348 millones de pesos, según información de la CNBV.
Si los activos del banco se suman con los de la casa de bolsa, suman un monto de 169 mil 614 millones de pesos.
Intercam
Intercam es la única entidad que reporta como un grupo financiero en México. El banco, como tal, se especializa en créditos empresariales, así como servicios de inversión y pagos internacionales.
Al cierre del primer trimestre, la institución de banca múltiple contaba con activos por 87 mil 797 millones de pesos, mientras que los totales del grupo financiero sumaron 146 mil 7 millones de pesos, de acuerdo con datos de la CNBV.
El presidente del Consejo de Administración de Intercam Banco es Mario Eduardo García Lecuona Mayeur.
Vector
Vector opera en México como una casa de bolsa que proporciona servicios de banca empresarial y al cierre del primer trimestre del año reportó activos por 45 mil 180 millones de pesos, según su reporte financiero, disponible en su sitio de internet.
También participa en el mercado de divisas y fondos de inversión y en su portal, como presidente del Consejo de Administración, aparece Raúl Gerardo Farías Arizpe.
Vector fue fundada por Alfonso Romo, quien fuera jefe de la oficina de la Presidencia del gobierno de Andrés Manuel López Obrador, entre 2018 y 2021.",2025-09-23,25 de junio de 2025 14:02,Economía,,"Intercam, CIBanco y Vector, con activos en México por 360 mil mdp",https://www.jornada.com.mx/noticia/2025/06/25/economia/intercam-cibanco-y-vector-con-activos-en-mexico-por-360-mil-mdp
,"Reuters, Afp y de la Redacción",economia,"Hasta el cierre de esta edición México no había emitido una postura, y la Secretaría de Economía (SE) señaló que no se tenía programado ningún posicionamiento hasta la conferencia matutina de este martes de la presidenta Claudia Sheinbaum.
Según datos de 2023 de la Administración de Comercio Internacional, los mayores proveedores de acero de Estados Unidos son Canadá, con 24.4 por ciento (6.2 millones de toneladas); México, 14.6 por ciento (3.8 millones de toneladas) y Brasil, 14 por ciento (3.6 millones de toneladas).
En el caso de México, de acuerdo con datos de la SE, Estados Unidos es el principal destino de las exportaciones de acero y aluminio, con más de 80 por ciento del total.
Los decretos elevan la tasa arancelaria a las importaciones de aluminio a 25 por ciento desde el 10 por ciento impuesto en 2018 para ayudar al sector interno. Según un portavoz de la Casa Blanca, los efectos de las nuevas medidas se sentirán a partir del 4 de marzo.
En su primer mandato (2017-2021), Trump impuso aranceles de 25 por ciento al acero y de 10 por ciento al aluminio a partir de junio de 2018 y suspendió la medida en mayo de 2019.
Hoy simplifico nuestros aranceles sobre el acero y el aluminio , dijo Trump en la Oficina Oval de la Casa Blanca mientras firmaba las órdenes ejecutivas.  Es un 25 por ciento, sin excepciones ni exenciones , afirmó.
Trump también impondrá una nueva norma que exige que las importaciones de acero sean  fundidas y vertidas  y las de aluminio  fundidas y vertidas  en la región para frenar las importaciones de acero chino con proceso mínimo.
Añadió que valora imponer aranceles adicionales a autos, productos farmacéuticos y chips.
El primer ministro australiano, Anthony Albanese, aseguró que Trump accedió a considerar una exención para Australia en cuanto a los aranceles al acero y el aluminio.  Fue una discusión muy constructiva y cálida , dijo Albanese durante una rueda de prensa tras su conversación telefónica con el estadunidense.
Tenemos un déficit con México de 350 mil millones de dólares. No voy a dejar que eso pase , advirtió.
Agregó que  en México están construyendo fábricas de automóviles por todas partes para fabricar coches y venderlos en Estados Unidos. Yo digo: de ninguna manera, no van a hacer eso. Vamos a poner aranceles a esos coches... No quiero esos carros. Podemos hacer esos carros aquí .",2025-09-23,11 de febrero de 2025 07:11,Economía,,Trump eleva a 25% los aranceles para acero y aluminio,https://www.jornada.com.mx/noticia/2025/02/11/economia/trump-eleva-a-25-los-aranceles-para-acero-y-aluminio-3157
,Ap y Afp,economia,"Nueva Delhi.   Los aranceles de 50 por ciento impuestos por Estados Unidos sobre una serie de productos indios, que entraron en vigor el miércoles, amenazan con asestar un duro golpe al comercio exterior de India en su principal mercado de exportación.
El gobierno indio, tradicional aliado de Washington, prevé que los aranceles afectarán exportaciones por valor de 48 mil 200 millones de dólares. Las autoridades advirtieron que las nuevas tarifas podrían hacer que los envíos a Estados Unidos sean comercialmente inviables, provocando la pérdida de empleos y la ralentización del crecimiento económico.
Las estimaciones del centro de estudios Global Trade Research Initiative, con sede en Nueva Delhi, sugieren que sectores intensivos en mano de obra como los textiles, las gemas y la joyería, los artículos de cuero, la alimentación y la automoción serán los sectores más afectados.
“El nuevo régimen arancelario es un golpe estratégico que amenaza con eliminar la presencia de larga data de India en Estados Unidos, causando desempleo en los centros de exportación y debilitando su papel en la cadena de valor industrial”, indicó Ajay Srivastava, fundador del centro de estudios y ex funcionario de comercio indio.
Por ahora, Estados Unidos ha eximido a algunos sectores, incluido el farmacéutico y el electrónico, de los aranceles adicionales, lo que supone un cierto alivio para India, ya que su exposición en estos sectores es significativa.
EU, principal destino de las exportaciones de India
Estados Unidos fue el principal destino de las exportaciones de India en 2024, con envíos por 87 mil 300 millones de dólares.
Analistas advierten que un arancel de 50 por ciento equivale a un embargo comercial. Los grupos que representan a los exportadores advierten que los nuevos gravámenes podrían perjudicar a las pequeñas y medianas empresas indias que dependen en gran medida del mercado estadounidense.
“Esta es una situación complicada. Algunas líneas de productos simplemente se volverán inviables de la noche a la mañana”, dijo Ajay Sahai, director general de la Federación de Organizaciones de Exportación de India.
En un primer momento, Donald Trump anunció aranceles de 25 por ciento a los productos indios. Pero a principios de este mes firmó una orden ejecutiva con un gravamen adicional de 25 por ciento por la compra de petróleo ruso, lo que situó la tasa final en 50 por ciento, una de las más elevadas impuestas por Washington.
Pedidos cancelados
Los exportadores indios de textiles, mariscos y joyería reportaron la anulación de pedidos a Estados Unidos, lo que fue aprovechado por rivales como Bangladesh y Vietnam, despertando temores de pérdidas de empleo.
Aunque las relaciones comerciales entre las dos naciones se han expandido en los últimos años, siguen siendo vulnerables a disputas sobre el acceso al mercado y a las presiones políticas internas. India es una de las economías que más crece en el mundo y, como resultado de esto, podría enfrentar una desaceleración.
Puran Dawar, un exportador de calzado de cuero en la ciudad de Agra, en el norte de India, afirmó que la industria sufrirá efectos considerables en el corto plazo a menos que se fortalezca la demanda interna y otros mercados extranjeros compren más productos indios.
“Esto es un absoluto revés”, apuntó Dawar, cuyo negocio con Estados Unidos ha crecido en los últimos años. Entre sus clientes está la importante cadena de moda Zara.
Ajay Sahai, director general de la Federación de Organizaciones Exportadoras de India, pidió “apoyo de liquidez de parte del gobierno”.
EU exige mayor acceso al mercado agrícola y lácteo de India
Los aranceles llegan en un momento en que el gobierno estadounidense sigue presionando para lograr un mayor acceso al sector agrícola y lácteo de India.
Nueva Delhi y Washington han mantenido cinco rondas de negociaciones para tratar de cerrar un acuerdo comercial bilateral, pero aún no han llegado a un acuerdo. Una delegación estadounidense canceló sus planes de visitar Nueva Delhi esta semana para una sexta ronda de conversaciones comerciales. Esto se debe en gran medida a que India se ha resistido a abrir esos sectores a las importaciones estadounidenses más baratas, alegando que hacerlo pondría en peligro millones de puestos de trabajo.
El primer ministro, Narendra Modi, ha prometido no ceder ante la presión.
“Para mí, los intereses de los agricultores, las pequeñas empresas y los productores de lácteos son lo más importante. Mi gobierno se asegurará de que no se vean afectados”, señaló esta semana en un mitin su estado natal, Gujarat.
Modi dijo que el mundo estaba presenciando una “política de egoísmo económico”.
El gobierno indio ha comenzado a trabajar en reformas para impulsar el consumo local y aislar su economía.
Ha tomado medidas para cambiar el impuesto sobre bienes y servicios, o impuesto al consumo, para reducir los costos de seguros, automóviles y electrodomésticos antes de la importante festividad hindú del Diwali en octubre.
El consejo de gobierno se reunirá a principios del próximo mes para decidir si recorta los impuestos.
Los ministerios de Comercio y Finanzas están estudiando incentivos financieros que incluirían tipos de interés favorables en los préstamos bancarios a exportadores.
El Ministerio de Comercio está considerando también otras medidas para ampliar las exportaciones a otras regiones, especialmente a Latinoamérica, África y el sudeste asiático. Las negociaciones comerciales en curso con la Unión Europea podrían ganar una renovada urgencia mientras India trabaja para reducir su dependencia del mercado estadounidense.
Compras de petróleo ruso que molestaron a EU
Los aranceles de Estados Unidos aplicados a las importaciones de India, que desde principios de mes eran de 25 por ciento se duplicaron el miércoles a 50 por ciento, una forma del presidente Donald Trump de castigar a Nueva Delhi por comprar petróleo de Rusia.
India es uno de los principales importadores de petróleo ruso, después de China, y el mandatario estadounidense acusa a Nueva Delhi de ayudar a Moscú a financiar su guerra en Ucrania.
India calificó la medida como “injusta, injustificada e irrazonable”, y su gremio de exportadores pidió una intervención del gobierno para aplacar el temor a una pérdida de empleos.
Las autoridades indias señalan que las críticas de Estados Unidos son selectivas, ya que China y la Unión Europea continúan realizando compras similares de petróleo ruso.
Con la medida, las relaciones entre Estados Unidos e India se tensan aún más, lo que da a Nueva Delhi un nuevo incentivo para mejorar sus vínculos con su rival histórico, China.
Los aranceles de 50 por ciento impuestos a India son comparables con la tasa que Donald Trump impuso a Brasil, que junto con India integran el grupo de los BRICS.
El republicano castigó a la mayor economía de América Latina con esa tarifa arancelaria, en recriminación por lo que consideró una “cacería de brujas” por el proceso que en Brasil se realiza contra el ex presidente de extrema derecha jair Bolsonaro, juzgado en su país por orquestar un golpe de Estado para impedir que el presidente Luiz Inacio Lula da Silva llegara al poder tras su triunfo en las elecciones.",2025-09-23,27 de agosto de 2025 19:57,Economía,,Aranceles de 50% de EU a India amenazan 48 mil 200 mdd en exportaciones,https://www.jornada.com.mx/noticia/2025/08/27/economia/aranceles-de-50-de-eu-a-india-amenazan-48-mil-200-millones-en-exportaciones
,De La Redacción y Mireya Cuéllar,economia,"La presidenta Claudia Sheinbaum Pardo confió en que su gobierno llegue a un acuerdo y, por supuesto, a mejores condiciones con Estados Unidos, sin subordinarnos, ante el anuncio de Donald Trump de que impondrá aranceles a los productos mexicanos.
Yo ya tengo alguna experiencia con estas cosas, ya nos ha tocado varios meses y pienso que vamos a llegar a un acuerdo con el gobierno de Estados Unidos, subrayó de gira por Sonora y Baja California, donde también resaltó que ya hay una mesa de negociación en Washington para tratar esos temas.
La delegación mexicana la encabeza el secretario de Economía, Marcelo Ebrard, y participan representantes de las secretarias de Relaciones Exteriores, Hacienda y Energía.
“Es muy importante que todas y todos los mexicanos sepan que nunca vamos a negociar nada que vaya en contra del pueblo de México. Tenemos claros nuestros principios.
México es un país libre, independiente y soberano, y negociamos como iguales; nos coordinamos, colaboramos, pero nunca nos subordinamos.
Hay negociaciones
Horas después de que Trump difundió la carta que le dirigió, la mandataria subrayó que el texto “establece claramente que se busca llegar a un acuerdo para que no haya estos aranceles.
Tenemos claro qué podemos trabajar con el gobierno de Estados Unidos y hay algo que no se negocia nunca: la soberanía de nuestro país. Siempre he dicho que en estos casos lo que hay que tener es cabeza fría para afrontar cualquier problema.
La Presidenta sostuvo: “me siento muy segura porque hay algo que tenemos en el gobierno, y es que representamos la dignidad del pueblo de México, y éste es resistente, valiente, si lo saben los yaquis, refirió en Vícam, Sonora. Destacó que el pueblo de México siempre triunfa, y así vamos avanzar entre todas y todos.
Aclaró que el anuncio es para todos los países, no sólo para México, “porque luego algunos que no nos quieren andan diciendo que sólo es para México: es a todos los países del mundo; a cada uno les está mandando una carta.
Nosotros creemos, por lo que platicaron ayer (anteayer) nuestros compañeros que vamos a llegar a un acuerdo con el gobierno de Estados Unidos y, por supuesto, a mejores condiciones.",2025-09-23,13 de julio de 2025 08:03,Economía,,"Nunca se negociará la soberanía, dice la Presidenta",https://www.jornada.com.mx/noticia/2025/07/13/economia/nunca-se-negociara-la-soberania-dice-la-presidenta
,Emir Olivares y Ángeles Cruz,economia,"Ciudad de México.  La presidenta Claudia Sheinbaum Pardo confirmó que este jueves se realizará en Washington la reunión de alto nivel en materia comercial entre el titular de la Secretaría de Economía, Marcelo Ebrard, y su par estadunidense, el secretario de Comercio, Howard Lutnick.
Al abrir la mañanera de este jueves, la jefa del Ejecutivo refirió brevemente que el secretario mexicano y parte del equipo de la Secretaría de Economía ya se encuentran en la capital estadunidense para el intercambio con los representantes de la Casa Blanca en materia comercial.
El intercambio en este tem a—al igual que en materia de seguridad— fue pactado entre los mandatarios de ambos países, Sheimbaum Pardo y Donald Trump, durante la llamada telefónica que tuvieron el 3 de febrero pasado, donde se acordó poner en pausa por 30 días los aranceles de 25 por ciento a las exportaciones mexicanas que había impuesto el magnate.
Ayer, el Congreso de Estados Unidos ratificó a Lutnick al frente de la Secretaría de Comercio, tras esto, la embajada estadunidense en México posteó un mensaje en la red social X, en el que afirmó que el funcionario “se enfocará en fortalecer las relaciones comerciales con México, mejorar la reciprocidad comercial, revisar aranceles y apoyar iniciativas clave”.",2025-09-23,20 de febrero de 2025 08:22,Economía,,Secretarios de economía de México y EU sostendrán reunión sobre aranceles,https://www.jornada.com.mx/noticia/2025/02/20/economia/secretarios-de-economia-de-mexico-y-eu-sostendran-reunion-sobre-aranceles-6468
,Daniel González Delgadillo,economia,"Al cumplirse los primeros 15 días de trabajos con miras a reabrir la frontera estadunidense al ganado mexicano en pie, el secretario de Agricultura y Desarrollo Rural, Julio Berdegué, informó ayer que tendrá una llamada con su par de Estados Unidos, Brooke Rollins, para hablar sobre las exportaciones y la campaña contra el gusano barrenador.
En su primera declaración después de vencer el plazo de 15 días fijado por Rollins para la reapertura a las exportaciones, el secretario agregó en su publicación en la red social X que continuará con la difusión de información sobre esta crisis sanitaria, sin dar más detalles.
Los problemas derivados de la propagación del gusano barrenador comenzaron a finales de noviembre pasado con la detección de un primer caso en Chiapas, lo que provocó un cierre inicial de la frontera por casi tres meses. Luego de lo que parecía una tregua, el 11 de mayo Rollins anunció un segundo cierre, ahora por 15 días, que terminaron ayer.
Unas 65 mil cabezas de ganado con un valor estimado de 78 millones de dólares no han podido ser exportadas a Estados Unidos durante este tiempo, destacó Juan Carlos Anaya, del Grupo Consultor de Mercados Agrícolas (GCAM). Apuntó que hasta el pasado día 10 fueron exportadas 30 mil 964 cabezas con un valor de 37.1 millones de dólares.
Planean dividir al país en tres zonas de riesgo
Juan Carlos Anaya, del GCAM, apuntó que el Servicio de Inspección Sanitaria de Animales y Plantas de Estados Unidos vendrá a México a verificar las medidas del plan de emergencia sanitaria instrumentado por el Servicio Nacional de Sanidad, Inocuidad y Calidad Agroalimentaria.
La Secretaría de Agricultura y Desarrollo Rural informó que, en conjunto con los gobiernos de Sonora, Chihuahua, Coahuila, Durango y Tamaulipas, aplican un programa de inspección de 100 por ciento de los animales con la finalidad de evitar la propagación del gusano hacia el norte del país y garantizar exportaciones a Estados Unidos.
También se prevé dividir el país en tres regiones: la zona con presencia de esta enfermedad en los estados del sur-sureste, donde continúan las medidas de control y erradicación; la de amortiguamiento, con las entidades libres del parásito, pero que no están acreditadas para exportar animales vivos a Estados Unidos, y la libre, integrada por Sonora, Chihuahua, Coahuila, Durango y Tamaulipas.",2025-09-23,27 de mayo de 2025 07:36,Economía,,Verificará EU las acciones de México ante crisis sanitaria por el gusano barrenador,https://www.jornada.com.mx/noticia/2025/05/27/economia/verificara-eu-las-acciones-de-mexico-ante-crisis-sanitaria-por-el-gusano-barrenador
,Braulio Carbajal ,economia,,2025-09-23,03 de abril de 2025 19:20,Economía,,"Volvo aumentará inversión en México, adelanta Ebrard",https://www.jornada.com.mx/noticia/2025/04/03/economia/volvo-aumentara-inversion-en-mexico-adelanta-ebrard
,Clara Zepeda   ,economia,,2025-09-23,15 de agosto de 2024 08:35,Economía,,Economía de EU sigue dando buenas noticias y el peso responde con ganancias,https://www.jornada.com.mx/noticia/2024/08/15/economia/economia-de-eu-sigue-dando-buenas-noticias-y-el-peso-responde-con-ganancias-8311
,Ap,economia,,2025-09-23,16 de mayo de 2024 20:43,Economía,,ONU estima que la economía mundial crezca 2.7% este año,https://www.jornada.com.mx/noticia/2024/05/16/economia/onu-estima-que-la-economia-mundial-crezca-2-7-este-ano-3747
,Julio Gutiérrez y Clara Zepeda,economia,,2025-09-23,11 de febrero de 2025 08:00,Economía,,Slim: los aranceles no solucionan problemas; México tiene futuro,https://www.jornada.com.mx/noticia/2025/02/11/economia/slim-los-aranceles-no-solucionan-problemas-mexico-tiene-futuro-5959
,Jessika Becerra,economia,,2025-09-23,22 de julio de 2025 18:50,Economía,,Recibiría Pemex recursos equivalentes al 10% de su deuda con emisión de Hacienda: S&P,https://www.jornada.com.mx/noticia/2025/07/22/economia/recibiria-pemex-recursos-equivalentes-al-10-de-su-deuda-con-la-emision-hacienda-sp
,Alejandro Alegría    ,economia,"Ciudad de México.  El titular de la Secretaría de Economía (SE), Marcelo Ebrard Casaubón, arribó a medio día del viernes a la Secretaría de Comercio de Estados Unidos, donde se encontrará con Howard Lutnick, para negociar que México sea excluido de los aranceles de 50 por ciento que se comenzaron a aplicar a las importaciones de acero y aluminio mexicanas.",2025-09-23,06 de junio de 2025 09:34,Economía,,Ebrard llega a la Secretaría de Comercio de EU para  negociar exclusión de aranceles,https://www.jornada.com.mx/noticia/2025/06/06/economia/ebrard-inicia-negociacion-para-excluir-a-acero-mexicano-de-aranceles
,Jessika Becerra,economia,"Ciudad de México.  En abril, la economía mexicana habrá crecido 0.7 por ciento anual, de acuerdo con el Indicador Oportuno de la Actividad Económica (IOAE) que publica el Instituto Nacional de Estadística y Geografía (Inegi).
El (IOAE) permite contar con estimaciones econométricas oportunas sobre la evolución del Indicador Global de la Actividad Económica (IGAE), así como de las actividades secundarias y terciarias.
Por grupos de actividad económica, se espera una baja anual de 0.8 por ciento en las secundarias y un incremento de 1.5 por ciento en las terciarias, indicó el Inegi.
Las actividades económicas secundarias corresponden a los sectores dedicados a la industria de la minería, manufacturas, construcción y electricidad, mientras que las actividades terciarias conciernen al comercio, transportes, correos y almacenamiento, entre otras.
Las estimaciones del indicador incluyen intervalos de confianza a 95 por ciento y corresponden a cifras desestacionalizadas.
El pasado 13 de mayo, Édgar Amador Zamora, secretario de Hacienda y Crédito Público, destacó que el desempeño de la economía mexicana en el primer trimestre de 2025 fue positivo, lo que indica moderación de la actividad productiva.
“Tuvimos un comportamiento positivo en el trimestre, lo cual nos ayuda, digamos a aclarar esta conversación, esta narrativa de que la economía mexicana podría estar entrando en un ciclo recesivo”, expuso.
“No lo vemos así en la Secretaría de Hacienda. Vemos un momento de moderación en la actividad económica, lo cual está claro, pero las variables fundamentales y los factores que explican el crecimiento del país están sólidos y sanos”, agregó.
",2025-09-23,19 de mayo de 2025 11:17,Economía,,Crece 0.7% la economía mexicana en abril: Inegi,https://www.jornada.com.mx/noticia/2025/05/19/economia/crece-07-la-economia-mexicana-en-abril-inegi
,Alejandro Alegría,economia,"Ciudad de México.  Analistas económicos del sector privado consultados por el Banco de México (BdeM) ajustaron al alza su expectativa de crecimiento de la economía mexicana para 2025, por lo que esperan que este año crezca 0.30 por ciento.
Después de que en días recientes el Instituto Nacional de Estadística y Geografía (INEGI) publicó el dato oportuno del producto interno bruto (PIB) del segundo trimestre del año, el cual observó un crecimiento de 0.7 por ciento frente al periodo anterior, los especialistas de 45 grupos de análisis y consultoría económica del sector privado nacional y extranjero prevén un mejor dinamismo de la economía mexicana.
Mientras en junio el pronóstico de crecimiento del PIB para 2025 era de 0.20 por ciento, en julio cambió a 0.30 por ciento anual.
Los especialistas consideraron que para el tercer trimestre del año la economía mexicana caerá 0.21 por ciento. No obstante, los analistas redujeron el impacto, pues en junio la expectativa era de 0.41 por ciento.
Respecto a octubre-noviembre de este año, prevén que el PIB del país repunte, de tal forma que crezca 0.41 por ciento anual. La cifra también observó un ajuste, luego de que en el sondeo del sexto mes se ubicó en 0.31 por ciento.
Para 2026, los especialistas prevén un crecimiento de 1.37 por ciento anual, dato que mostró una ligera variación a la baja respecto a la encuesta de junio, cuando el promedio se ubicó en 1.40 por ciento.
Los factores que podrían obstaculizar el crecimiento económico de México en los próximos seis meses se asocian con la gobernanza, las condiciones externas y las condiciones económicas internas.
En particular, con los problemas de inseguridad pública, la política sobre comercio exterior, la debilidad en el mercado interno, la ausencia de cambio estructural en México y la incertidumbre sobre la situación económica interna.
Los especialistas consideraron que la inflación general se ubicará en 4.04 por ciento anual al finalizar este año, dato que mostró un aumento, pues en el sondeo de junio se ubicó en 4.00 por ciento.
Para el siguiente año, la expectativa sobre el índice de precios se prevé en 3.72 por ciento anual, dato que observó un avance de 0.01 puntos porcentuales respecto a las expectativas publicadas en el sexto mes.
Sobre la inflación subyacente, estimaron que esta sea de 4.12 por ciento al cierre de este año, cifra mayor respecto al 4.00 por ciento divulgado en junio.
Para el siguiente año, los analistas consultados prevén que este índice que determina la trayectoria de la inflación general en el mediano y largo plazo, se ubique en 3.72 por ciento, dato que mostró 0.01 puntos de variación frente al sondeo anterior.
La expectativa sobre el nivel del tipo de cambio del peso frente al dólar se ubicó en 19.80 pesos por dólar, nivel que fue menor frente al pronóstico reportado en el sexto mes que fue de 20.13.
Para el siguiente año, los analistas prevén que el tipo de cambio cierre en 20.24 pesos por cada divisa estadunidense, estimación que fue inferior a los 20.70 reportados en la encuesta de junio.




",2025-09-23,01 de agosto de 2025 14:37,Economía,,Analistas privados prevén mayor crecimiento de la economía en 2025: BdeM,https://www.jornada.com.mx/noticia/2025/08/01/economia/analistas-privados-preven-mayor-crecimiento-de-la-economia-en-2025-bdem
,Clara Zepeda ,economia,,2025-09-23,02 de septiembre de 2024 07:48,Economía,,Territorio sur-sureste detonó el crecimiento económico nacional,https://www.jornada.com.mx/noticia/2024/09/02/economia/territorio-sur-sureste-detono-el-crecimiento-economico-nacional-8778
,Julio Gutiérrez ,economia,"Contra todo pronóstico, la economía mexicana repuntó en febrero y revirtió dos meses consecutivos a la baja, dio a conocer este viernes el Instituto Nacional de Estadística y Geografía (Inegi).
Al presentar el Indicador Global de la Actividad Económica (IGAE), una aproximación al desempeño del producto interno bruto, el organismo indicó que la economía mexicana avanzó uno por ciento en su comparativa mensual –respecto a enero– con un impulso proveniente de las actividades secundarias, particularmente, de la construcción y las manufacturas.
Se trata de la mejor tasa de crecimiento desde abril de 2023 y se presenta durante el primer mes completo de Donald Trump como presidente de Estados Unidos.
El IGAE funciona como un indicador que observa el comportamiento de la economía mexicana a corto plazo.
En su comparativa anual –respecto a febrero de 2024– la actividad tuvo un avance de 0.5 por ciento, según el Inegi.
Febrero marcó el inicio de las tensiones comerciales entre México y Estados Unidos. El primer día del mes, el presidente Donald Trump amagó con aplicar aranceles de 25 por ciento a todas nuestras exportaciones, mismos que fueron suspendidos dos días después.
No obstante, el 11 de febrero, Trump firmó varios decretos para imponer tarifas de esa misma proporción a las importaciones de acero y aluminio.
Cifras mensuales
De acuerdo con el IGAE, las actividades primarias tuvieron un avance de uno por ciento en febrero respecto al mes inmediato anterior.
El impulso provino de las secundarias, que en esa misma comparativa lograron crecer 2.5 por ciento, mientras las terciarias –el sector servicios— tuvo un alza de 0.6 por ciento.
Según el Inegi, al interior de las actividades secundarias, la industria manufacturera tuvo un crecimiento de 2.9 por ciento, mientras el sector de la construcción avanzó 2.8 por ciento, ambos frente a enero.
En tanto, en el sector terciario los servicios de esparcimiento, culturales y deportivos, así como otros recreativos despuntaron 5.4 por ciento; los profesionales, científicos y técnicos, 4.1 por ciento; y los de apoyo a los negocios y manejo de residuos, así como servicios de remediación, 2.5 por ciento.
En la comparativa anual, es decir, respecto a febrero de 2024, las actividades primarias tuvieron una contracción de 4.3 por ciento; las secundarias avanzaron 0.4 por ciento y las terciarias uno por ciento, de acuerdo con el Inegi.
La actividad se expandió en el primer bimestre del año y registró en febrero su mayor expansión mensual en casi dos años, impulsado por los crecimientos en las tres ramas de la actividad económica, especialmente la industrial. A pesar del dato favorable de hoy, prevemos que la actividad exhibirá un lento dinamismo a lo largo de todo el primer semestre, reflejo de un entorno de aguda incertidumbre y tasas de interés reales todavía altas, señalaron analistas de Ve por Más (BX+).
Los economistas de Banamex precisaron que aunque la sorpresa de hoy balancea ligeramente los riesgos para la actividad del año en su conjunto, mantenemos nuestra proyección de crecimiento del PIB para todo 2025 en cero por ciento.",2025-09-23,26 de abril de 2025 08:34,Economía,,"Contra pronósticos, en México repunta la economía: Inegi",https://www.jornada.com.mx/noticia/2025/04/26/economia/contra-pronosticos-en-mexico-repunta-la-economia-inegi
,"David Brooks y Jim Cason, Corresponsales",economia,"Nueva York y Washington.,  Nerón tocando su arpa mientras Roma arde resume lo que un amplio coro de observadores expresa para definir la coyuntura política en Estados Unidos.
Poco después de que Donald Trump declaró sus aranceles universales el miércoles pasado, provocando desplomes en las bolsas de valores y advertencias de un incendio del sistema financiero y comercial mundial, se fue a jugar golf en Florida, donde anunció que ganó el juego en su propio club, en un evento patrocinado –o sea, pagado a su empresa– por Arabia Saudita, y cuando comentó acerca del caos financiero provocado por sus medidas, respondió: tienes que tomar la medicina si quieres componer algo.
Ayer, ya de regreso a la Casa Blanca, el incendio del sistema internacional se intensificaba, con algunos pronosticando que el orden internacional encabezado por Estados Unidos estaba por derretirse. El día arrancó con más descalabros en todos los mercados bursátiles, y con la persistente incertidumbre –la condición más odiada en circuitos financieros– sobre qué hará o no el mandatario estadunidense.
Ya para mediodía Trump amenazaba con imponer aranceles de otro 50 por ciento a China si ese país no retiraba su arancel correspondiente de 34 por ciento con el cual respondió al estadunidense, provocando aún más tensión. Sin embargo, también había indicios de que podrían iniciarse una serie de negociaciones con varios países con la promesa de revertir algunos de los aranceles, siempre y cuando Trump pudiera declarar victoria.
El riesgo de una recesión
Pero el día avanzó con intensa especulación sobre qué tanto daño causarían los aranceles y durante cuánto tiempo, con la palabra recesión mencionada, a veces a susurros, a veces a gritos, por economistas, políticos (de ambos partidos), historiadores y comentaristas. Las primeras planas de los sitios digitales de noticias –siempre acompañados de gráficos alarmantes sobre las bolsas de valores– con muchos señalando que nunca antes un presidente había provocado a propósito un desplome de los mercados financieros. “Este es el  shock  comercial más grande de la historia”, comentó Paul Krugman, el economista Premio Nobel en entrevista con el  New York Times .
Tal vez el mejor resumen de la obra de Trump fue el del cómico Stephen Colbert, el conductor del Late Show en CBS: “este es el peor día para nuestra economía desde el covid (en 2020)… y esta vez él es la enfermedad”.

A la vez, la crisis provocada por el presidente también está generando grietas dentro de su propio círculo interno y sus aliados en el Congreso, así como en el club exclusivo de sus amigos multimillonarios. Elon Musk difundió un video de Milton Friedman elogiando las virtudes del libre comercio y no ha ocultado su desprecio por el asesor económico del presidente, Peter Navarro. Se reporta que el secretario del Tesoro, Scott Bessent, también ha manifestado su esperanza de que los aranceles sean frenados a través de negociaciones en contraposición con el secretario de Comercio, Howard Lutnick, quien asegura que todo es para bien. Fuentes de la Casa Blanca han indicado que más de 50 gobiernos han buscado iniciar negociaciones con el gobierno de Trump en torno a los aranceles, pero no hay mayores detalles acerca de si éstas proceden o no.
Efectos electorales
El siempre subordinado senador republicano Ted Cruz, de pronto expresa preocupación por los efectos electorales de los aranceles –obviamente más preocupado por su futuro político que por el de su jefe– al advertir que sus colegas republicanos en el Congreso arriesgan un baño de sangre en las elecciones intermedias legislativas en 2026 si los aranceles de Trump causan una recesión. No es el único republicano, junto con sus colegas, sobre todo de estados agrarios, que expresa alarma y hasta busca recuperar el poder histórico de la Legislatura sobre políticas comerciales, incluida la imposición de aranceles.
El multimillonario Bill Ackman, hasta ahora fiel a Trump, tuiteó que la forma en que su amigo está haciendo las cosas pone todo en riesgo. Al imponer aranceles masivos y desproporcionados tanto a nuestros amigos como a nuestros enemigos, lanzando así una guerra económica global contra todo el mundo a la vez, estamos en el proceso de destruir la confianza en nuestros país como socio comercial, como un lugar para hacer negocios, y como mercado donde invertir capital, y advirtió que esto puede llevar a un invierno nuclear económico autoimpulsado ( https://x.com/BillAckman/status/1908992002366292286  ).El influyente banquero Jamie Dimon, ejecutivo en jefe de JPMorgan Chase, resaltó en su carta anual a clientes la incertidumbre sobre la política de aranceles y expresó su deseo de que esto sea resuelto lo más rápido a través de negociaciones, ya que los efectos negativos se acumulan con el tiempo.
La nueva ronda de aranceles recíprocos o compensatorios entrará en vigor este miércoles, incluidos los que se aplican a islas sólo habitadas por pingüinos, entre otros rincones del mundo, mientras aliados y socios comerciales de décadas siguen preguntándose qué está pasando. De hecho, la fórmula empleada para establecer los aranceles sobre unos 185 países (e islas no habitadas) resulta ser una ecuación aritmética en la cual sólo se calcula el déficit comercial que Trump dice es resultado de barreras comerciales injustas de otros países, y se divide eso a la mitad para dar con el arancel; una ecuación que fue decorada por la Casa Blanca con letras griegas para que pareciera muy sofisticada, según analizó una matemática inglesa en la BBC.
Muchos en Wall Street y en otros sectores tienen la esperanza de que habrá más indicios de que todo esto es una maniobra de negociación a corto plazo. Pero varios expertos indican que el daño no será reparado tan rápido, y que el sistema construido y encabezado por Estados Unidos durante la mayoría de un siglo ya no podrá ser reconstituido.",2025-09-23,08 de abril de 2025 07:30,Mundo,,"Es el 'shock' mercantil más grande de la historia, estima Paul Krugman, Nobel de Economía",https://www.jornada.com.mx/noticia/2025/04/08/mundo/es-el-shock-mercantil-mas-grande-de-la-historia-estima-paul-krugman-nobel-de-economia
,Clara Zepeda,economia,"Ciudad de México.  La economía mexicana entrará a un ciclo de contracción en el corto plazo, sugiere el Sistema de Indicadores Compuestos: coincidente y adelantado, que calcula el Inegi.
El Instituto Nacional de Estadística y Geografía (Inegi) precisó que el indicador adelantado, el cual sugiere el comportamiento de la economía en el corto plazo, se posicionó en 99.8 puntos, por debajo de su tendencia de largo plazo, su menor nivel desde febrero 2023, y reportó una disminución de 0.13 puntos, con relación a octubre, su séptima caída consecutiva.
Por su parte, el indicador coincidente, que refleja el comportamiento de la economía en curso, se ubicó en 99.95 siendo la cifra más baja desde marzo 2022, y registró una disminución de 0.04 enteros, con respecto a septiembre.
“Los indicadores cíclicos reflejan contracción en la actividad económica y es que nuevamente se ubican por debajo de 100 unidades”, prevé Jacobo Rodríguez, analista económico y profesor en la Facultad de Economía de la UNAM.
Por su parte, Gabriela Siller, directora de estudios económicos de Banco Base, explicó que “la combinación del indicador coincidente por debajo de la tendencia de largo plazo (brecha positiva) y la clara tendencia a la baja del indicador adelantado durante siete meses consecutivos, señala que estamos en un ciclo recesivo”.",2025-09-23,09 de enero de 2025 10:41,Economía,,"Economía mexicana entrará en contracción, prevé el Inegi",https://www.jornada.com.mx/noticia/2025/01/09/economia/economia-mexicana-entrara-en-contraccion-preve-el-ingei-6804
,Alejandro Alegría,economia,"La producción nacional de hidrocarburos líquidos, que suma la realizada por Petróleos Mexicanos (Pemex) y los privados fue de un millón 822 mil barriles diarios en septiembre, dato que mostró una caída de 6.17 por ciento frente a igual lapso de 2023, informó la Comisión Nacional de Hidrocarburos (CNH).
De acuerdo con la información divulgada por el organismo autónomo, la extracción de crudo más condensados, se mantuvo por encima de los 1.8 millones de barriles cada día por nueve meses consecutivos, por lo que hasta el cierre del sexenio pasado no se alcanzó la meta de los 2 millones.
El dato de septiembre de este año fue menor frente al promedio de un millón 942 mil barriles del mismo periodo de 2023.
El menor dinamismo observado en esta actividad se explica por una reducción en la extracción de Pemex. La empresa estatal promedió un millón 713 mil barriles diarios en el lapso de referencia, lo que se tradujo en una caída de 6.77 por ciento.
Pese a lo anterior, la petrolera del Estado mexicano continúa siendo la que más aporta en la producción, pues los privados sólo extrajeron 5.98 por ciento, mientras que el 94.2 correspondió a Pemex.
Las empresas privadas produjeron en promedio 109 mil barriles diarios en el noveno mes, dato que significó un aumento de 4.10 por ciento.
En su variación mensual, la producción nacional de hidrocarburos líquidos sólo retrocedió 0.72 por ciento, la de Pemex 1.17 por ciento y la de privados avanzó 6.96 por ciento.
Si sólo se cuenta crudo, la producción nacional, que suma Pemex y firmas privadas, fue de un millón 560 mil barriles diarios en el periodo de referencia, lo que se tradujo en una caída de 6.26 por ciento frente a septiembre de 2023.
Con el resultado anterior, sumó ocho lapsos consecutivos con una extracción menor a 1.6 millones de barriles cada día.
En el periodo de referencia, Pemex produjo un millón 451 mil barriles diarios, dato que significó un retroceso de 7.01 por ciento frente al noveno mes del año pasado.
En su variación mensual, la producción nacional se contrajo 0.59 por ciento, la de la petrolera estatal 1.17 por ciento y la de privados avanzó 4.11 por ciento.",2025-09-23,24 de octubre de 2024 18:54,Economía,,Producción nacional de hidrocarburos cayó 6.17% en septiembre,https://www.jornada.com.mx/noticia/2024/10/24/economia/produccion-nacional-de-hidrocarburos-cayo-6-17-en-septiembre-204
,"Cristina Gómez Lima, corresponsal",economia,"Bavispe, Son . A cuatro días del miércoles 2 de abril, fecha que el presidente de Estados Unidos, Donald Trump, ha denominado como el “Día de la Liberación”, ya que su administración profundizará la imposición de aranceles a varias naciones del mundo, la presidenta, Claudia Sheinbaum Pardo, afirmó que la Cuarta Transformación salvará a la economía mexicana con los programas sociales y obras públicas que impulsan el desarrollo social nacional.
“Ahora que estamos con esta nueva situación frente al gobierno de los Estados Unidos que puede imponer aranceles, y todo esto que ya sabemos, ¿saben qué va a salvar a México? que hay Cuarta Transformación y que el principio es por el bien de todos primero los pobres”, aseguró la mandataria federal.
Sheinbaum explicó que frente a la imposición de aranceles a las exportaciones mexicanas del gobierno de Estados Unidos, en el segundo piso de la Cuarta Transformación se está fortaleciendo el desarrollo de la economía nacional con la derrama de 800 millones de pesos que van directamente a las familias mexicanas a través de los programas sociales de Apoyos para Adultos Mayores, Jóvenes Construyendo el Futuro, personas con discapacidad, las becas a estudiantes y los apoyos al campo.",2025-09-23,30 de marzo de 2025 15:36,Política,,"Sheinbaum: Ante amago de aranceles, la 4T salvará la economía nacional",https://www.jornada.com.mx/noticia/2025/03/30/politica/sheinbaum-ante-amago-de-aranceles-la-4t-salvara-la-economia-nacional
,Reuters,economia,"Ciudad de México . El primer ministro Mark Carney está luchando por salvar la relación de su país con México, después de que se estropeó a fines del año pasado cuando funcionarios canadienses sugirieron que sería mejor que negociaran un acuerdo comercial solo con el gobierno de Donald Trump.
Carney intentó romper el hielo en una llamada telefónica con la presidenta mexicana Claudia Sheinbaum en julio, elogiando un balón de futbol de fabricación indígena que ella le había regalado en la reunión del G-7 y diciendo que esperaba visitar México pronto.
La cálida apertura, transmitida a Reuters por tres personas familiarizadas con la llamada, destaca el intento de Canadá de reparar el daño después de una serie de desaires públicos por parte de funcionarios canadienses, incluido el primer ministro de Ontario, Doug Ford, quien dijo en noviembre que cualquier comparación de Canadá con México era “la cosa más insultante que he escuchado”.
Aliados de larga data en comercio
México y Canadá son, en muchos sentidos, aliados naturales. Se han beneficiado de acuerdos comerciales trilaterales con Estados Unidos durante 31 años: primero, el Tratado de Libre Comercio de América del Norte (TLCAN) en 1994 y, posteriormente, el Tratado entre México, Estados Unidos y Canadá (TMEC) que lo reemplazó en 2020.
Pero la relación entre ambos países se ha visto afectada por acusaciones de traición por ambas partes y por el recuerdo de las tensas negociaciones con Trump.
Altos funcionarios prácticamente dejaron de comunicarse en noviembre después de que el ex primer ministro canadiense Justin Trudeau considerara la posibilidad de cerrar un acuerdo comercial con Estados Unidos sin México, sugiriendo que Estados Unidos y Canadá estaban más alineados en temas como China.
Unos días después, Trudeau voló a Mar-a-Lago para una visita sorpresa a Trump, lo que dejó atónitos a los funcionarios mexicanos. Parecía que Canadá ya había desarrollado una estrategia para lidiar con el líder republicano mientras México se lamentaba, según un funcionario mexicano.
Sheinbaum, enfurecida, ordenó a sus funcionarios que dejaran de tratar con los canadienses, al menos hasta que Trudeau dejara el cargo, según el funcionario, que habló bajo condición de anonimato.
Canadá en desventaja frente a Trump
Nueve meses después, Canadá se encuentra en desventaja frente a Trump, mientras que México disfruta de su relativo éxito. La semana pasada, Trump otorgó a México una pausa de 90 días en la entrada en vigor de nuevos aranceles, manteniéndolos en 25 por ciento, en cambio a Canadá los aumentó a 35 por ciento.
Ahora, en un notable cambio de actitud, los funcionarios canadienses están en una campaña para recuperar el favor de México y salvar el acuerdo comercial trilateral que Trudeau sugirió que estaba dispuesto a abandonar, según dos personas con conocimiento de la tensa relación de los países.
Ese tratado continúa protegiendo una gran cantidad de exportaciones canadienses y mexicanas a Estados Unidos de las últimas rondas de aranceles de Trump.
Carney defiende acuerdo trilateral
Carney dijo el martes que “es importante preservar” el acuerdo trilateral mientras el ministro de Asuntos Exteriores y el ministro de Finanzas de Canadá viajaron esta semana a México para una visita de dos días con altos funcionarios.
Cuando Reuters le preguntó si el propósito de su visita era reparar los lazos rotos con México, la ministra de Asuntos Exteriores de Canadá, Anita Anand, dijo: “Es extremadamente importante para Canadá tener una relación resiliente con México y, de hecho, estoy aquí para impulsar esa relación”.
Sheinbaum reiteró ese mensaje. “Fortalecemos la relación entre nuestros países”, escribió en X sobre la visita del martes. Una portavoz suya declinó hacer más comentarios.
“Mirarse al espejo”
El hecho de que reparen su asociación y se conviertan en un bloque muy unido en las negociaciones con Estados Unidos tendrá consecuencias duraderas no solo para los tres países, sino para las miles de empresas que dependen del libre comercio en la región, desde fabricantes de automóviles hasta proveedores médicos, dijeron tres analistas comerciales.
“La gran pregunta que tengo es si existe una verdadera comunicación o coordinación entre México y Canadá”, comentó Kenneth Smith, ex negociador comercial de México. “No me da la impresión de que sea así. Creo que ambos países operan bilateralmente con Estados Unidos y punto”.
Smith dijo que México salvó a Canadá de ser expulsado del tratado TMEC cuando los negociadores canadienses y estadounidenses entraron en una “pelea severa” durante las negociaciones en 2018.
“México insistió en que el acuerdo siguiera siendo trilateral”, dijo Smith, quien representó a México en esas negociaciones, y agregó que es esa historia la que probablemente hizo que los funcionarios mexicanos se sintieran especialmente amargados cuando Canadá pareció desdeñar a México para congraciarse con Trump.
Una fuente canadiense involucrada en las conversaciones de 2018 cuestionó rotundamente esa caracterización.
“El equipo mexicano actuó a nuestras espaldas y negoció su propio acuerdo bilateral con Estados Unidos. Trump luego usó eso para presionar a Canadá para que hiciera concesiones”, dijo la fuente, que habló bajo condición de anonimato.
La fuente dijo que la animadversión con México derivada de las negociaciones de 2018 es parte de la razón por la que los funcionarios canadienses expresaron interés el año pasado en un acuerdo bilateral con Estados Unidos.
“Si hay mexicanos que sienten que Canadá los traicionó, deberían mirarse al espejo”, comentó la fuente.
Dimes y diretes
Después de que Trudeau se marchara de Mar-a-Lago con las manos vacías a principios de año, la relación se tornó abiertamente hostil, con él y Trump intercambiando agravios.
Sheinbaum, por su parte, insistió en mantener el apoyo de Trump, prácticamente a cualquier precio, según tres personas familiarizadas con su estrategia.
Mientras los canadienses caían en un bache más profundo con Trump, Carney, quien reemplazó a Trudeau como primer ministro en marzo, buscó hacer las paces con México invitando a Sheinbaum a asistir a la cumbre del Grupo de los 7 en Canadá.
Sheinbaum retrasó su aceptación durante casi tres semanas, pero finalmente accedió. Trump abandonó la cumbre antes de tiempo sin reunirse con Sheinbaum, un hecho que preocupó a la presidenta de México, según uno de sus asesores.
La invitación de Carney y la asistencia de Sheinbaum parecieron marcar un cambio en la relación entre ambos países, afirmó Pedro Casas, director general de la Cámara de Comercio Americana de México (AmCham). Agregó que envió un mensaje claro: ambos líderes están juntos en esto.
El primer ministro canadiense mostró su buena fe a Sheinbaum durante la siguiente llamada telefónica que sostuvieron en julio. Le comunicó que al día siguiente Canadá anunciaría límites a las importaciones de acero producido en otros países para ayudar al sector siderúrgico nacional, afectado por los aranceles de 50 por ciento impuestos por Trump.
Pero Carney aseguró a Sheinbaum que la medida no afectaría las importaciones desde México, según dos personas con conocimiento de la conversación.
A pesar de sus reservas sobre Canadá, Sheinbaum ha dejado en claro que está completamente comprometida con salvar el acuerdo comercial trilateral con ese país y con Estados Unidos. Si los tres países no renuevan el pacto el próximo año, el tratado expirará automáticamente en 2036, lo que creará un impacto económico potencialmente desastroso para México.
El secretario de Comercio de Estados Unidos, Howard Lutnick, ha planteado en privado la idea de abandonar el acuerdo en favor de un acuerdo comercial bilateral con México, según el funcionario mexicano, un escenario que, según la persona, México no está dispuesto a aceptar.
Lutnick no respondió a una solicitud de comentarios de Reuters. La Casa Blanca tampoco respondió a una solicitud de comentarios.
“México sabe muy bien que si intentamos competir de igual a igual con Washington, la asimetría en las negociaciones favorecerá a Estados Unidos”, dijo el ex negociador comercial mexicano Juan Carlos Baker. “Siempre es mejor tener un juego de tres jugadores”, afirmó.",2025-09-23,08 de agosto de 2025 22:24,Economía,,Canadá intenta salvar su relación con México tras desacuerdo con Trump,https://www.jornada.com.mx/noticia/2025/08/08/economia/canada-intenta-salvar-su-relacion-con-mexico-tras-desacuerdo-con-trump
,Israel Campos Mondragón,cultura,"“El grupo Maldita Vecindad y Los Hijos del Quinto Patio viene de una cultura popular en México que nos habla de que la memoria es contestataria. En este tiempo de tanto olvido, también la memoria es un acto revolucionario”, así consideró el cantante de la banda, Roco Pachukote, en entrevista con  La Jornada  a propósito de la celebración por sus 40 años de continuar en resistencia.
“Maldita no existiría sin Botellita de Jerez, sin Rodrigo González, sin Tintán, es esa continuidad de una cultura que se crea y desarrolla desde el barrio para el barrio y ahí se mantiene”, agregó el también compositor.
Además de su aniversario, La Maldita, como también se le conoce a la banda, festejará los primeros 35 años de su segundo álbum titulado  Circo  (1991), considerado como el disco de rock nacional más vendido en el país,    cuya producción fue guiada por el entonces ya reconocido Gustavo Santaolalla y que supo reflejar muy bien toda la esencia de la agrupación de Santa María La Ribera.
La fiesta se realizará este sábado por la noche en el Velódromo Olímpico de la capital mexicana, donde la agrupación interpretará íntegro esa grabación y luego tendrá un bloque llamado  Skas de la Vecindad , donde tocarán sus otros éxitos.
“El concierto es una gran fiesta de la memoria, en estos tiempos de tanta fugacidad y consumismo, de que todo pasa rapidísimo, donde ya ni siquiera se escucha una canción completa en redes sociales, estar festejando 35 años de un disco que reivindicó nuestra cultura popular nos emociona mucho.
“Ese álbum nos dio el sonido que andábamos buscando, donde la sonósfera de la ciudad quedó registrada con los fragmentos del hip hop que incluimos, cuando en esa época también los roqueros decían que el rap era terrible, además de meter la voz de Tintán, invitar a Carlos Monsiváis a hacer una bomba yucateca, al maestro Armando Manzanero con otra en Maya y en español, tener un disco así de loco, y que al final acabe siendo parte de la cultura popular, el primer disco de rock mexicano editado en 18 países de Europa, en toda Latinoamérica y Estados Unidos, que inspiró a muchos grupos en cantar en su idioma y meter sus propias referencias culturales, es grandioso”, compartió Roco.
La Maldita no estará sola en el escenario, tendrá como invitados al grupo experimental Un Perro Andaluz, la fuerza de la banda Sangre María y desde Chile Gondwana.
“En la actualidad hay otras formas de ser contestatario, además creo que nunca ha dejado de estar en la música esa voz crítica, siento que ahorita la actitud rebelde se ha desplazado del rock, por ejemplo se encuentra ahora en el son veracruzano, como Patricio Delgado y el “Afrojarocho” que reivindican su propia raíz en la finura de las décimas, por ejemplo en este concierto invitamos bandas de la nueva generación.
""En otras ocasiones tocamos con Los Cogelones, una banda de Ciudad Neza que canta en náhuatl y combinan el sonido del rock con sus instrumentos prehispánicos, otro ejemplo es El Son Rompe Pera que mezcla la cumbia y el punk con su marimba, esos grupos son la continuación de la actitud que nosotros imaginábamos, más que criticar a la nueva generación, los apoyamos e invitamos a compartir escenario porque creemos que ahí está lo chido. Construimos espacios de libertad, donde nos podemos encontrar todos en paz y baile”, expresó el cantante.
La Maldita tiene preparado un par de lanzamientos de nuevos temas, además preparan un documental sobre la historia de la banda y la publicación de un disco que estuvo enlatado por casi 30 años.
“Después del concierto vamos a estrenar música nueva, primero publicaremos un sencillo que se llama  Unidad y Movimiento , luego otra rolita que es una versión de un clásico que es entrañable para nosotros,  Perfume de Gardenias  en colaboración con la Sonora Santanera. Lanzaremos un disco inédito que se quedó guardadito en 1994 con la alineación original de La Maldita, todos completitos. Es especial que el público lo escuche ahora, porque fue el álbum que grabamos después del  Circo , un disco muy experimental.
“Seguimos trabajando en el documental, el cual contará la historia de la banda, desde el 85 cuando salimos a tocar después del terremoto, también como vivimos el surgimiento del Ejército Zapatista de Liberación Nacional (EZLN)”, explicó Roco.
Durante las cuatro décadas que lleva La Maldita, lo más importante para Roco es la experiencia de estar cerca de sus seres queridos y pensar que su música acompañe la vida de sus seguidores.
“Soy una persona totalmente distinta a cuando empecé en esto, pero al mismo tiempo sigue ese hilo conductor, ese fuego que sigue prendido. Lo mejor que me ha pasado en la vida vida fue conocer otras formas de vivir y comulgar con tanta gente que ni siquiera conozco, pero sé que mi música es parte de sus vidas.
“No sería lo que soy sin todo lo que he vivido y La Maldita Vecindad forma gran parte de eso. Siento que una de las grandes tristezas que he visto, es que el artista no logra separarse de su personaje, le dan toda su vida a un trabajo creativo y se dan cuenta que no es así, John Lennon decía que la vida es eso que pasa mientras tú estás distraído haciendo cosas”, finalizó Roco Pachukote.",2025-09-23,19 de septiembre de 2025 16:20,Espectáculos,,Maldita Vecindad: un viaje de 40 años por la cultura popular mexicana,https://www.jornada.com.mx/noticia/2025/09/19/espectaculos/maldita-vecindad-un-viaje-de-40-anos-por-la-cultura-popular-mexicana
,Eirinet Gómez,cultura,"Casa Lamm, referente cultural de México desde hace más de tres décadas, atraviesa un proceso de renovación bajo la dirección de Roberta López Negrete, quien asumió el relevo tras el ciclo que encabezó su madre, Claudia Gómez Haro Desdier. El proyecto busca mantener la tradición de llevar arte y cultura a públicos diversos, al tiempo que se reinventa como plataforma digital global para expandir su influencia.
“La vida ha cambiado, las cosas ya no ocurren necesariamente de manera presencial, y la educación no es la excepción. Cuando nos planteamos como grupo qué hacer con la casa, con la escuela y con la propiedad, tomamos la decisión de dar el paso hacia trascender las fronteras”, dijo López Negrete en entrevista con  La Jornada.
Desde su fundación, en 1994, el Centro de Cultura Casa Lamm se propuso democratizar el acceso a la cultura al ofrecer programas académicos de humanidades, literatura y arte a un público amplio, no sólo a especialistas. Además, se ha distinguido por ser un espacio donde se promueve la convivencia de escritores, artistas, intelectuales y figuras de distintos ámbitos políticos y sociales.
Por la casona porfiriana de Álvaro Obregón 99, en la colonia Roma, han desfilado premios Nobel, como Rigoberta Menchú, figuras del movimiento zapatista y destacados creadores. Además, sus exposiciones, galería, presentaciones de libros y seminarios la han consolidado como punto de encuentro y reflexión crítica.
En un contexto en que los públicos culturales y formas de consumo cambian de forma acelerada, López Negrete explicó que la estrategia de la Casa Lamm es reforzar un proyecto híbrido, que la convierta en referente internacional de la cultura mexicana.
“Con apoyo de la inteligencia artificial y las traducciones simultáneas, en cuestión de meses podríamos ofrecer cursos en Japón, China, Inglaterra o donde se requiera. No me gusta hablar de una escuela en línea o de la Universidad Casa Lamm, sino de una plataforma digital con alcance global”, agregó.
“Tenemos la oferta docente más madura y reconocida del país. Ese es nuestro ADN. Ahora, en esta nueva plataforma, tenemos la posibilidad de replicar esa fórmula a otra escala, al tiempo que seguimos siendo punto de referencia cultural en México.”
Para la directora, dentro de esta renovación, la calidad de los programas y del cuerpo docente no es negociable. “Si tienes un buen maestro y un buen programa, y lo combinas con una plataforma que permita la interacción dinámica entre alumnos y maestros, creo que tienes una solución ganadora”.
Aunque Casa Lamm aún tiene cinco generaciones que toman clases presenciales, las inscripciones para los próximos cursos –licenciaturas, maestrías y doctorados– ya se lanzaron con la opción de tomarlos en línea, de tal forma que en un primer momento ya cuentan con estudiantes de Singapur, Portugal, y España.
“El mundo está diciendo: ‘señores, ábranse, acérquense’. ¿Cómo se acercan? Con publicidad, con comunicación, con comunidades virtuales. Imagínate la riqueza de un foro de discusión de análisis literario con españoles, peruanos, ecuatorianos o mexicanos” agregó.
Un punto fundamental en este proceso es contar con sistemas o plataformas amigables que hagan sencillo, eficiente y dinámico el acceso a la educación.
López Negrete aclaró que si bien gran parte del proyecto está centrado en lo digital, la casona de la Roma sigue siendo símbolo y carta de presentación para el proyecto, por lo cual se emprendieron trabajos de remodelación del inmueble. El propósito es que el espacio físico se mantenga en diálogo con una colonia que ha cambiado.
Adelantó que los trabajos arquitectónicos que se realizan y esperan presentar al público en enero de 2026 tienen el propósito de que el sitio no se limite a galería, sino que sea una mezcla de restaurante, hotel  boutique  y centro de conferencias.
“Queremos que el visitante disfrute la experiencia completa: llegar a un espacio agradable, tomar café, conocer a diseñadores reconocidos, encontrar promoción de artesanía chiapaneca y hasta tener la opción de hospedarse.”
López Negrete consideró que si algo mantiene viva esta construcción majestuosa, es que ha sabido permanecer de puertas abiertas, con gente que entra y sale, y que la intención es continuar así.
“Estamos en un proceso de reinvención del proyecto, de enriquecimiento, de actualización, de cambio de forma de vida. Con esta plataforma digital y la renovación de nuestra casona, queremos tomar un nuevo impulso para convertirnos en un punto de referencia de la cultura mexicana en el mundo”, concluyó.",2025-09-23,22 de septiembre de 2025 07:24,Cultura,,"Casa Lamm se reinventa: ""queremos ser referente mundial de la cultura mexicana""",https://www.jornada.com.mx/noticia/2025/09/22/cultura/casa-lamm-se-reinventa-queremos-ser-referente-mundial-de-la-cultura-mexicana
,Alonso Urrutia y Alma Muñoz,cultura,,2025-09-23,07 de febrero de 2025 08:23,Cultura,,Presenta Secretaría de Cultura programa artístico para 2025,https://www.jornada.com.mx/noticia/2025/02/07/cultura/presenta-secretaria-de-cultura-programa-artistico-para-2025-8336
,la redacción,cultura,"Ciudad de México.  Quitarle 30 por ciento a la cultura mexicana “es muy grave”, aseveró la escritora y periodista Elena Poniatowska, al criticar el Proyecto de Presupuesto de Egresos de la Federación (PPEF) 2025.
A través de su cuenta en la red social y durante una mesa de diálogo en el marco del anuncio de las bases del II Premio Nacional SOPHIA-FILCO de Literatura Joven “Voces del futuro”, la también Premio Cervantes 2013 lamentó que la propuesta refleja un recorte a la cultura.
“El gobierno ha decidido bajarle un 30 por ciento a la cultura de México, lo cual es muy grave porque finalmente lo que nosotros damos ha sido nuestra cultura, nuestros grandes escritores reconocidos en el mundo entero”, deploró.
Señaló que la serie de nombres que están en la cultura mexicana es “infinita, valiosa y es reconocida en todo el mundo. Por eso quitarle ese 30 por ciento a la cultura es muy grave”, atajó.",2025-09-23,18 de noviembre de 2024 22:59,Cultura,,Quitar 30% al presupuesto para cultura es muy grave: Poniatowska,https://www.jornada.com.mx/noticia/2024/11/18/cultura/quitar-30-al-presupuesto-para-cultura-es-muy-grave-poniatowska-8473
,"Cristina Gómez Lima, corresponsal",cultura,"Hermosillo, Son.  El fuego consumía una a una las máscaras que, durante semanas, ocultaron rostros y revelaron creencias. A pesar del sol implacable, que sobrepasaba los 30 grados en las faldas del cerro El Coloso, los chapayecas yaquis no detuvieron el ritual: la quema de máscaras marcaba no solo el final de la Semana Santa, sino también la renovación de un compromiso ancestral con su fe y su cultura.
Con más de 300 fariseos reunidos en torno a las llamas, la ceremonia cerró cuarenta días de mandas, danzas y rezos que iniciaron desde el Miércoles de Ceniza en las ramadas de colonias como Coloso Alto, Coloso Bajo, La Revolución y La Matanza. En estas comunidades, la celebración de la Cuaresma es mucho más que una tradición religiosa: es un acto colectivo que une generaciones, refuerza la identidad y mantiene vivo un legado que ha trascendido el tiempo.
Desde las primeras horas del día, las familias comenzaron a reunirse en la ramada principal de El Coloso, mientras los chapayecas, con sus máscaras de piel, madera y plumas, finalizaban la jornada. La quema de indumentaria no es un simple cierre simbólico; representa la purificación de los pecados y la renuncia a la traición de Jesucristo, una lección que, año con año, se transmite a niños, jóvenes y adultos que forman parte del ritual.
“Ahorita tenemos alrededor de 250 a 300 fariseos, más los cabos y los oficiantes, la mayoría son jóvenes que nos ayudan a seguir adelante con nuestras tradiciones, porque si no se perdería este legado. Ser fariseo no es un juego, es un trabajo pesado, es un compromiso con nuestros ancestros”, compartió Franco Valenzuela Buitimea, capitán en la ramada del Coloso.
El papel del chapayeca —conocido también como fariseo durante estas fechas— trasciende lo ceremonial. “El chapayeca viene siendo un soldado de la tradición, un soldado de su pueblo, dispuesto a hacer lo que sea por su nación. Eso es lo que somos”, afirmó Valenzuela, minutos antes de la última danza y antes de que las máscaras comenzaran a arder.
La Cuaresma es para los yaquis, un tiempo de transformación y aprendizaje colectivo. Los 47 días que abarca el periodo litúrgico son también días de formación espiritual y comunitaria. Las procesiones, las danzas nocturnas y las guardias bajo las ramadas forjan en cada participante un sentido de pertenencia que trasciende generaciones.
El asentamiento de las comunidades yoreme en Hermosillo, que data de principios del siglo XX, consolidó en colonias como El Coloso, Las Pilas, La Matanza y Hacienda de la Flor espacios para preservar y compartir estas prácticas. Año tras año, fieles de distintas partes del estado visitan las ramadas para presenciar uno de los rituales más antiguos y representativos de la región.
“Es muy notorio cómo ha ido creciendo el número de personas que asisten a estos eventos, tanto en participantes como en visitantes interesados en adentrarse a la cultura étnica”, destacó el doctor Miguel Ángel Grijalva Dávila, maestro en Historia por la Universidad de Sonora. Para el especialista, la tradición es un claro ejemplo del sincretismo que define al México profundo: la cosmovisión yaqui se entrelaza con los pasajes bíblicos de la fe católica, en una amalgama que da vida a danzas, rezos y oficios que siguen vigentes siglo tras siglo.
La estructura de la celebración es tan compleja como fascinante. Cada miembro cumple una función esencial: fariseos, padrinos, madrinas, cantoras, capitanes, danzantes, músicos y mayordomos integran una comunidad en movimiento, donde la fe se materializa en cada paso y en cada acto.
“Es muy positivo que venga mucha gente, muchas familias. Es importante para preservar estas etnias que incluso persisten aquí en Hermosillo, donde hay muchos yaquis. No debemos olvidar que el indio Cajeme era de Hermosillo”, recordó Grijalva Dávila.
Cuando la última máscara cayó en las brasas, el silencio se impuso por un instante en El Coloso. El fuego, como cada año, purificó las promesas y cerró un ciclo que pronto volverá a comenzar, porque en la cultura yaqui la fe no se apaga: se transforma, se hereda y renace.


",2025-09-23,20 de abril de 2025 08:53,Sociedad,,Pueblo yaqui celebra Sábado de Gloria renovando compromiso con su fe y cultura,https://www.jornada.com.mx/noticia/2025/04/20/sociedad/pueblo-yaqui-celebran-sabado-de-gloria-renovando-compromiso-con-su-fe-y-cultura
,Cortes Hernández Alberto Elihu,cultura,"La cultura de la violencia nos asfixia cada día más, la esperanza de vivir con tranquilidad parece muy lejana, y es que, ¿cómo podemos mantenerla si lo único que alcanzamos a ver es un panorama desolador con tanta guerra y muerte en el mundo? Además, los esfuerzos que se han hecho por llegar a una armonía general parecen inútiles, provocando un sentimiento de desolación.
De acuerdo con datos del Secretariado Ejecutivo del Sistema Nacional de Seguridad Pública, en 2023 la  cifra de homicidios  fue de 30,523. Y a pesar de que se redujo el número de víctimas respecto al 2022, excedió por sexto año consecutivo la cifra de 30,000 muertos.
Ante esta situación, que no es nada alentadora, “todavía existen herramientas para evitar que la violencia siga aumentando a nuestro alrededor”, indicó el  Dr. Sergio Molano Romero , Coordinador de la  Especialidad en Educación y Construcción de Paz , en la Universidad Iberoamericana Ciudad de México.
Al preguntarle por qué la IBERO considera importante ofrecer una especialidad en la Construcción de Paz, el académico respondió que el programa surge como  respuesta  a la  ola de violencia  que nos ha invadido por tantos años ,  ya que busca promover y evaluar proyectos educativos y de intervención enfocados a la promoción de la paz y la transformación positiva de conflictos.
De igual manera, indicó que se busca responder a la necesidad de detectar los diferentes tipos de violencia: visible o invisible; directa o indirecta; reconocida o normalizada; franca o sutil; física, cultural, institucional, estructural, para poder proponer soluciones.
“El fin no es imponer la paz, si no que  respetemos la dignidad  de las personas. Todos podemos construir paz, sin embargo, es un camino difícil que requiere  una preparación adecuada  para poder afrontar los desafíos que uno se puede llegar a encontrar”.
Resaltó que, además de enseñar una cultura generadora de paz, el objetivo del programa es que las y los estudiantes sean capaces de ""promover procesos de educación y construcción de paz en situaciones de conflicto y en las diversas violencias, mediante acciones de educación, de prevención y de intervención, acordes a las demandas de la sociedad contemporánea, con base en un sólido conocimiento de modelos, teorías y estrategias con perspectiva interdisciplinar"".
Sergio Molano destacó la importancia que tiene el cuidado que se le debe ofrecer a la gente que se dedica a la construcción de paz, y aseguró que durante el programa también se le da importancia a su salud física y emocional, por lo que se enfatizan elementos de autocuidado y relaciones personales saludables.
“El camino es complicado, la mayoría de las personas piensan que la paz son únicamente cosas bonitas, cuando la realidad es que se enfrentan a situaciones realmente perturbadoras a las que no cualquiera se puede enfrentar, incluso hay personas que, dependiendo su situación, han abandonado el camino para la creación de paz”.
Asimismo, el Dr. Sergio Molano invitó a quienes tienen interés en el tema, pero no saben cómo empezar, también para aquellos que ya se encuentran en actividades para generar paz, pero que no han tenido una formación y desean complementar sus conocimientos con lo que la IBERO ofrece.
“Quitemos la idea de que hay que ser personas súper especiales para dedicarnos a la educación para la paz, ya que lo podemos hacer desde cualquiera de nuestras disciplinas, la intención es generar una estructura social que favorezca el respeto a la dignidad de las personas”.
Si quieres más información de este programa, tienes dudas, o quieres comenzar tu admisión, te invitamos a nuestras redes sociales en  Facebook ,  Instagram  y  X  (antes Twitter).
",2025-09-23,08 de febrero de 2024 06:00,Sociedad,,"Construcción de paz, una respuesta ante la cultura de la violencia en el mundo/país",https://www.jornada.com.mx/noticia/2024/02/08/sociedad/construccion-de-paz-una-respuesta-ante-la-cultura-de-la-violencia-en-el-mundo-pais-7105
,la redacción ,cultura,"Ciudad de México.  Por decreto publicado en el Diario Oficial de la Federación, la Secretaría de Cultura (SC) federal administrará el área en Chapultepec conocida como “Coordinación Administrativa Del Estado Mayor”, que tiene una superficie de 28 mil, 874.320 metros cuadrados.
En ese espacio, ubicado en ubicado en Avenida Constituyentes #270, col. Bosque de Chapultepec II Sección, en la alcaldía Miguel Hidalgo, se encuentran las instalaciones del Papalote Museo del Niño que ocupan una superficie de 3 mil, 594.18 metros cuadrados. El documento no da detalles de cómo será la relación entre la SC y el recinto, dirigido por la Asociación Civil Museo Interactivo Infantil A.C.
Según el decreto, “la SC se compromete a realizar las acciones necesarias para la regularización de la superficie de 3 mil, 594.18 metros cuadrados, que actualmente es utilizada por el Museo Interactivo Infantil A.C., mejor conocido como Papalote Museo del Niño”.
Indica que cualquier intervención física en el inmueble que motiva este oficio (la Coordinación Administrativa Del Estado Mayor), deberá contar con la recomendación técnica de SC, para garantizar la integridad física de la construcción incluida en la Relación del INBA de Inmuebles con Valor Artístico.
Con esto “la SC deberá custodiar y vigilar el inmueble, quedando obligado a cubrir los gastos necesarios para su conservación y mantenimiento, y demás servicios inherentes que, en su caso, se generen, así como el correspondiente aseguramiento contra daños del inmueble, de conformidad con lo dispuesto en los artículos 32 fracción IV y 66 de la Ley General de Bienes Nacionales”.
Además, el decreto obliga a la SC, a utilizar el inmueble para actividades culturales, educativas, artísticas y de preservación patrimonial”.",2025-09-23,18 de septiembre de 2025 16:48,Cultura,,La Secretaría de Cultura tendrá el control del Papalote Museo del Niño,https://www.jornada.com.mx/noticia/2025/09/18/cultura/la-secretaria-de-cultura-tendra-el-control-del-papalote-museo-del-nino
,"Jim Cason y David Brooks, corresponsales",cultura,"Salsas mexicanas han sobrepasado a la cátsup como aderezo por las últimas tres décadas y se vende más tequila que whisky (incluso más tequila que en México). El año pasado, en el día casi sagrado del Super Bowl, los estadunidenses consumieron 54 millones de aguacate, la mayor parte en guacamole (o  guac ), con 81 por ciento de ese producto importado desde México. Alrededor de Estados Unidos, aun en pequeñas comunidades, como Kenneth Square, en Pensilvania –donde mexicanos son la principal mano de obra en esa pequeña capital de champiñones–, se ofrece Coca-Cola de México y se anuncia con orgullo, ya que los expertos dicen que es la mejor porque está hecha con azúcar de caña y no fructosa como aquí.
La zona metropolitana de Los Ángeles, con una población de más de 2 millones de mexicanos, es la segunda ciudad mexicana más grande en el mundo, después de la Ciudad de México. Casi una cuarta parte de todos los mexicanos –unos 39 millones de una población total de 167 millones, que incluyen tanto inmigrantes como la diáspora de siglos de aquellos que se identifican con herencia mexicana– que viven en Estados Unidos.
Hay un vacío enorme en el entendimiento de la larga trayectoria de lucha de resistencia de los mexicanos en Estados Unidos y de su capacidad, no solamente por sobrevivir, sino para proveer liderazgo a las luchas más progresistas en Estados Unidos , explicó Gaspar Rivera Salgado, profesor de la Universidad de California en Los Ángeles.  Tenemos una imagen desde México de los migrantes como monocromáticos, como las víctimas de este imperio. Y eso es todo. Hasta ahí llega. Pobres migrantes se mueren en la frontera. Pobres migrantes son el objeto de políticas antimigrantes de Trump... Ni siquiera se imaginan que hay una resistencia a niveles de organización complejos .
Al otro lado del país, en Florida, está la sede de la Coalición de Trabajadores de Immokalee (CIW), la organización social fundada por mexicanos indocumentados con sus pares guatemaltecos y caribeños que más ha transformado las condiciones de trabajo en los campos de éste y otros países. La CIW ha organizado su Campaña de Comida Justa en 12 estados, con la cual ha elevado salarios a por lo menos 20 mil jornaleros y por primera vez ha establecido normas de condiciones de trabajo incluyendo la erradicación del abuso y hostigamiento sexual contra mujeres. De hecho, el movimiento #MeToo en Hollywood les solicitó una consulta para aprender de esa experiencia.
No sólo queríamos establecer nuestros derechos humanos, queríamos poder aplicarlos  y eso se desarrolló buscando alianzas con consumidores, para que exigieran que las grandes empresas compradoras aceptaran sólo contratos para  comida justa  producida bajo normas establecidas por acuerdos entre estos compradores, los granjeros y la CIW. Esos acuerdos establecen normas y mecanismos para aplicarlas, y con ello  asegura los derechos humanos de todas las mujeres y los hombres  en la cadena de suministro, afirmó Lucas Benítez, inmigrante de Guerrero y cofundador de la CIW.
A través de su movimiento con aliados estudiantiles, religiosos y laborales, la CIW ha logrado convenios con McDonald’s, Burger King, Taco Bell, Subway, Walmart y Whole Foods, entre otros. A la vez, mediante sus esfuerzos, la CIW ha logrado liberar a miles de trabajadores de condiciones de esclavitud en Florida y otros estados.
En el corazón de Texas, organizadores socialistas en las principales ciudades de este vasto estado se reúnen para trazar estrategias, planeando esfuerzos de solidaridad.  Texas es una de nuestras secciones estatales más grandes del país , explica Kristian Hernández, una organizadora de Democratic Socialists of America (Socialistas Democráticos de América o DSA), quien también es integrante de la junta nacional ejecutiva de la organización política. La joven mexicoestadunidense, hija de padres oriundos de Guanajuato, agrega que tienen secciones en Dallas, Austin, Houston, el valle de Río Grande y San Antonio, y  estamos reconstruyendo la de El Paso . Aunque Trump ganó las elecciones este año, DSA permanece como una organización progresista con 60 mil miembros a nivel nacional y secciones en los 50 estados.
Pero México y los mexicanos, y generaciones de descendientes, se encuentran en casi todas las esquinas del país. En Milwaukee, Wisconsin, donde los republicanos festejaron su convención nacional con incesante retórica antinmigrante y antimexicana, hay una comunidad de unos 100 mil mexicanos, con una línea de autobús con viajes diarios entre comunidades mexicanas en esa ciudad, Chicago y Charlotte hasta San Luis Potosí, Guadalajara y Morelia bajo el lema:  uniendo familias en México y Estados Unidos . A unas cuadras, un gran supermercado ofrece casi todo producto mexicano imaginable y los mejores tacos de la región.
En Chicago, donde el Partido Demócrata realizó su convención este verano, la cultura mexicana tiene su estampa a través de la ciudad, desde la gastronomía a murales y artes plásticas y por supuesto en la música. Y hasta estatuas de Benito Juárez en pleno centro, el Museo Nacional de Arte Mexicano y las federaciones y clubes de oriundos y los barrios mexicanos de Pilsen y La Villita, entre otros. La  mexicanización  de Chicago tiene una historia compleja nutrida por décadas de inmigración de Michoacán, Guanajuato, Jalisco y varios estados más, al punto de que hoy día una de cada cinco personas en esta ciudad se identifica como mexicana.
Las autoridades migratorias implementaron el programa más exitoso para expulsar a miles de trabajadores mexicanos indocumentados de la industria de procesamiento de carnes, conocido como  Operación Vanguardia , una iniciativa que se deseaba aplicar en otros estados y hasta tal vez a nivel nacional. Pero como fue tan exitoso, ante protestas de los empresarios y granjeros del sector por la pérdida de aproximadamente 25 por ciento de su fuerza laboral, los mismos políticos estatales y federales que habían clamado por medidas antimigrantes instaron a las autoridades a frenar el programa. Meses más tarde, la  Operación Vanguardia  fue cancelada.",2025-09-23,27 de noviembre de 2024 10:21,Política,,Tequila y guacamole ya forman parte de la cultura estadunidense,https://www.jornada.com.mx/noticia/2024/11/27/politica/tequila-y-guacamole-ya-forman-parte-de-la-cultura-estadunidense-6075
,Angel Vargas ,cultura,,2025-09-23,04 de noviembre de 2024 08:02,Cultura,,"El Encuentro de Cultura Chicana ""celebra el orgullo de ser latino""",https://www.jornada.com.mx/noticia/2024/11/04/cultura/el-encuentro-de-cultura-chicana-celebra-el-orgullo-de-ser-latino-5224
,Reyes Martínez Torrijos,cultura,"En torno al video que el empresario y  youtuber  estadunidense  MrBeast  realizó en las zonas arqueológicas de Calakmul, Balancanché y Chichén Itzá, que este martes reportó  La Jornada , Claudia Curiel de Icaza, titular de la Secretaría de Cultura federal anunció que “habrá las sanciones correspondientes”.
La funcionaria federal declaró en conferencia que pidió información a Diego Prieto, director del Instituto Nacional de Antropología e Historia (INAH) sobre el tema e hizo énfasis en que “por supuesto que no estamos de acuerdo (…) porque para eso no son esos espacios”.
La grabación de un video en los sitios patrimoniales mexicanos de Campeche y Yucatán y luego difundido a través de la plataforma YouTube, desató una serie de críticas. Una de ellas fue por el acceso a espacios restringidos al público.
El INAH informó que la grabación “se realizó de acuerdo con solicitudes realizadas de manera formal por la Secretaría de Turismo federal y los gobiernos de los dos estados mencionados. Los permisos se tramitaron ante la Coordinación Nacional de Asuntos Jurídicos del INAH, instancia que determinó los derechos aplicables conforme a la ley”.
En relación a críticas sobre la forma en que el equipo del  influencer  estuvo en las zonas arqueológicas, el instituto difundió que el video “hace alusión a eventos que no ocurrieron, como es el que los productores jamás descendieron desde un helicóptero, ni pernoctaron dentro de la zona arqueológica ni tuvieron en su poder alguna máscara prehispánica, pues la que presentan es claramente una reproducción contemporánea”.
El INAH destacó que “en todo momento de las grabaciones hubo personal del instituto supervisando que se respetaran las medidas de cuidado y seguridad establecidas, y que no hubiera ninguna afectación al patrimonio arqueológico”.
La dependencia concluyó: “a pesar de la información distorsionada ofrecida por el  youtuber , la difusión de esta clase de materiales puede motivar el interés en audiencias jóvenes de México y el mundo para conocer nuestras culturas ancestrales y visitar los sitios arqueológicos”.",2025-09-23,13 de mayo de 2025 17:43,Cultura,,Anuncia secretaria de Cultura sanciones por el video de youtuber MrBeast,https://www.jornada.com.mx/noticia/2025/05/13/cultura/anuncia-secretaria-de-cultura-sanciones-para-youtuber-mr-beast
,La Redacción,cultura,,2025-09-23,14 de noviembre de 2024 21:16,Cultura,,Colmex presentará Cátedra José S. Helú de Lengua y Cultura Árabes ,https://www.jornada.com.mx/noticia/2024/11/14/cultura/colmex-presentara-catedra-jose-s-helu-de-lengua-y-cultura-arabes-699
,Alma E. Muñoz y Fernando Camacho ,cultura,"Ciudad de México.  Claudia Sheinbaum Pardo, virtual presidenta electa, informó que Marath Baruch Bolaños López se mantendrá como secretario del Trabajo y Previsión Social en su sexenio; Claudia Curiel de Icaza será titular de Cultura y Josefina Rodríguez Zamora, de Turismo.
Desde el Museo Interactivo de Economía, Sheinbaum presentó a “tres jóvenes brillantes”.   Curiel de Icaza es actualmente secretaria de Cultura de la Ciudad de México y Rodríguez Zamora es titular de Turismo en Tlaxcala. Dijo que esta última será “la más joven del gabinete”.
“Este es el gabinete del gobierno que entrará en funciones a partir del 1 de octubre”, sostuvo Sheinbaum.
Indicó que seguirá con anuncios de gabinete ampliado, “tareas fundamentales del gobierno de México”, sostuvo.
Claudia Curiel de Icaza resaltó el orgullo de ser parte del movimiento “que pone a la gente primero, por encima de interés particulares, comprueba que los cambios y transformaciones a través de voluntad popular sólo son posibles y necesarios”.
La cultura también es herramienta de transformación, por ello, dijo, el humanismo mexicano “es historia, es cultura, es política”.
A su vez Josefina Rodríguez Zamora manifestó que le honra representar a los jóvenes que trabajan en el sector político. Se comprometió a anteponer a pueblos indígenas, artesanos y comunidades de los 32 países, así como enaltecer el desarrollo regional.
Asimismo, impulsar políticas de desarrollo sostenible y sustentable.
Finalmente, Bolaños López resaltó que el presidente Andrés Manuel López Obrador puso por delante, en la agenda laboral, el bienestar del pueblo de México . Citó entre otras acciones el aumento histórico al salario mínimo, reforma de pensiones, democracia sindical, el programa Jóvenes Construyendo el Futuro.",2025-09-23,18 de julio de 2024 11:02,Política,,"Anuncia Sheinbaum a titulares de Cultura, del Trabajo y Turismo",https://www.jornada.com.mx/noticia/2024/07/18/politica/anuncia-sheinbaum-a-titulares-de-cultura-del-trabajo-y-turismo-8099
,Alondra Flores Soto,cultura,"Estoy orgullosamente feliz porque, siendo mujer, tuve valor sin hablar español, sin ningún estudio, para llevar a escala mundial la muestra gastronómica, la tradición y la cultura de Michoacán, declaró a  La Jornada  la cocinera y artesana Juana Bravo Lázaro, reconocida con el Premio Nacional de Artes y Literatura 2024 en el rubro de Artes y Tradiciones Populares.
Bravo Lázaro, purépecha, expresa en entrevista su sentir: es un orgullo dar a conocer el trabajo de las mujeres que están en una posición económicamente difícil; también a las mamás solteras. Yo fui a darles a conocer el trabajo de una mujer, dijo de manera espontánea. Luego se hizo un silencio emotivo, con el teléfono de por medio, unas cuantas horas después de que se publicó en el  Diario Oficial de la Federación  la lista de ganadores de 2024.
Doña Juanita es originaria de Angahuan, comunidad indígena ubicada a unos 30 kilómetros de Uruapan, Michoacán. El sitio es visitado por su cercanía con el Paricutín, volcán que nació sorpresivamente e hizo erupción en medio de un maizal en 1943. Todavía conserva tradiciones y costumbres, así como la lengua purépecha. Sin embargo, también es punto de emigración hacia Estados Unidos.
Todavía no saben en el pueblo, pero seguramente habrá fiesta, ratifica doña Juana Bravo. El miércoles pasado le dieron la noticia sobre el galardón nacional más importante otorgado por la Secretaría de Cultura del gobierno de México por conducto del Instituto Nacional de Bellas Artes y Literatura. A mediodía del jueves, el gobernador de Michoacán, Alfredo Ramírez Bedolla, y el secretario de Turismo, Roberto Monroy, ya la habían felicitado, así como algunos amigos de Morelia.
Trabaja por la comunidad
En la página gubernamental para promover el turismo en la entidad se incluye una foto de Juana Bravo, maestra cocinera tradicional nacida en 1959, quien lleva muchos años participando en encuentros, donde ha ganado múltiples premios. Mira hacia la cámara con sonrisa sosegada; viste un mandil blanco con flores bordadas y un rebozo. A Juanita le apasiona divulgar la importancia de la cocina tradicional mexicana para dotar de identidad a las personas y reforzar la unión de las familias, se describe en la breve biografía.
Al conversar, reconoce: He trabajado mucho tiempo con la gente de Angahuan y de otras comunidades para dar a conocer la cocina mexicana y rescatar la comida de los antepasados, especialmente la de Michoacán. En 20 años no paré de viajar a todos los estados y a países como Canadá, Italia, Estados Unidos, Argentina o Chile.
La primera vez que participó en una muestra gastronómica fue en 2000, en su comunidad en Angahuan, donde vendió atole blanco con buñuelos.
El periplo mundial se inició en 2005, cuando viajó a París para participar en el impulso de la declaratoria de la cocina mexicana como patrimonio cultural inmaterial por la Organización de Naciones Unidas para la Educación, la Ciencia y la Cultura (Unesco, por sus siglas en inglés).
En 2010 llevó sus conocimientos a las tierras africanas de Nairobi, en Kenia, donde se inscribió la cocina tradicional mexicana en la lista de la Unesco por ser un modelo cultural completo que comprende actividades agrarias, prácticas rituales, conocimientos prácticos antiguos, técnicas culinarias, costumbres y modos de comportamientos comunitarios ancestrales. En la información que ofrece el organismo internacional se hace énfasis en el paradigma de Michoacán.
Tejedora de Santiago
La también tejedora de telar de cintura ha participado en Original, encuentro de arte decorativo y textil organizado por la Secretaría de Cultura federal. De acuerdo con la lista de miembros del consejo asesor, Bravo Lorenzo es pieza clave del grupo de artesanas purépechas Tejedoras de Santiago Angahuan, el cual se inició con 85 mujeres y actualmente cuenta con 500 integrantes.
La cocinera aprendió de sus abuelas. Una de ellas estaba enferma y no podía levantarse para arrimar sus ingredientes. Y yo pues desde pequeña empecé a trabajar con ella.
En Angahuan, la mayoría de las mujeres hacen a diario las tortillas a mano para los almuerzos y para la comida de la tarde, cuenta en la breve conversación.
Al preguntarle sobre su platillo favorito, responde que son las corundas, tradicionales aquí en el pueblo. Son una especie de tamal de forma triangular, preparado con masa de maíz, manteca de cerdo y envuelto en hoja de caña de maíz. Son muy típicos de la cocina purépecha de Michoacán.
Otro de los platillos en los que es experta es el atápakua, especie de mole o salsa espesa típica de Michoacán, de origen prehispánico. El guisado incluye chile verde o guajillo, carne y verduras; también puede hacerse una variante con charales. El significado del nombre en purépecha es guiso nutritivo y picante que sustenta la vida.",2025-09-23,06 de junio de 2025 08:48,Cultura,,Purépecha Juana Bravo gana Premio Nacional de Artes,https://www.jornada.com.mx/noticia/2025/06/06/cultura/purepecha-juana-bravo-gana-premio-nacional-de-artes
,Lilian Hernández Osorio,cultura,"Ciudad de México.  Representantes de universidades e instituciones de educación superior del país, de gobierno, académicos e integrantes de la sociedad civil, suscribieron una Declaración conjunta para fortalecer el compromiso nacional con la promoción de una cultura de paz y la erradicación de las violencias en todos los espacios educativos.
Sin embargo, esta promoción de la paz dentro de las instituciones de educación superior se vio empañada en la UNAM tras el caos que se generó esta mañana en las facultades de Economía y Derecho al desalojar a docentes, alumnos y personal administrativo por las amenazas anónimas de la colocación de artefactos explosivos.
Aunque la amenaza enviada vía correo electrónico sólo señalaba que habían sido colocados en los edificios A y B de la facultad de Economía, la cercanía con Derecho obligó a ampliar la evacuación de ambas entidades, a fin de garantizar la seguridad de la comunidad.
La Declaratoria, promovida por la UNAM, busca consolidar entornos más seguros, inclusivos y respetuosos de los derechos humanos, colocando en el centro a las infancias, adolescencias y juventudes como actores clave en la transformación del tejido social.
No obstante, estas amenazas causaron inseguridad y un entorno inseguro en ambas facultades, vulnerando el derecho a la educación de más de 10 mil alumnos del turnio matutino de las dos entidades.
En medio de estos hechos, la UNAM informó que la Declaratoria implica la adopción de los principios contenidos en la Recomendación sobre la Educación para la Paz, los Derechos Humanos y el Desarrollo Sostenible, aprobada por la UNESCO en noviembre de 2023.
Estos contenidos buscan promover un enfoque educativo integral centrado en la empatía, el pensamiento crítico y la comprensión intercultural, una visión activa de la paz basada en la justicia, la dignidad y la colaboración, la ciudadanía global, la solidaridad y el respeto a la diversidad.
Las instituciones firmantes se comprometieron a instaurar acciones estratégicas como la formación especializada en mediación y resolución pacífica de conflictos para docentes y estudiantes; creación de una Red Internacional de Investigación en Cultura de Paz; movilidad académica internacional en temas de paz y justicia social; crear un repositorio compartido de acceso abierto con investigaciones y recursos educativos sobre la paz.
También se estableció que instalarán un Laboratorio Nacional de Mediación y Resolución de Conflictos, con brigadas universitarias en colaboración con comunidades afectadas por las violencias; y conformar campañas de comunicación digital con enfoque en alfabetización crítica, empatía y visibilización de juventudes constructoras de paz.
“La Declaratoria subraya además que no se puede normalizar el dolor ni la violencia estructural. Por ello, las instituciones firmantes cierran filas desde la educación, el pensamiento crítico y la acción colectiva, comprometidas con un modelo formativo que integre transversalmente el diálogo, la perspectiva de género, la inclusión social y el respeto irrestricto a los derechos humanos”, señala la Universidad Nacional.
La paz no es un discurso, es una práctica cotidiana que debe enseñarse, vivirse y defenderse, señala el documento, destacando a niñas, niños, adolescentes y jóvenes como protagonistas activos de un nuevo pacto social.
El llamado es a sumar a la comunidad académica, gobiernos locales y nacionales, organizaciones de la sociedad civil y aliados internacionales para consolidar una agenda educativa transformadora que coloque la cultura de paz como eje transversal en la construcción de un país más justo, solidario y sostenible.
Entre los firmantes destaca el rector de la UNAM, Leonardo Lomelí; Francisco Javier Gorjón, coordinador general de la Red Nacional para la Paz de la Asociación Nacional de Universidades e Instituciones de Educación Superior (ANUIES); Nashieli Ramírez, presidenta de la Comisión de Derechos Humanos de la Ciudad de México; Francisco Jiménez Bautista, académico de la Universidad de Granada; el jurista Diego Valadés; el embajador Joel Hernández, de la cancillería y del Instituto Matías Romero.
Además, Leticia Cano, directora del Programa Universitario de Cultura de Paz y Erradicación de las Violencias; Mónica González Contró, directora del Instituto de Investigaciones Jurídicas; Miguel Álvarez Gándara, de SERAPAZ; el presbítero Mario Ángel Flores, de la Conferencia del Episcopado Mexicano; las activistas Olimpia Coral Melo, Mariclaire Acosta, Eufrosina Cruz, Tania Ramírez, de la Red de los Derechos de la Infancia; y Gemma Santana, de Sélvame MX, entre muchas otras y otros participantes.",2025-09-23,18 de septiembre de 2025 14:36,Sociedad,,"Suscriben universidades, gobierno y ong declaración para promover cultura de paz ",https://www.jornada.com.mx/noticia/2025/09/18/sociedad/suscriben-universidades-gobierno-y-ong-declaracion-para-promover-cultura-de-paz
,Jair Cabrera Torres,cultura,"Ciudad de México.  El sonido de los violines, las guitarras y las percusiones salen de la Utopía Tecoloxtitlan e invaden el ambiente del pueblo de San Sebastián Tecoloxtitlan en Iztapalapa.
La Orquesta Infantil de Oriente, fue creada por Vadim Tavira Carmona en 2011, y es en sus clases donde niños y adolescentes encuentran, a través de la música, un lugar seguro.
“Nace en las colonias más conflictivas de Iztapalapa como Ejército de Oriente, La Joya, El Hoyo, La Morelos, Santa Martha Acatitla y San Sebastián Tecoloxtitlan, justo todas las que están alrededor del cerro del Peñón y surge precisamente para que los niños tengan clases gratuitas y tengan acceso a la cultura y a la música”, expresó Vadim.
La orquesta está formada por niños y jóvenes de entre 5 y 21 años de edad; en su mayoría son mujeres.
“Un día escuché el sonido de la orquesta que estaba ensayando y fue ahí cuando me llamó la atención e inició todo este proceso”, dijo Sofía, quien es originaria de Ejército de Oriente y lleva 3 años participando en la orquesta.
“Como bien se sabe Iztapalapa no es de las zonas más seguras, y traer estas cuestiones culturales nos sirve para expresarnos mejor y así encontrar nuestro lugar seguro. Además de que la música te salva de los momentos más difíciles”, concluyó.
En 2018 Clara Brugada, quien es la actual jefa de Gobierno, los invitó a utilizar las instalaciones de una de las Utopías de Iztapalapa, otorgándoles los instrumentos necesarios para los alumnos.
Después de varios años de andar deambulando, la orquesta encontró su hogar.
“Creo que este proyecto está funcionando muy bien porque hace que los niños y los jóvenes amplíen sus metas. Que vean que la música sí es una disciplina, pero que también es parte de sentirse únicos, de sentirse especiales, de que la música los abrace y la sientan. También creo que la música está ayudando a que nuestras infancias y jóvenes puedan tener un futuro prometedor”, finalizó Vadim.",2025-09-23,04 de mayo de 2025 17:47,Cultura,,Orquesta Infantil de Oriente; puente entre la cultura y la música,https://www.jornada.com.mx/noticia/2025/05/04/cultura/orquesta-infantil-de-oriente-puente-hacia-la-cultura-y-la-musica
,"Javier Salinas Cesáreo, corresponsal",cultura,"Texcoco.  Con la presentación de 80 actividades artísticas, exhibiciones de arte popular y demostraciones de técnicas de creación tradicionales, y la participación de 950 artesanos y artesanas; se llevará a cabo del 3 al 13 de octubre, la XXIX Feria Nacional de la Cultura Rural (FNCR), en la Universidad Autónoma Chapingo (UACh).
También, se realizará la 38 Feria del Libro Chapingo 2024 (FeLCh), dedicado a las escritoras mexicanas, que incluirá un homenaje in memoriam a la periodista, ensayista y comunicadora Cristina Pacheco; además de visibilizar la obra de destacadas escritoras mexicanas bilingües.
El rector de la UACh, Angel Garduño García señaló que la feria rural estará dedica a los estados de Tamaulipas, Coahuila y Nuevo León, así como a la recuperación de las culturas de los pueblos Huastecos-Teenek, Kikapúes y N´dee.
El acceso a la FNCR se ha establecido en 60 pesos para público en general y se espera recibir a más de 170 mil visitantes locales, nacionales y extranjeros.
La FNCR contará una variedad de pabellones temáticos: desde el artesanal, gastronómico, agrícola y pecuario, hasta un espacio exclusivo para el emprendimiento chapinguero.
Desde la visión de las empresas comunitarias, la FNCR abrirá el diálogo y un espacio de análisis para observar las nuevas tendencias en atracciones y servicios turísticos desarrollados en y por comunidades indígenas.
Para ello se han preparado los conversatorios: “Turismo indígena comunitario” y “Empresas comunitarias indígenas”, ambas propuestas con la participación de egresados de la UACh e iniciativas comunitarias que desarrollan el turismo alternativo y la labor empresarial.
Asimismo, se darán a conocer los detalles del proyecto Paraísos Indígenas, sello distintivo que agrupa a los sitios turísticos de México con alto valor natural, cultural e histórico.
Dicho sello promueve actividades de ecoturismo, turismo de aventura y turismo rural para aquellos turistas que buscan participar en actividades de conservación de la madre tierra, los desafíos al aire libre y experiencias sustentables.
“Paraísos Indígenas ofrece un acercamiento a comunidades y empresas comunitarias indígenas, cuyo esquema de organización se basa en usos y costumbres dirigidas a conservar, transmitir y compartir su herencia y conocimiento ancestral”.
Otro de los grandes atractivos de la feria es la participación de más de 950 artesanos y artesanas, quienes, en un modelo de expoventa, no sólo muestran su trabajo, sino que también generan ingresos y visibilidad para sus comunidades. Además de la oferta gastronómica.
Por su parte, la 38ª Feria del Libro Chapingo dedicada a escritoras mexicanas tendrá 80 stands para la exhibición y venta de libros en los pabellones de editoriales comerciales, universitario y de literatura bilingüe, así como una oferta de actividades como talleres, conferencias, presentaciones editoriales, firmas de libros y conciertos, entre otras propuestas.
Entre las escritoras mexicanas bilingües invitadas se encuentran Eufrosina Cruz Mendoza, Irla Élida Vargas Del Ángel, Margarita de León, Enriqueta Lunes Pérez, María Elisa Chavarrea Chim, Irma Pineda Santiago, Gloria Chacón, Briceida Cuevas Cob y Patricia Rosario, todas ellas creadoras con una amplia trayectoria literaria y reconocidas en el indigenismo mexicano y latinoamericano e incidencia social.
Como parte del programa, el público encontrará cerca de 50 presentaciones de los libros.",2025-09-23,30 de septiembre de 2024 18:23,Estados,,Anuncian Feria Nacional de la Cultura Rural en Chapingo,https://www.jornada.com.mx/noticia/2024/09/30/estados/anuncian-feria-nacional-de-la-cultura-rural-en-chapingo-1192
,"Rubicela Morelos Cruz, corresponsal",cultura,,2025-09-23,21 de febrero de 2025 14:49,Estados,,En Morelos procesan a ex secretaria de Cultura de Graco Ramírez,https://www.jornada.com.mx/noticia/2025/02/21/estados/en-morelos-procesan-a-ex-secretaria-de-cultura-de-fraco-ramirez-100
,Ángel Vargas y Fernando Camacho,cultura,"El paquete económico presentado por Hacienda asigna a la Secretaría de Cultura federal (SC) para 2025 un presupuesto de 12 mil 81 millones de pesos (mdp), 4 mil 673 millones menos que este año, cuando se le otorgaron 16 mil 754 mdp, lo que representa una disminución de 27.8 por ciento.
Esta es la menor asignación de recursos públicos en materia de cultura desde la creación de esa secretaría, en 2015, cuyo presupuesto más bajo había sido en 2017, cuando recibió 12 mil 428 millones de pesos.
La Dirección General de Culturas Populares, Indígenas y Urbanas bajará de 159.3 mdp en 2024 a 147.4 en 2025 (7.4 por ciento menos), mientras la de Sitios y Monumentos del Patrimonio Cultural irá de 289.3 mdp a sólo 83.2 millones (71 por ciento).
Entre los organismos dependientes de la SC que tendrán una caída más pronunciada está el Instituto Nacional de Antropología e Historia, el cual tendrá un descenso de 45 por ciento de sus fondos, al pasar de 8 mil 6 mdp en 2024 a sólo 4 mil 401 millones en 2025.
En el caso del Instituto Nacional de Bellas Artes y Literatura, tendrá asignaciones el año entrante por 3 mil 386 mdp, lo que significa una caída de 7 por ciento respecto a los 3 mil 631 millones recibidos en 2024.
Radio Educación también tendrá una baja presupuestal de 7.4 por ciento, al caer de 86.5 mdp a 80.1 millones. Para el Instituto Nacional del Derecho de Autor, la baja será de 6.6 por ciento (de 78.4 mdp a 73.1), y el del Instituto Nacional de Estudios Históricos de las Revoluciones de México, de 7.5 por ciento (de 37.6 mdp a 34.8 millones).
Por lo que se refiere a las entidades apoyadas por la SC, la constante también es la pérdida de recursos de un año al otro. El Centro de Capacitación Cinematográfica, por ejemplo, bajará 4.2 por ciento (de 30 mil 442 mdp a 29 mil 158 millones); el Instituto Nacional de Lenguas Indígenas, 3.3 por ciento (de 79.1 mdp a 76.4), y el Fideicomiso para la Cineteca Nacional, 6 por ciento (de 49.9 mdp a 46.9).
El Canal 22 descenderá de 149.9 mdp a 143.8 (4.06 por ciento), y la Compañía Operadora de Centro Cultural y Turístico de Tijuana, de 104.5 mdp a 100 (4.3 por ciento).
Entre los pocos organismos que tendrán aumentos presupuestales, aunque sea mínimos, están el Instituto Mexicano de Cinematografía, que subirá de 308.3 mdp a 314.2 (1.9 por ciento); los Estudios Churubusco Azteca, de 28 mdp a 29.1 (3.9 por ciento) y el Fondo Nacional para el Fomento de las Artesanías, de 135.3 mdp a 135.6 (0.1 por ciento).
No se contemplan recursos para la red de librerías Educal, que está en un proceso de fusión con el Fondo de Cultura Económica.",2025-09-23,17 de noviembre de 2024 08:24,Economía,,Propone SHCP recorte de 28% en presupuesto para cultura,https://www.jornada.com.mx/noticia/2024/11/17/economia/propone-shcp-recorte-de-28-en-presupuesto-para-cultura-5151
,Alma E. Muñoz y Arturo Sánchez,cultura,"Ciudad de México.  En la primera edición del concurso México Canta, organizado por la Secretaría de Cultura, se alcanzaron 15 mil participantes a través de la plataforma correspondiente. 12 mil 418 son del país y 2 mil 697 se ubican en Estados Unidos.
Claudia Curiel, titular de la dependencia, precisó que los participantes principalmente son de estado de México (18.72 por ciento), Ciudad de México (17.56 por ciento), Jalisco (8.79) y Puebla (5.77).
Se inscribió por el género banda, norteño, pop, campirano, rock, rap/hip hop y boleto, en ese orden.
Con este concurso “vamos a generar una nueva cultura mexicana que hable de fortaleza y de México. Hay un talento de jóvenes que nos sorprende”, aseveró en la mañanera del pueblo.
Indicó que Grupo Intocable, la esposa de Vicente Fernández y Roberto Guadarrama, productor de los Bukis, apoyan en el proceso.
Marina Núñez Bespalova, subsecretaria de Desarrollo Cultural, informó que del 12 al 15 de este mes se realizará el encuentro de arte decorativo y utilitario en el Complejo Cultural Los Pinos, a partir de las 10 de la mañana.
Están convocados 250 artesanos de 28 estados, que representarán a 22 culturas de México. Participarán cocineras tradicionales y habrá alrededor de 30 mil piezas.
Al término de estos anuncios, en el Salón Tesorería de Palacio Nacional se transmitió un video sobre el Museo Nacional de Antropología, donde se agradeció al pueblo y principado de Asturias por el galardón Concordia del Premio Princesa de Asturias, que le fue otorgado.
“Es un galardón que reconoce la importancia del Museo Nacional de Antropología como el espacio privilegiado de la grandeza, la diversidad y la fortaleza cultural de México, desde los primeros impulsos civilizatorios que florecieron en nuestro territorio hasta la vitalidad, creatividad y resistencia de las culturas vivas”.
Por otro lado, la secretaria de Cultura aseguró que no hay ninguna denuncia en contra del director de Seguridad y Resguardo del Patrimonio Cultural del Instituto Nacional de Antropología e Historia (INAH), Pedro Alberto Velázquez Castro, ante versiones de que fue denunciado por acoso sexual cuando se desempeñó como director del Centro de Vigilancia del Instituto Nacional de Migración.
“No hemos tenido una denuncia formal y no tenemos conocimiento de ninguna”, pero dijo que si alguien tiene información, que presente la denuncia correspondiente.",2025-09-23,06 de junio de 2025 08:22,Cultura,,Suman 15 mil participantes para concurso México Canta: Secretaría de Cultura,https://www.jornada.com.mx/noticia/2025/06/06/cultura/suman-15-mil-participantes-para-curso-mexico-canta-secretaria-de-cultura
,Alonso Urrutia y Alma Muñoz,cultura,"El gobierno de la República formalizó la revocación del permiso para administrar el Parque Bicentenario, el cual ahora pasará a la Secretaría de Cultura federal, en coordinación con el Gobierno de la Ciudad de México, anunció Claudia Curiel, titular de la dependencia, .
Se va a facilitar otro tipo de oferta para el público y trabajar de manera responsable para el beneficio colectivo, que sea un rescate de un bien común, de un patrimonio para el país, que no esté en manos de una empresa que lucra principalmente con todo esto, comentó la funcionaria.
Durante la conferencia presidencial en Palacio Nacional, Curiel sostuvo que hacia finales del sexenio de Enrique Peña Nieto se concesionaron las 55 hectáreas de lo que fue la Refinería 18 de Marzo. En principio, sólo pagaban un millón y medio de pesos al año para operar un lugar que tiene muchas oportunidades de lucro, porque tiene muchos espacios para renta. Si bien hay un área pública, gran parte de ellos se pueden alquilar.
La decisión de revocar la concesión se tomó después del fallecimiento de dos fotoperiodistas el 5 de abril durante la celebración del festival Axe Ceremonia en el Parque Bicentenario. Desde entonces, la Secretaría de Desarrollo Agrario, Territorial y Urbano, el Instituto de Administración y Avalúos de Bienes Nacionales, la Consejería Jurídica del Ejecutivo federal y la Secretaría de Cultura hicieron un trabajo coordinado para recuperar y darle un uso público.
¿Qué es lo que vamos a hacer próximamente? Este siguiente mes tenemos que entrar con todas estas instituciones a hacer el inventario del lugar. Hay siete ecosistemas, entonces también con la Semarnat vamos a trabajar y de ahí hacer un relanzamiento de este espacio público, afirmó Curiel.
Destacó que por razones de utilidad pública se buscará el acceso a la cultura, pues el resguardo del patrimonio tiene que ver también con el Plan Nacional de Desarrollo del rescate de espacios públicos. Por eso se asignó a la dependencia que encabeza.
En marzo de 2018, en el gobierno de Peña Nieto, el Instituto de Administración y Avalúos de Bienes Nacionales otorgó en concesión y administración el Parque Bicentenario a la empresa Operadora de Proyectos de Entretenimiento NLP, con el objetivo de promover el disfrute e interacción con los ecosistemas y recursos naturales por medio de experiencias culturales, artísticas, deportivas y de entretenimiento que propicien el bienestar de la sociedad.
El  Diario Oficial de la Federación  publicó ayer la declaratoria de rescate por causas de utilidad e interés público del título de concesión otorgado a Proyectos de Entretenimiento NLP para el uso, aprovechamiento y explotación de una superficie de poco más 108 mil 366 metros cuadrados del parque, que por cierto ayer estuvo cerrado.
Lo anterior incluye tres áreas verdes, un edificio de ladrillo, el gran auditorio, jardín de magnolias, explanada, lagos, cafetería, estacionamiento, áreas de alimentos y bebidas todo ello, para el uso, aprovechamiento y explotación de una superficie de mayor extensión que es de 550 mil 147.74 metros cuadrados.",2025-09-23,24 de mayo de 2025 08:50,Capital,,Recupera Cultura federal administración del Parque Bicentenario,https://www.jornada.com.mx/noticia/2025/05/24/capital/recupera-cultura-federal-administracion-del-parque-bicentenario
,"Armando G. Tejeda, Corresponsal",cultura,,2025-09-23,21 de diciembre de 2024 09:30,Cultura,,Lectores de Barcelona se solidarizan con la librería Sant Jordi ante su inminente cierre,https://www.jornada.com.mx/noticia/2024/12/21/cultura/lectores-de-barcelona-se-solidarizan-con-la-libreria-sant-jordi-ante-su-inminente-cierre-950
,Juan José Olivares,cultura,"Este espíritu se inclinó por el camino de la luz difundida en el metauniverso sonoro.
Tras pasar los primeros años de su adolescencia en la capital de Illinois, se mudó a San Francisco para perfeccionar sus estudios musicales. Ahí conoció a Blaine L. Reininger con quien creó Tuxedomoon, conjunto de experimentadores que en su tiempo fueron considerados como vanguardistas.
Dejó Estados Unidos a principios de la década de 1980. Viró a Europa y se estableció en Bruselas (Bélgica) por 12 años.
Luego de un viaje a México y tras degustar la naturaleza de nuestro país, pareció recordar su raíz real y decidió no dejarla. Era 1993. Primero estuvo en la Ciudad de México y luego se trasladó a Oaxaca (de donde sabía, sólo era tierra de artistas plásticos), pero la conoció y decidió ser parte de ella.
Esteban Café o, Steven Brown es un hombre con la capacidad de ser invisible a través de la acústica (en sentido figurado), que hizo de estos terruños un laboratorio de creación. Ha formado grupos con ecléctica propuesta. Infinidad de proyectos: desde la musicalización de películas mudas clásicas hasta piezas para montajes de danza, teatro y moda. Creaciones en solitario con la ayuda de amigos, y colaboraciones con otros artistas sin parar desde 1983.
En México formó Nine Rain, que hacía fusiones entre el jazz, el son jarocho, diversos ritmos latinos y el rock experimental. Ensamble Kafka y su  música oaxaqueña actual  (como la ha calificado). Cinema Domingo Orchestra, que musicaliza en vivo películas mudas y clásicas. También ha producido discos y se ha ido de gira con la Banda Regional Mixe de Oaxaca, una de las representaciones musicales de los sonidos de esa entidad.
“Llegué en julio de 1993 para quedarme…”, remarca a  La Jornada  el señor Café, creativo, activista conectado con la conciencia colectiva.
Extiende algunos de sus recuerdos inolvidables: “Llegar a México y quedarme en la casa de Illy Keller (uno de los originadores del punk en este país) a unas calles de la casa de Luis Buñuel. Llenar la Sala Nezahualcóyotl, una de las mejores de Latinoamérica, tocando con Blaine Reininger y Tuxedomoon. Ir con los zapatistas en Chiapas. Actuar en una película ( Salón México , versión de José Luis García Agraz) junto con grandes talentos. Cursar un diplomado de plantas medicinales en Cuernavaca. Ser víctima de un secuestro exprés... Estar en Oaxaca durante la rebelión social de 2006, como un  remake  de la comuna de París de 1871. Hacer una gira tocando música original para la película  Qué Viva México , de Sergei Eisenstein”.
Continúa: “Trabajar con la Banda Regional Mixe de Tlahuitoltepec haciendo discos, giras nacionales, europeas y en Rusia. Ir a Tlacotalpan (Veracruz) para la fiesta de la Candelaria y el festival de jaraneros…”
Como tomas que se vuelven secuencias cinematográficas, Esteban, se hizo especialista en sonorizar filmes y hasta aparecer en ellos, despliega los acontecimientos que lo cimentaron en lares mexicanos.
Rememora que en octubre de 93 vino su ex compañero Blaine para hacer un concierto en la sala Neza. Tuxedomoon nunca había tocado en México; se agotaron las entradas. Ese año, probó como actor en el  remake  del clásico del  Indio  Fernández de 1949,  Salón México , donde aparecieron Blanca Guerra, Edith González y Demián Bichir entre otros.
En 1994, celebrando con su familia en Estados Unidos, decide regresar a México luego del surgimiento del movimiento zapatista. Vino a participar en la primera Convención Nacional Democrática en la que se presentó el EZLN (Ejército Zapatista de Liberación Nacional). Dos años después, junto con dos compañeros de Nine Rain,  hicimos una gira por Italia en beneficio del EZLN; con el dinero que mandamos, se apoyó la construcción de un hospital en la zona .
La historia de activismo social de Steven se remonta a los años 70 –como compartió– cuando un grupo de indígenas en Chicago ocuparon un laboratorio gubernamental como protesta; él tenía 18 años y se fue con su cámara formato super 8 en mano para hacer entrevistas con los que protestaban; por esas mismas fechas “asistí también al  memorial  para Fred Hampton, jefe local del Partido de las Panteras Negras que fue asesinado por policías en Chicago”.
En 1995, se acuerda Steven, entró en la Escuela Nacional de Antropología e Historia (ENAH) a tomar clases de náhuatl, y talleres “de chamanismo y hongos, por si hacía falta.
¿Por qué estudiar náhuatl? , se pregunta Steven.  Sabía que esta lengua era la lengua franca del México prehispánico; que la mayoría de los pueblos y ciudades del centro y sur del país tenían nombres en este idioma sin mencionar que millones de mexicanos aún lo hablan; cuando llegué a vivir en Bélgica, hice el esfuerzo por aprender francés, luego, trabajando cada año en Italia con Tuxedomoon, tomé clases de italiano. Es muy importante aprender la lengua de donde uno reside, es lo menos que se puede hacer para integrarse y agradecer a quienes nos reciben y permiten formar parte de su día a día .
En los años noventa, de total aprendizaje, se adentró en un diplomado de plantas medicinales,  tema que siempre me interesó y finalmente México, en este caso, Cuernavaca, me dio la oportunidad de entrar en este mundo de conocimiento. Otro hecho transcendental para mí , resaltó.
Años más tarde, ya establecido y natural en México, Steven no se detuvo por ventarrón alguno y su esencia hiperactiva lo ha mantenido latente: muchos álbumes bajo su nombre y moviéndose. En 2009 obtuvo una nominación por parte de la academia mexicana de cine para el premio Ariel como mejor música por el documental  El informe Toledo , sobre el recordado artista juchiteco. También participó en la creación de la banda sonora de  Blue Velvet Revisited , documental sobre la realización de la película de David Lynch.
Pero sin duda lo que más ama, como lo ha reafirmado en estas páginas, es  Oaxaca, su paisaje y los inevitables encuentros diarios con los lados brillantes y oscuros de la historia y la cultura de México .
Celebra 30 años de vivir aquí y va a festejarlo con un concierto junto con otros músicos como José Manuel Aguilera, quien perteneció a Nine Rain.
Ha sido algo extraordinario , manifiestó.
La cita es a las 20 horas el 25 de octubre en Eligio Ancona 145. Boletos en el Alicia, en Venas Rotas Discos, Animal Records y Marabunta Café.",2025-09-23,16 de octubre de 2024 07:54,Espectáculos,,"""Amo Oaxaca y los encuentros con los lados brillantes y oscuros de su historia y cultura""",https://www.jornada.com.mx/noticia/2024/10/16/espectaculos/amo-oaxaca-y-los-encuentros-con-los-lados-brillantes-y-oscuros-de-su-historia-y-cultura-8010
,Eirinet Gómez,cultura,"Queremos construir una República cultural a través de una gestión que amplíe sus enfoques y diversifique las formas de ejercer los derechos culturales, afirmó Lucina Jiménez, directora general de Formación y Gestión Cultural de la Secretaría de Cultura. Apostamos por una promoción cultural que respete la identidad de los pueblos indígenas y el conocimiento de las comunidades, pero que también responda a los desafíos del mundo pospandemia, los avances tecnológicos y la crisis climática, agregó.
En entrevista con  La Jornada , desde su oficina en el edificio Esmeralda del Complejo Cultural Los Pinos, la funcionaria subrayó que es momento de dejar atrás la visión del derecho cultural limitado al acceso a bienes y servicios artísticos. En su lugar, propuso entenderlo como un eje del desarrollo sostenible, en el que las personas no sólo sean receptoras, sino participantes activos.
Existe una demanda creciente de formación sobre cómo gestionar los recursos culturales en los distintos territorios, cómo fortalecer nuevos enfoques de gestión que coloquen en el centro la relación entre cultura y sostenibilidad de manera estrecha, señaló.
Para alcanzar este propósito, jugarán un papel estratégico las universidades de Chihuahua, Oaxaca, Colima, y Guadalajara, así como el Instituto Tamaulipeco para la Cultura y las Artes y el Centro de las Artes de Guanajuato. A través de ellas se han diseñado diplomados, talleres y laboratorios de formación que responden a las realidades locales y comunitarias. Los primeros comenzarán en mayo.
Hemos establecido una relación con los estados con base en la colaboración, la coproducción y en el respeto a la diversidad de las iniciativas. Una orientación importante es no imponer un mismo modelo, no tener una sola forma de pensar ni unos currículos homogéneos, planteó.
Explicó que cada proceso de formación se diseñó en diálogo con las universidades y centros participantes, y responde a causas específicas de la región. Mencionó, por ejemplo, el diplomado en gestión cultural de base comunitaria cultural y recursos bioculturales, de la Universidad de Colima.
Ahí hay un diseño multidisciplinario que reúne saberes de especialistas en medio ambiente, territorio y gestión. Además, incluye una experiencia internacional, con el análisis de la experiencia de un museo que ya ha trabajado el tema de los recursos bioculturales.
También destacó el diplomado en artes escénicas y digitalidad en colaboración con el Laboratorio de Experimentación digital del Instituto Tamaulipeco de la Cultura y las Artes. Allá hay un movimiento de más de 300 jóvenes que han realizado un trabajo de autoformación en ese campo y muchos de ellos buscan profesionalizarse. Es decir, no es algo que nos inventamos desde un escritorio.
Relevo generacional
Jiménez subrayó que los únicos ejes comunes en estos programas, son derechos culturales, territorio, comunidad y sostenibilidad. La diversidad la aportan los contenidos locales y regionales.
Resaltó que los jóvenes son parte esencial de los diplomados diseñados. Es nuestra tarea que estén incluidos en todos los programas. Eso permitirá el relevo generacional.
Frente a uno de los grandes retos del sector cultural –la precarización laboral–, la funcionaria federal consideró que “la gestión artística aporta mucho, pero ha recibido muy poco. Es difícil ver anuncios que digan ‘busco gestor cultural’. ¿Por qué? Porque aún no está reconocida como profesión. Por eso vamos a trabajar en su reconocimiento”.
Comentó que ya ha iniciado conversaciones con la Secretaría de Educación Pública, a través del Consejo Nacional de Normalización y Certificación de Competencias Laborales (Conocer), para que esta actividad sea formalmente reconocida como una profesión.
México está asumiendo por primera vez el campo de la gestión cultural y el pensamiento de las políticas culturales como una política, apuntó.
Jiménez señaló que el principal desafío en la promoción de este nuevo enfoque es lograr la sostenibilidad. Lo más importante en lo que debemos trabajar es en la sostenibilidad. Los proyectos que se fincan bien, pero no se anclan a la inmovilidad, son los que tienen futuro.",2025-09-23,09 de abril de 2025 09:33,Cultura,,"""La gestión artística aporta mucho; sin embargo, ha recibido muy poco""",https://www.jornada.com.mx/noticia/2025/04/09/cultura/la-gestion-artistica-aporta-mucho-sin-embargo-ha-recibido-muy-poco
,"Reyes Martínez Torrijos, enviado",cultura,,2025-09-23,14 de enero de 2025 07:37,Cultura,,Tulum como patrimonio de una cultura viva: la maya,https://www.jornada.com.mx/noticia/2025/01/14/cultura/tulum-como-patrimonio-de-una-cultura-viva-la-maya-9399
,Enrique Méndez y Fernando Camacho,cultura,"El proyecto de Presupuesto de Egresos de la Federación 2026 prevé un recorte de mil 984 millones de pesos a la Secretaría de Cultura, una disminución de 16.1 por ciento en términos reales, respecto de lo aprobado por la Cámara de Diputados para este año, cuando ascendió a 15 mil 81.5 millones de pesos.
Desde el año pasado, cuando se presentó el primer paquete económico de la actual administración, la Secretaría de Hacienda propuso asignar a Cultura 12 mil 81.5 millones de pesos. Sin embargo, como parte de las reasignaciones, la Cámara de Diputados autorizó 3 mil millones de pesos más al sector.
De ese monto, mil 500 millones de pesos se autorizaron al Instituto Nacional de Antropología e Historia (INAH), que contenían 500 millones en servicios personales para la protección y conservación del patrimonio cultural, y mil 500 millones de pesos al Instituto Nacional de Bellas Artes y Literatura (Inbal), que incluían 500 millones en servicios personales para mejorar los servicios educativos, culturales y artísticos.
Con esos ajustes de la Cámara, el presupuesto de Cultura ascendió a 15 mil 81.5 millones, pero ahora se propone una reducción.
El principal afectado en el proyecto recibido por la Cámara de Diputados es el Inbal, que para este año dispone de 4 mil 886 millones 398 mil 100 pesos, pero en la propuesta aparece con 3 mil 493 millones 30 mil 411 pesos.
Otras instituciones afectadas serán los Estudios Churubusco Azteca, que para este año tienen un gasto aprobado por la Cámara de 29 millones 142 mil 468 pesos, mientras en la propuesta de Hacienda para el año siguiente se consideran 27 millones 53 mil 638 millones; también, el Fideicomiso de la Cineteca Nacional, que pasa de 46 millones 904 mil 610 pesos a 44 millones 111 mil 290.
En tanto, otras instancias de Cultura registran aumentos, como Radio Educación, a la que se proponen 87 millones 508 mil 29 pesos, un aumento de 7.3 millones, 9.22 por ciento más; el Centro de Capacitación Cinematográfica, que tendría 31 millones 669 mil 449 pesos, esto es 2.5 millones más, un aumento de 8.6 por ciento.
Otros, aunque registran un incremento nominal, en términos reales será marginal o tendrán una reducción. Es el caso del Instituto Mexicano de Cinematografía, con fondos por 329 millones 441 mil 300 pesos, esto es 15.2 millones más, 4.8 por ciento; y el Instituto Nacional de Estudios Históricos de las Revoluciones de México, para el que se consideran 35 millones 313 mil 724 pesos, 509 mil 899 pesos más (1.4 por ciento).",2025-09-23,10 de septiembre de 2025 08:26,Cultura,,Presupuesto de Egresos prevé recorte de 16.1% para la Secretaría de Cultura,https://www.jornada.com.mx/noticia/2025/09/10/cultura/presupuesto-de-egresos-preve-recorte-de-161-para-la-secretaria-de-cultura
,Fernando Buen Abad Domínguez*,cultura,"Es crucial quebrar el dominio imperial de EU para que eso que llamamos hoy  multipolaridad  no se convierta en multiplicación de imperios. Que todo cambie para que nada cambie. La  multipolaridad  de la que algunos hablan, sin adjetivos rigurosos, corre el peligro de ser sólo un maquillaje de ocasión para un sistema macabro que se sustenta en la hegemonía de la industria militar yanqui, en su crimen organizado y en sus máquinas de guerra ideológica. Y se sustenta, claro, con el servilismo y la complicidad de no pocas jaurías que han secuestrado gobiernos en todo el planeta.
Un mundo  multipolar  en paz, sin explotados, sin hambre… con respeto las diversidades, sólo puede ser conquistado por quienes luchan para defendernos de un colonialismo nuevo. Hay que romper sus paradigmas ideológico-culturales que son vertederos de lógica imperial y arrogancia burguesa. Desactivar las formas del engaño por más  ilusionista ,  generoso ,  progresista  que se disfrace, porque se trata de inoculaciones de  falsa conciencia  dirigidas contra los pueblos, en todo el mundo y contra las iniciativas soberanas emergentes del Sur, que deben asumir sin engaños el rol emancipador por exigencia de los pueblos.
Esa idea de lo  multipolar  a escala planetaria no se consigue sólo con  bancos  nuevos; no se arregla entre  convenios de cooperación  ni con abrazos efusivos o apretones de manos diplomáticas. Está en medio el debate capital-trabajo y, de cómo se lo asuma y desde dónde. Revisemos la eficacia y la eficiencia de todas las  buenas intenciones  que hoy se mueven con las banderas de lo  multi  o de lo  pluri . Está la historia horrenda y dolorosa a que ha sido sometida la humanidad por la barbarie y el despilfarro de las clases dominantes ahora multiplicadas, exponencialmente, por el capitalismo. Si la  multipoaridad  modelo BRICS resulta ser un tapete nuevo debajo del cual se escondan todos los muertos del capitalismo; si opera como un silenciador térmico esa  multipolariad  corre también el peligro de ser un gran laboratorio de palabrerío anestésico especializado en fabricar dosis de reconciliación de clase y desmemoria macabra, sólo que con fachadas  multi  o  pluri . ¿Habrá que recordar que quien se olvida de la historia es candidato a repetirla como comedia patética?
Ya con la retórica de la  globalización  nos tundieron sin clemencia y no seremos tan irresponsables de no exigir hoy explicaciones semánticas y políticas suficientes para que la  multipolaridad  del BRICS no sea un espejismo de género nuevo, ideado por los  think tanks  de moda en el  top ten  del saqueo y la explotación  revival . Importa muy poco qué pasaporte posea el capitalismo, qué banderas flamee o qué himnos cante. Lo mismo da que sea yanqui, ruso, chino o brasileño. El capitalismo, en su fase imperial, tampoco está muy interesado en parafernalias nacionalistas (aunque lo parezca) y mucho menos en detalles, como las necesidades objetivas ni las identidades o las tradiciones épicas de los pueblos en lucha. En las guerras inter-burguesas no existen  buenos  y  malos , todos son feligreses de la propiedad privada y de la acumulación del capital. Y la clase trabajadora aparece condenada siempre a pagar esa pachanga. Incluso victimada con emboscadas ideológicas. No vamos a engañarnos.
Pero el peligro de la duda (hasta no tener claro el rumbo del BRICS) no anula la necesidad de quebrar el dominio del imperio yanqui. Tampoco implica cancelar –o satanizar– cualquier iniciativa, así sea parcial, que permita dar pasos hacia la soberanía concreta mandatada por los pueblos. Sólo hay que asegurarnos de que tales pasos se dirijan hacia donde los pueblos mandan y no aparezcan los piratas reformistas que siempre tuercen caminos y veredas hacia sus reinos burocráticos plagados con gerentes serviles. La gracia radica en no caer en las trampas semánticas de las burguesías. La gracia está en no ilusionarse con falacias ni hacerse esclavo de ellas. Ese error nos ha costado mucho.
Mejor que la  multipolaridad , a secas, es la  multipolaridad  de pueblos libres, la que permita mirarnos solidariamente como iguales y abrazar un internacionalismo humanista que sólo lo es si es de los pueblos, desde abajo y democrático. Mejor la  multipolaridad  de la integración que no esclaviza, la que se hace rigurosa en el combate al hambre, a la explotación y al saqueo, la  multipolaridad  que no depreda al planeta ni a los seres humanos. Es mejor la  multipolaridad  que exhibe las heridas que el capitalismo le ha infligido y demuestra cómo se lucha contra los males endógenos y exógenos, con un plan emancipador, desde lo económico hasta lo intelectual. Es mejor la  multipolaridad  anticapitalista y antimperialista que no esconde la explotación de los obreros ni en China, ni en Rusia ni donde exista. Por esa  multipolaridad  de los pueblos emancipados es que se lucha desde hace mucho tiempo, es la que anhelan quienes luchan por la unidad internacionalista y es la  multipolaridad , producto de una revolución de la conciencia, en la que nada tenemos que perder. Saquemos cuentas.
* Director del Instituto de Cultura y Comunicación y Centro Sean MacBride. Universidad Nacional de Lanús",2025-09-23,18 de septiembre de 2023 09:39,Opinión,,"BRICS, comunicación y cultura",https://www.jornada.com.mx/noticia/2023/09/18/opinion/brics-comunicacion-y-cultura-370
,Ángel Vargas,cultura,"La creación de la Unidad Estratégica de Culturas Vivas, Patrimonio Inmaterial e Interculturalidad (UCVPII) no implica la desaparición de ninguna área ni instancia de la Secretaría de Cultura (SC) federal, sostuvo Diego Prieto Hernández, quien el miércoles pasado fue nombrado titular de esa nueva iniciativa gubernamental, dejando atrás una gestión de nueve años al frente del Instituto Nacional de Antropología e Historia (INAH).
No desaparece la Dirección General de Culturas Populares, Indígenas y Urbanas, sino que la reorganiza y le da mayor fuerza, afirmó el antropólogo en entrevista con  La Jornada.
Los ladrillos de esta unidad están esencialmente en la Dirección General de Culturas Populares y en las áreas de vinculación cultural y comunitaria. No se destruye nada: se reconstruye y construye un nuevo andamiaje institucional.
Reiteró lo publicado ayer en estas páginas de que esta nueva instancia formará un triángulo virtuoso con el INAH y el Instituto Nacional de Bellas Artes y Literatura (Inbal): El primero atiende el patrimonio monumental; el segundo, el artístico, y nosotros, el patrimonio vivo. Esta articulación es clave para la política cultural.
Recordó también la insistencia de la presidenta Claudia Sheinbaum para que esta unidad favorezca una reinvención del Instituto Nacional de Lenguas Indígenas (Inali) y trabaje muy de la mano con él, porque la lengua no se conserva sin cultura.
También, dijo, se le encomendó una relación muy estrecha con el Fondo Nacional para el Fomento de las Artesanías (Fonart), pues a la primera mandataria le interesa mucho fortalecer el trabajo y la función artesanal.
Prieto Hernández detalló que la instancia recién creada tendrá cuatro funciones principales: investigar, promover, salvaguardar y difundir las expresiones culturales vivas de nuestras comunidades.
Precisó que, a diferencia del INAH, esta investigación no será académica, o no sólo académica, sino participativa, donde las comunidades no son objeto de estudio, sino sujetos activos.
En cuanto a la tarea de promoción, enfatizó: el Estado no impone cultura, sino que facilita que surja desde las comunidades, mientras sobre la salvaguarda explicó que no se trata de conservar de forma estática como con una pirámide, sino de crear condiciones para que tradiciones como danzas o cantos se sigan renovando de manera generacional.
En términos de difusión, aclaró que buscará articular esfuerzos con otras dependencias para que estas expresiones lleguen a más mexicanos, siempre respetando su origen comunitario. No es folclor: es vida cotidiana transformadora.
Acerca del rango jerárquico de la UCVPII, precisó que está arriba de una dirección general y debajo de una subsecretaría; reafirmó que tendrá dos direcciones generales: una técnica y otra de acción territorial, enfocadas en investigación participativa y trabajo comunitario.
Al preguntarle acerca del tema presupuestal, reconoció que no hay una partida específica preconcebida para esta nueva instancia de la SC, pero confió en que los recursos llegarán conforme se acredite el trabajo.
Prieto Hernández subrayó que esta nueva unidad priorizará la salvaguarda de tradiciones −no conservación, pues lo vivo cambia− y proyectos como México Canta, lanzado por el gobierno federal, en el que la gente reinventa su cultura, no el Estado.
Resumió que, de alguna manera, se trata de retomar el México profundo de Guillermo Bonfil Batalla. No estamos inventando una panacea, simplemente retomamos planteamientos ya existentes. La historia de este país nació hace siglos, no es que la estemos inventando.
Múltiples logros
Respecto de sus nueve años al frente del INAH, Prieto defendió su gestión frente a señalamientos sobre una presunta precarización del instituto y su papel en megaproyectos como el Tren Maya, asegurando que, pese a las dificultades presupuestales, el instituto logró consolidarse y recuperar su ADN social y popular.
Recordó que, en 2016, el INAH estuvo al borde del colapso por la transición −desde finales de 2015− de la Secretaría de Educación Pública a la recién creada Secretaría de Cultura, lo que generó un déficit histórico. No había para pagar la nómina en diciembre de ese año, admitió.
Mencionó entre los logros la promulgación del  Reglamento de la Ley orgánica del INAH  en 2021 −pendiente desde 1939−, la reconstrucción de más de 2 mil 300 monumentos dañados por los sismos de 2017 y la participación en proyectos prioritarios como el Tren Maya, el Programa Nacional de Reconstrucción y Chapultepec. El instituto recuperó su impronta cardenista, su visión social del patrimonio, afirmó.
Sobre las acusaciones de que el INAH antepuso intereses políticos a la protección del patrimonio durante la construcción del Tren Maya, el antropólogo fue contundente: Lo niego rotundamente: no es cierto que se haya sacrificado el patrimonio, y atribuyó esas críticas a la oposición política al gobierno.
Explicó que esos trabajos de salvamento arqueológico no sólo siguieron los protocolos del Consejo de Arqueología, sino que incluso revolucionaron metodologías.
El coordinador del salvamento, Manuel Pérez Rivas, sin duda algún día será reconocido como alguien que revolucionó las metodologías del salvamento arqueológico, el cual tiene un antes y un después del Tren Maya.
Frente a las protestas de trabajadores por recortes y deterioro de museos, el funcionario reconoció carencias, pero las atribuyó a un déficit acumulado. En 2016 ya había precariedad. No es que antes fuera una jauja y nosotros la destruimos, dijo. Mencionó que la pandemia de covid agravó la situación al reducir ingresos por taquillas y recortar partidas, pero subrayó que se evitaron despidos.
En relación con los sueldos, aclaró que los empleados de base mantuvieron sus derechos, aunque admitió que los mandos medios y el personal eventual enfrentan condiciones difíciles.
Una cosa muy bonita del INAH es que siempre va a haber debate, pero en el fondo, digo yo, nos queremos mucho, concluyó.",2025-09-23,18 de julio de 2025 07:28,Cultura,,"""El Estado no impone cultura: facilita que surja desde las comunidades"": Diego Prieto",https://www.jornada.com.mx/noticia/2025/07/18/cultura/el-estado-no-impone-cultura-facilita-que-surja-desde-las-comunidades-diego-prieto
,Alma E. Muñoz y Arturo Sánchez,cultura,"Ciudad de México.  Después de que el gobierno federal recuperó el Parque Bicentenario, ubicado en la alcaldía Miguel Hidalgo, la secretaría de Cultura, Claudia Curiel de Icaza, informó que reabre el próximo martes con un esquema de operación mixto -gobierno federal, capitalino e iniciativa privada- para continuar con actividades artísticas.
La reapertura del parque, que fue concesionado a privados “en las últimas horas del gobierno de Enrique Peña Nieto,  a través de un acuerdo que fue muy poco benéfico para el gobierno y para el público”, se da a más de tres meses del fallecimiento de dos fotógrafos, al caerles encima una estructura decorativa en el Axe Ceremonia.
Curiel explicó que el gobierno federal recuperó el parque con el objetivo de ofrecer a la ciudadanía espacios seguros “de utilidad pública, con fuerte compromiso social y medioambiental”.
Dijo que se realizaron trabajos de supervisión y están por concluir el mantenimiento a las 55 hectáreas del parque, bajo la supervisión de la Secretaría de Medio Ambiente y Recursos Naturales.
El parque mantendrá su horario de las 07:00 a las 18 horas con acceso gratuito, de martes a domingo.
Curiel de Icaza precisó que el esquema de operación mixto se da, a través de un convenio de colaboración con el Auditorio Nacional, con el comité que integran el gobierno federal, el de la Ciudad de México y la iniciativa privada, para desarrollar “actividades de alta calidad, como en el Auditorio Nacional, y que los recursos sean usados principalmente para actividades culturales”.
Esto, sostuvo, “permitirá no sólo la sostenibilidad del parque, su mantenimiento, sino que vamos a fortalecer la infraestructura para ofrecer instalaciones seguras para el público y para los promotores”.
Agregó que habrá “muchas actividades gratuitas y también privadas, pero siempre con una visión social accesible, por supuesto, y con un compromiso de una política medioambiental”.
Por otro lado, la secretaria de Cultura dijo que la próxima semana darán a conocer a los primeros 365 clasificados del Concurso México Canta, que tiene como objetivo promover la paz e ir contra las adicciones.
Mencionó que con este concurso, el gobierno federal busca generar nuevas narrativas, que no tengan que basarse en la apología de la violencia, sino fortalecer la tradición de los géneros, ritmos y raíces de las distintas regiones de nuestro país.
“Es impresionante el talento que hemos encontrado, van a llorar. Se los aseguro, se les va a poner la piel chinita. Hay artistas que… no sabemos que hacer con tanto talento”, subrayó la secretaria.
Como parte del jurado -que hizo la clasificación de manera virtual-, la cantautora Regina Orozco, en video, también destacó el talento de los participantes.",2025-09-23,27 de junio de 2025 08:35,Cultura,,Parque Bicentenario reabre el próximo martes con esquema mixto de operación,https://www.jornada.com.mx/noticia/2025/06/27/cultura/parque-bicentenario-reabre-el-proximo-martes-con-esquema-mixto-de-operacion
,La Redacción,cultura,,2025-09-23,29 de enero de 2025 18:29,Cultura,,Fallece la pintora Silvia H. González ,https://www.jornada.com.mx/noticia/2025/01/29/cultura/fallece-pintora-silvia-h-gonzalez-5451
,Alma E. Muñoz y Emir Olivares,cultura,"Ciudad de México.  La presidenta, Claudia Sheinbaum Pardo, informó que convocará a los jóvenes mexicanos a un concurso de música mexicana que no tenga nada que ver con la apología de la violencia.
“Muy pronto va a venir la secretaria de Cultura porque vamos a hacer un festival, un concurso que va a pasar por todos los estados, de música mexicana con otros contenidos, que no tengan nada que ver con la apología de la violencia.
“Que hablen de amor, de desamor, de la patria, de otras cosas, del paisaje; vamos a invitar a todos los jóvenes mexicanos que les gusta la música a un concurso que va a durar varios meses para encontrar talentos y que se impulse una visión distinta”.
Todo eso, sostuvo, tiene que ver con atención a las causas, “el trabajo que encabeza Rosa Icela (Rodríguez, secretaria de Gobernación) en los territorios tiene que ver con eso, con la presencia del gobierno en los territorios. Que se acerquen (los jóvenes) a un programa, a una actividad; que les dé identidad distinta y también oportunidad de vida, de estudio diferente”.
Manifestó que sin eso no hay estrategia de seguridad, que “no sólo es policías, no es sólo es fuerzas armadas, no sólo es fiscalía. También y fundamentalmente es dar una opción de vida distinta a las y los jóvenes, principalmente”.
Indicó que también está con reducir la impunidad, que “tiene que ver con el despliegue de las fuerza territorial, el fortalecimiento de la Guardia Nacional, con la inteligencia, la investigación y la coordinación”.",2025-09-23,25 de febrero de 2025 09:15,Cultura,,Busca Sheinbaum que la música aleje de la violencia a los jóvenes,https://www.jornada.com.mx/noticia/2025/02/25/cultura/busca-la-presidenta-alejar-a-jovenes-de-la-violencia-a-traves-de-la-musica-6337
,la redacción,cultura,,2025-09-23,27 de abril de 2025 10:23,Sociedad,,"Fortalecen con la iniciativa ""En la UNAM juntos somos más"" la cultura de la paz",https://www.jornada.com.mx/noticia/2025/04/27/sociedad/fortalecen-con-la-iniciativa-en-la-unam-juntos-somos-mas-la-cultura-de-la-paz-y-la-identidad-universitaria
,Pablo Espinosa y Mónica Mateos,cultura,"Si bien las rutas principales del trabajo que durante los próximos seis años se realizarán en el sector tienen que ver también con derechos laborales, apoyos a la creación e infraestructura, entre otros, se hará  una intervención profunda para el rescate de las escuelas de educación artística .
En una larga charla con  La Jornada , realizada en sus oficinas de Chimalistac, en el sur de la Ciudad de México, Curiel explicó que  no solamente vamos a pintar una pared o darles una guitarra (a las escuelas), sino que se hará un estudio profundo de las necesidades en infraestructura y equipamiento. Sobre todo, vamos a trabajar en la actualización de los programas de estudio, pues hay unos que llevan 10 o 20 años sin cambios .
Agregó que han sido muy fructíferas las reuniones con las comunidades estudiantiles, porque son precisamente éstas las que le han informado de las carencias, también en cuanto a temas pedagógicos.
Al fortalecer las escuelas del Instituto Nacional de Bellas Artes y Literatura,  que son el corazón  del sistema educativo que depende de la Secretaría de Cultura federal (SC), continuó la secretaria, se estará en condiciones de  ampliar el espectro , esto es, que los artistas profesionales intervengan a escala nacional en la transformación educativa del país.
“No vamos a reducir la educación artística a que sólo quienes estudian arte se van a dedicar a ser artistas y son los que deben recibir esa enseñanza. La educación artística es un derecho de todos y por medio de la Secretaría de Educación Pública (SEP) vamos a trabajar en las escuelas de educación básica y media superior, en sus horarios extendidos, como mencionó la presidenta Claudia Sheinbaum en sus Cien Compromisos. Vamos a intervenir en temas de formación.

“Estamos evaluando qué nos hace falta en nivel medio superior para cerrar los huecos”, detalló la secretaria en la conversación con ‘La Jornada’. Foto Marco Peláez
“Con las personas que diseñaron los programas de la SEP vimos que ya están los contenidos, los docentes los tienen, pero falta el cómo activarlos en iniciación artística. Ahí es donde vamos a entrar con nuestros alumnos para diseñar cómo intervenir en territorio por medio de artes escénicas, teatro, música.
Vamos a recuperar los programas de teatro y danza escolar y que no sea sólo presentarnos en un foro como el Palacio de Bellas Artes o estudiar arte sólo para dar clases en un aula. Vamos a dar herramientas pedagógicas más amplias, que además nos lo han pedido nuestros estudiantes, para intervenir en comunidades o en apoyo de la educación artística no formal, sin descuidar su formación profesional.
La idea es que en los horarios extendidos en las primarias y secundarias de la SEP se integren deporte y cultura, que haya un sistema pedagógico certificado que no quede reducido a dibujar o a una flauta,  nosotros vamos a preparar a formadores de cómo intervenir en territorio a través del arte escénico, la danza o la música .
Esto quiere decir que tenemos que hablar de temas de inclusión, de cómo se trabaja con alumnos de acuerdo con sus contextos y necesidades. Hay que pensar que ya estamos en otro momento político y social, donde la cultura comunitaria es central y no el individualismo. Hay que pensar más en la colectividad y aprovechar al Inbal y a todas las escuelas que tenemos (la Nacional de Antropología e Historia, el Centro de Capacitación Cinematográfica, etcétera), en las cuales, además, casi 40 por ciento son estudiantes de los estados.
Curiel reconoció que ha habido reducción importante de la matrícula en estas instituciones, “porque rifarte a estudiar una carrera de ésas es complejo si además llegas y no tienes salida profesional o una formación pedagógica, o una escuela que te inspire y tenga las condiciones para una formación profesional. Vamos a trabajar también en recuperar y ampliar la matrícula.
Estamos evaluando qué nos hace falta en educación artística en nivel medio superior para cerrar los huecos, fortalecer el sistema y además incidir ahora con la SEP en iniciación artística; con nuestros equipos de alumnos y profesionales vamos a hacer un proyecto importante de educación y cultura comunitaria en los municipios.
Por todo lo anterior, al menos los primeros años del sexenio  no vamos a invertir en nueva infraestructura: vamos a reorientar recursos al tema de educación artística, a la infraestructura que ya existe y a seguir afinando los mecanismos de apoyos a la creación artística .",2025-09-23,28 de noviembre de 2024 07:12,Cultura,,"""Educación artística para todos""",https://www.jornada.com.mx/noticia/2024/11/28/cultura/educacion-artistica-para-todos-5813
,"Javier Salinas Cesáreo, corresponsal",cultura,,2025-09-23,10 de octubre de 2024 15:00,Cultura,,"En Texcoco, piden recuperar espacios públicos para el arte y la cultura",https://www.jornada.com.mx/noticia/2024/10/10/cultura/en-texcoco-piden-recuperar-espacios-publicos-para-el-arte-y-la-cultura-8757
,Reyes Martínez Torrijos,cultura,,2025-09-23,06 de febrero de 2024 08:45,Cultura,,Imponemos al marginado conceptos de desarrollo sin respetar lo que quiere,https://www.jornada.com.mx/noticia/2024/02/06/cultura/imponemos-al-marginado-conceptos-de-desarrollo-sin-respetar-lo-que-quiere-7084
,"Armando G. Tejeda, corresponsal",cultura,,2025-09-23,04 de junio de 2025 06:26,Cultura,,Museo Nacional de Antropología gana el Premio Princesa de Asturias de la Concordia 2025,https://www.jornada.com.mx/noticia/2025/06/04/cultura/museo-nacional-de-antropologia-gana-el-premio-princesa-de-asturias-2025
,Elena Poniatowska,cultura,,2025-09-23,19 de noviembre de 2023 08:35,Cultura,,Difusión cultural / Elena Poniatowska,https://www.jornada.com.mx/noticia/2023/11/19/cultura/difusion-cultural-elena-poniatowska-868
,Rolando Cordera Campos,cultura,"“La tarea de los hombres de cultura es, hoy más que nunca, sembrar la duda, no recoger certezas. De certezas –revestidas con el fasto del mito o edificadas con la piedra dura del dogma– están llenas, desbordantes, las crónicas de la seudocultura de los improvisadores, los diletantes, los propagandistas interesados. Cultura significa medida, ponderación, circunspección: valorar todos los argumentos antes de pronunciarse, comprobar todos los testimonios antes de decidir, y no pronunciarse ni decidir nunca a guisa de oráculo del cual dependa, su forma irrevocable, una elección perentoria y definitiva”.
Traigo a cuento una de las muchas y sabias consideraciones y reconsideraciones que hace Norberto Bobbio, político y filósofo turinés en su profunda  Autobiografía (Norberto Bobbio: Autobiografía , España, Taurus, 1998, p. 122) porque son, me parece, bocanadas de aire fresco en un medio y un mundo sometido al torpor de la rutina. Y sí, como nos aleccionan los expertos, un mundo sometido al más implacable estrés del que hayamos tenido noticia.
La naturaleza está estresada, tanto sus cuencas hidrológicas como los bosques; tanto los arrecifes como los océanos. El impacto de los humanos sobre el resto del mundo y sus recursos no ha respetado límite alguno y ahora tenemos que pagar esa factura planetaria.
La naturaleza está estresada, pero también lo estamos los humanos y nuestras colectividades. Las formas de relación y gobierno que nos hemos dado parecen estar irremediablemente agotadas. Incluso el poder revela su imparable desgaste.
Sin que seamos excepción ninguna, nuestras confrontaciones diarias, sea época electoral o no, nos hablan de una política ruidosa, erizada de conflictos y tormentas; de descalificaciones y en gran medida sin contenido ni sentido. La gran arena que muchos imaginamos al despuntar la transición a la democracia se nos presenta hoy azolvada, dominada por el interés mezquino e inmediatista. Ni partidos ni políticos se atreven a hacer propuestas de renovación y largo plazo. Se imponen así la  guerra sucia,  el cómodo anonimato que proporcionan las redes sociales. El absurdo invade todos los ámbitos de nuestra vida pública.
No es éste el mejor momento de la convivencia entre nosotros, a pesar del cansino mensaje mañanero que nos presenta al pueblo bueno unido bajo la batuta presidencial. Va imponiéndose un tono gris y quienes buscan imitar al que manda no hacen sino el ridículo.
Tenemos que rendirnos a la evidencia: lo que ha sobrevenido con el avance de la política plural es un rezago pasmoso en nuestro lenguaje y prácticas de relación política. Lo que impera es un extenso atraso cívico, educativo y cultural, que cruza la estructura social y de las clases y se apodera del verbo de la política. Para empobrecerlo sin cesar.
Los mexicanos y sus partidos y preferencias tenemos enfrente un largo sendero de aprendizaje para convivir con las diferencias, valorarlas y respetarlas; a buscar acuerdos y equilibrios entre intereses opuestos: tal es el talante democrático que se nos perdió en el camino y nos urge encontrar y reditar. Eso es, sin remedio, el mandato inseparable de vivir en democracia.
Los partidos tienen que demostrar que lo son y dar muestras inequívocas de respeto a las diferencias, entendidas como fuente posible de mayor y mejor conocimiento. Por eso es que para muchos de nosotros los debates han sido decepcionantes. Ni un atisbo de que los contendientes entienden y asumen el valor del intercambio y el diálogo. Todo ha sido un soliloquio sin imaginación ni gracia.
Así llegamos, un tanto agotados, al fin de la jornada electoral, y nos preparamos para ver y escuchar el último debate presidencial y darnos cuenta de la impunidad del crimen y nuestra indefensión institucional y política. Es tiempo de hacer las dolorosas cuentas de una democracia descuidada y ahora maltrecha.
Pero nuestro único camino es civilizado y, a pesar de todo, promisorio.",2025-09-23,19 de mayo de 2024 00:02,Opinión,,De (in)cultura y política,https://www.jornada.com.mx/noticia/2024/05/19/opinion/de-in-cultura-y-politica-598
,Arturo Sánchez Jiménez y Alonso Urrutia,cultura,"La funcionaria, designada por Sheinbaum como su próxima secretaria de Gobernación, presentó en la conferencia de prensa matutina de López Obrador el último informe quincenal del gabinete de seguridad del tabasqueño y afirmó que  la forma de gobernar en México sí ha tenido un impacto positivo en la población .
Gracias, señor Presidente, que nos ha enseñado la cultura de la paz por encima de la de la guerra , dijo tras señalar que esta administración cierra con una caída de 19 por ciento en el número de homicidios dolosos respecto a las cifras de 2018, con una baja de 12.7 por ciento en el número de hogares víctimas de robo y extorsión en ciudades del país y con un disminución de 14.3 puntos porcentuales en la proporción de ciudadanos que consideran que es inseguro vivir en su ciudad.
Agregó que a lo largo de este sexenio hubo un incremento de 132 por ciento en el número de ciudadanos que confían en el gobierno federal, al pasar de 25.5 por ciento en 2017 al 59.1 en 2024.
La secretaria Rodríguez presentó el informe  Diez cambios con impacto en la gobernanza nacional , elaborado a partir de cifras del Inegi, en el que destacó que entre 2018 y 2022 en 27 entidades del país se redujo de manera simultánea la tasa de víctimas de delitos y el porcentaje personas en situación de pobreza, y destacó que en ese periodo en ninguna entidad se incrementaron de manera paralela la pobreza y los delitos.
Añadió que en el primer semestre de 2024 se registró una baja de 12.7 por ciento en el número de hogares víctimas de robo y extorsión en ciudades del país respecto a 2018, al pasar de 38.6 por ciento en el primer semestre de aquel año a 25.9 en el primer semestre del actual.
Indicó que mientras al comienzo del sexenio 73.7 por ciento de la población consideraba que era inseguro vivir en su ciudad, para junio de 2024 este porcentaje se redujo 14.3 puntos porcentuales y se ubicó en 59.4 por ciento.
En tanto, hubo una mejora en la expectativa social sobre la delincuencia, afirmó la funcionaria, pues mientras en el segundo trimestre de 2018 68.3 por ciento de la población adulta pensaba que la delincuencia seguiría igual de mal o empeoraría, para el mismo periodo de 2024 ese porcentaje bajó a 50.5 por ciento, lo que significa una caída de 17.8 puntos porcentuales, el nivel más bajo registrado en 43 trimestres.
Reportó que 53.5 por ciento de la población adulta da el más alto nivel de confianza al presidente López Obrador, según datos de marzo pasado.
Además, en el Salón Tesorería fue proyectado un video en el que se destacaron acciones tomadas en los últimos seis años por el gobierno en materia de seguridad, entre las que destacó que, según cifras de finales de agosto, ha habido una baja de 19 por ciento en el número de asesinatos registrados en el país, mientras el secuestro cayó 77 por ciento y el feminicidio, 41.6 por ciento.",2025-09-23,18 de septiembre de 2024 07:14,Política,,"""Cultura de paz este sexenio deja sólida base en seguridad""",https://www.jornada.com.mx/noticia/2024/09/18/politica/cultura-de-paz-este-sexenio-deja-solida-base-en-seguridad-8899
,"René Ramón, corresponsal",cultura,"Nezahualcóyotl, Mex.  Este miércoles inició la entrega gratuita más de cinco mil libros de literatura en 200 escuelas públicas de nivel básico. Este programa cultural y educativo, es inédito en esta localidad.
El alcalde Adolfo Cerqueda Rebollo y Antonio Hernández Estrella, gerente comercial del Fondo de Cultura Económica (FCE), encabezaron la entrega de los primeros títulos para la comunidad escolar de la Escuela Secundaria General N° 39 ""Revolución Mexicana"" en la colonia Loma Bonita.
El presidente municipal, informó que el arranque del denominado programa ""Sueños para Todos"", forma parte del convenio firmado, recientemente, entre el gobierno local y el escritor Paco Ignacio Taibo II, titular del FCE.
“El objetivo, fomentar el hábito y el placer por la lectura entre las niñas, niños y adolescentes y que mejor hacerlo que durante los festejos del día de la niñez”, sostuvo el edil.
Los más de cinco mil libros a distribuir de forma gratuita para todas las escuelas públicas, forman parte de títulos diversos de las diferentes colecciones del FCE. Se entregarán obras de la literatura universal, así como novelas y cuentos contemporáneos.
El alcalde, precisó que el Programa lleva el nombre de Sueños para Todos, porque “un libro nos hace soñar que podemos estar en otro lugar y espacio, nos hace viajar a donde quizás nunca vayamos o estemos”.
Cerqueda Rebollo, indicó que entre los textos que podrán leer las niñas y niños, se encuentran ¡Ves al revés!, de Jeanne Willis y Tony Ros; La peor señora del mundo de Francisco Hinojosa; La Casa Imaginaria de Pilar Mateos; Travesuritis Aguda dee Rafael Barajas “El Fisgón” y El Zurcidor del Tiempo de Alicia Molina, entre otros.
El presidente municipal, solicitó la ayuda de docentes y tutores, a fomentar la lectura como un placer, más no como una obligación.
Al respecto, Antonio Hernández Estrella gerente comercial del FCE, destacó las diversas acciones implementadas en esta localidad para el fomento a la lectura. Ciudad Neza, dijo, es una tierra muy fértil para los libros y la cultura.
Como parte de la estrategia de fomento a la lectura se llevará a cabo la Feria Internacional del Libro Neza 2025 del 14 al 18 de mayo, en la explanada Unión de Fuerzas.",2025-09-23,30 de abril de 2025 15:04,Cultura,,Entregan libros a 200 escuelas públicas de Nezahualcóyotl,https://www.jornada.com.mx/noticia/2025/04/30/cultura/fce-entrega-libros-a-200-escuelas-publicas-de-nezahualcoyotl
,Prensa Latina,cultura,"Nueva York.  Dos retratos infantiles pintados por Frans Hals que se rematarán en la casa de subastas de Sotheby’s, en esta urbe, son esperados hoy por autoridades de cultura de Países Bajos.
Museos neerlandeses, apoyados por fondos públicos y privados, se encargarán de ambas obras luego de la puja.
Se trata de un hecho trascendental para el arte neerlandés, ya que alrededor del año 1628 fueron realizados por su autor quien “probablemente retrató a sus propios hijos”, consideraron las autoridades de Países Bajos.
Es como una “incorporación única del artista”, remarcaron.
Según anunció este martes el Ministerio neerlandés de Cultura, los dos retratos -hasta ahora propiedad de coleccionistas privados extranjeros- volverán a Países Bajos después de ser adquiridos en la subasta de Sotheby’s.
“Niño tocando el violín” y “Niña cantando” fueron pintados alrededor de 1628 por Hals yahora las pinacotecas neerlandesas, el Mauritshuis, de La Haya, y el Museo Frans Hals, de Haarlem, pagaron 7,8 millones de dólares por las obras, según el canal público NOS.
Los retratos de Hals ofrecen una mirada a la vida cotidiana del siglo XVII y representan un gran ejemplo del característico trazo suelto del pintor.
Es bonito ver cómo dos museos, con el apoyo del gobierno y de donantes privados, unen fuerzas para que este arte excepcional esté al alcance de todos, señaló el ministro neerlandés de Cultura, Eppo Bruins, quien calificó de “maravilloso” ver los cuadros “volver a casa”, enfatizó.
Hals es conocido por sus retratos de personas comunes en actividades diarias.
El Ministerio neerlandés de Cultura recuerda que justamente este tipo de obra era casi inexistente hasta hoy en la Colección Nacional, y estos retratos son “aún más especiales por la posibilidad de que esos niños sean los propios hijos del artista”, destacó.
Ambas obras permanecerán juntas y se exhibirán a partir de mediados de julio rotando entre los museos en Haarlem y La Haya.
Frans Hals (1583-1666) se considera uno de los pintores neerlandeses más destacados y originales del mencionado siglo debido a su forma de pintar, con pinceladas vivas y composiciones llenas de naturalidad, dándole un estilo propio que marcó la diferencia.
En su época, gozó de gran popularidad, sobre todo por sus retratos de personajes acomodados, como cerveceros adinerados y miembros de la milicia de Haarlem; también se interesó por la gente del pueblo, y eso lo convirtió en pionero de un enfoque más cercano y cotidiano que luego se observó en todo el país.
Su obra fue clave para movimientos como el impresionismo y artistas como Vincent van Gogh.",2025-09-23,27 de mayo de 2025 11:22,Cultura,,Retratos subastados en Nueva York regresan a Países Bajos,https://www.jornada.com.mx/noticia/2025/05/27/cultura/retratos-subastados-en-nueva-york-regresan-a-paises-bajos
,Alonso Urrutia y Alma Muñoz,cultura,,2025-09-23,16 de abril de 2025 09:31,Espectáculos,,"Fundamental, construir cultura de paz por encima de la censura a 'narcocorridos': Sheinbaum",https://www.jornada.com.mx/noticia/2025/04/16/espectaculos/fundamental-construir-cultura-de-paz-por-encima-de-la-censura-a-narcocorridos-sheinbaum
,Eirinet Gómez,cultura,,2025-09-23,24 de marzo de 2025 13:41,Cultura,,Trabajadores del Inbal exigen mejores condiciones laborales,https://www.jornada.com.mx/noticia/2025/03/24/cultura/trabajadores-del-inbal-exigen-mejores-condiciones-laborales
,Ángel Vargas,cultura,,2025-09-23,14 de mayo de 2020 11:00,Cultura,,Participa la 'Jefa Fabiana' en lectura del Fondo de Cultura Económica,https://www.jornada.com.mx/noticia/2020/05/14/cultura/participa-la-jefa-fabiana-en-lectura-del-fondo-de-cultura-economica-2013
,"Javier Santos, corresponsal",cultura,,2025-09-23,25 de noviembre de 2024 19:29,Cultura,,Otorgan Premio Nacional de Poesía amado Nervo en Nayarit,https://www.jornada.com.mx/noticia/2024/11/25/cultura/otorgan-premio-nacional-de-poesia-amado-nervo-en-nayarit-4019
,"Jim Cason y David Brooks, Corresponsales",cultura,"Washington y Nueva York. , El presidente estadunidense, Donald Trump, ha lanzado una revolución cultural que busca rescribir la historia oficial de su país, borrando narrativas sobre las vidas y luchas de pueblos indígenas, afroestadunidenses, latinos, inmigrantes y gays al censurar literatura y exhibiciones museográficas, así como promover a artistas conservadores “patrióticos”, cuyas cualidades principales parecen ser una lealtad absoluta al mandatario.
Exhibiciones que celebran la experiencia inmigrante y la vida de la comunidad latina ya se han removido de recintos nacionales; obras de teatro y música encabezada por artistas de la comunidad LGBT han sido canceladas en sitios públicos como el Centro Kennedy, en Washington, mientras la Casa Blanca sigue elaborando directrices para más cambios de este tipo. Directores de museos nacionales ya renunciaron o fueron despedidos.
A finales de agosto, el actual director de los museos del Instituto Smithsoniano (complejo de 19 recintos y centros de investigación públicos más importante del país) se reunió con Trump después de que la Casa Blanca emitió una larga lista de obras de arte que ordenaba retirar de exhibiciones públicas. Todo esto “se siente un poco como censura”, comentó en entrevista con el  Washington Post  Spencer Crow, ex director del Museo Nacional de Historia Estadunidense.
La purga de arte y cultura ya está avanzada. En una visita al Museo Nacional de Historia Estadunidense,  La Jornada  confirmó que toda la galería nombrada Historia Latina, auspiciada por la familia Molina, la cual el museo describió como “la primera galería dedicada a la experiencia y contribuciones latinas a Estados Unidos”, cerró tres meses antes de lo programado. “Está clausurada por renovaciones”, comentó un empleado del recinto a  La Jornada  sin más explicación. Varias de las obras de esta exhibición estaban incluidas en una lista publicada por la Casa Blanca de piezas que no eran “consistentes” con la visión del presidente Trump sobre la cultura nacional.
“¿Así se sentían los artistas de la Alemania de Hitler?”
Entre las obras en esa galería se encontraba  El 4 de julio desde el sur de la frontera,  dibujo del artista y caricaturista mexicano Felipe Galindo  Feggo.  Según la lista de la Casa Blanca, esta obra se vincula con un artículo publicado en el sitio de la ultraconservadora Federalist Society, quejándose de que “se muestra a migrantes observando los fuegos artificiales del Día de la Independencia a través de una apertura en el muro fronterizo entre Estados Unidos y Mexico”. Esta obra, junto con otra que afirma que “Estados Unidos se robó un tercio del territorio de México en 1848 con el  Tratado de Guadalupe Hidalgo”,  aparentemente ofendieron al presidente y a su equipo.
“¿Así se sentían los artistas de la Alemania de Hitler cuando sus obras eran etiquetadas como ‘arte degenerado’?’, preguntó  Feggo  en un comentario enviado a  La Jornada.
“El arte es poderoso. Los artistas no deben ser acosados, censurados ni silenciados. La libertad de expresión es un pilar fundamental de la democracia, y cualquier intento de suprimirla debe ser resistido con firmeza”, concluyó.
En el centro de otra galería se exhibe una estatua de unos tres metros de altura parecida a la de la Libertad, pero en esta versión la figura tiene piel morena, un jitomate en una mano y porta una canasta de la misma verdura en la otra. Su pedestal dice: “Yo también soy estadunidense”.
La figura de papel maché, creada por la artista Kat Rodriguez, se hizo famosa porque fue cargada por jornaleros agrarios durante una marcha de 377 kilómetros por la justicia en Florida organizada por trabajadores mexicanos, haitianos y guatemaltecos de la Coalición de Trabajadores de Immokalee en demanda de mejores condiciones de trabajo y protección de los derechos laborales. La obra fue donada al Smithsoniano.
Pero la Casa Blanca decidió que esta información e imágenes no son parte de la historia oficial.
Un representante del museo rehusó confirmar a  La Jornada  si la estatua y otras obras serán retiradas. Pero un recorrido por una exhibición llamada  De muchas voces, cuentos, vidas, nos volvemos Estados Unidos,  deja dudas sobre si será tolerada mucho más por este gobierno.
A unos pasos de la estatua, hay otras exhibiciones en torno a cómo la frontera compartida con México, el éxito de los inmigrantes profesionistas, la lucha por la justicia de los afroestadunidenses y la de los derechos de la cominidad LGBT forman parte del mosaico llamado “Estados Unidos”.
Para Donald Trump y sus aliados, esta historia requiere ser blanqueada. “El Smithsonian está fuera de control; todo lo abordado es sobre qué tan horrible es nuestro país, qué tan mala era la esclavitud”, escribió el mandatario en sus redes sociales en agosto. Un comentarista preguntó: “¿cuál fue la parte buena de la esclavitud?”
“Restaurar la verdad”
Las acciones más recientes de la Casa Blanca dan seguimiento a una orden ejecutiva emitida en marzo con la intención proclamada de “Restaurar verdad y sanidad a la historia estadunidense”.
Trump explicó en esa orden que “es la política de mi gobierno recordar a los estadunidenses nuestro legado extraordinario, el progreso consistente en volvernos una unión más perfecta y el historial sin igual de promover la libertad, la prosperidad y el florecer humano”.
En sus instrucciones para implementar esa orden, la Casa Blanca declaró que el propósito de esta evaluación es “asegurar el alineamiento con la directriz del presidente de celebrar el excepcionalismo estadunidense”, entre otras cosas.
Los primeros pasos en este esfuerzo incluyeron el despido del bibliotecario del Congreso y el archivista nacional, el remplazo de toda la junta directiva del Centro Kennedy y decretos que instruyen al Servicio de Parques y otros monumentos nacionales a evaluar su literatura y programas con el fin de excluir contenido “negativo” sobre Estados Unidos y retirar todo lo crítico para el 17 de septiembre.
El presidente también logró recortar el financiamiento tanto de la televisión como la radio públicas, así como del Fondo Nacional de las Artes y el de Humanidades. Además, nombró un equipo para “evaluar” las artes, incluyendo la música y otras expresiones culturales asociadas con instituciones federales.
Esta “revolución cultural” ha sido acompañada por esfuerzos de censura ya impulsados anteriormente alrededor de Estados Unidos. Se registraron más de 10 mil intentos separados para prohibir libros en este país en 2024, según el PEN American Center.
Todas estas medidas han sido condenadas por bibliotecarios, historiadores, artistas y otros trabajadores culturales.
“Contar la historia de Estados Unidos tiene que abarcar la historia plena y compleja de su pasado y presente, incluyendo una evaluación honesta de males e injusticias, y un reconocimiento del proyecto sin la finalidad de crear una unión más perfecta”, declaró Hadas Harris, del organismo mundial de escritores.
“El esfuerzo de este gobierno de rescribir la historia es una traición a nuestras tradiciones democráticas y un esfuerzo muy preocupante de sacar la verdad de las instituciones que cuentan nuestra historia nacional, que abarca desde el Smithsoniano hasta nuestros parques nacionales.”",2025-09-23,12 de septiembre de 2025 06:58,Cultura,,Avanza la purga cultural de Trump; busca borrar a las minorías de la historia de EU,https://www.jornada.com.mx/noticia/2025/09/12/cultura/avanza-la-purga-cultural-de-trump-busca-borrar-a-las-minorias-de-la-historia-de-eu
,"Javier Salinas Cesáreo, corresponsal",cultura,"Ecatepec, Méx.  Con la realización de más de 30 actividades culturales y artísticas, presentaciones de libros, charlas y 50 expositores; se llevará a cabo la primera Feria del Libro Ecatepec del 7 al 11 de mayo en la explanada municipal, en donde destacan la presentación de la escritora argentina, Dolores Reyes, de Paco Ignacio Taibo II, Luis Hernández Navarro, Bernardo Barranco, el flautista Horacio Franco y la cantante Regina Orozco.
Entre las presentaciones de libros están: “ Cometierra  y  Miseria “,  de la argentina, Dolores Reyes;  Golondrinas,  con Emiliano Ruiz Parra;  Fabricación,  de Ricardo Raphael;  La fuerza de la razón: Los estudiantes contra el neoliberalismo,  de Argel Gómez y  Una niña y su visión transformadora  de Irina Flores Infante.
Además, el libro  Cuentos reunidos,  de Beatriz Espejo;  Metal y Rudo cursi rudo,  de Samuel Segura;  Cuentos de madres y para las madres , con Miguel Alejandro Rivera.
Las charlas que se ofrecerán serán “La CNTE hoy” con Luis Hernández Navarro; Charlando con Paco I. Taibo II; “La reforma judicial” con Ángel Balderas; “Adicciones que matan” con Alex Naime y “45 años de Movimiento Urbano Popular, CONAMUP” con Gloria Tello, Miguel Noyola, Guillermo Rodríguez, Jesús Loredo y Martín Longoria.
Participarán también el flautista Horacio Franco y Francisco Cruz; Consuelo Sánchez, Héctor Díaz Polanco, Karla Motte y Bernardo Barranco.
La feria, organizada por el gobierno municipal de Ecatepec y la brigada Para Leer en Libertad, tendrá actividades artísticas como la presentación de Regina Orozco, la banda Calacas Jazz Band; el ensamble de violines de la Escuela secundaria 0200 “Prof. Roberto Ruiz Llanos “, la Ópera: La palabra se hace música; Trovadores “Colectivo cuerdas libres “y la banda de rockabilly Vainilla Industrial y Dinastía Esparza.
La presidenta municipal, Azucena Cisneros Coss, consideró que el objetivo es acercar lo más posible la cultura a los espacios sociales para crear una ruta que cambie vidas.
Anunció la participación de ocho escritores ecatepenses en la edición “Contar el viento”; una de ellas es Irina Flores que tiene 13 años y compartirá su primera obra.
“Pondremos especial atención en cómo ponemos cada vez más libros en manos de nuestros ciudadanos. Existe un esfuerzo nacional extraordinario por parte del Fondo de Cultura Económica por poner en circulación todo tipo de publicaciones mediante “Vientos del pueblo”.
Destacó que Ecatepec contará de ahora en adelante con una librería abierta del Fondo de Cultura Económica y anunció la instalación de un Librobus que estará de manera permanente en la explanada municipal.
Paloma Sainz, coordinadora de la Brigada para Leer en Libertad, señaló que se traerán libros a precios accesibles y la Antología de Cuento de escritores de Ecatepec que será regalado a los presentes; además se conocerán a los escritores y se propiciará el debate con los ponentes.",2025-09-23,06 de mayo de 2025 13:17,Cultura,,Acercarán la cultura a espacios sociales con la primera Feria del Libro Ecatepec ,https://www.jornada.com.mx/noticia/2025/05/06/cultura/acercaran-la-cultura-a-espacios-sociales-con-la-primera-feria-del-libro-ecatepec
,"Juan Carlos G. Partida, corresponsal",cultura,,2025-09-23,24 de septiembre de 2024 14:58,Cultura,,Unesco financiará proyecto que fortalece redes culturales en Jalisco,https://www.jornada.com.mx/noticia/2024/09/24/cultura/unesco-financiara-proyecto-que-fortalece-redes-culturales-en-jalisco-9498
,Felipe Ávila*,cultura,"Ayer se cumplieron 100 años del natalicio de Rosario Castellanos, una de nuestras más grandes escritoras, quien destacó por la calidad literaria de sus textos y por la profundidad con que abordó la condición de marginación y subordinación en que vivían las mexicanas, y criticó los valores, estereotipos, prejuicios y actitudes que la sociedad patriarcal les imponía. Por ello Rosario Castellanos fue pionera del feminismo mexicano y sigue siendo un referente fundamental para entender el mundo de las mujeres, sus problemas, su sensibilidad, sus sueños y aspiraciones y los obstáculos que enfrentan para hacerlos realidad.
Su tesis de maestría,  Sobre cultura femenina , es una rigurosa investigación en que crítica las opiniones de los filósofos y pensadores occidentales acerca de la mujer y sus capacidades intelectuales y creativas. Tras criticar a Schopenhauer, Weininger y Simmel, quienes consideraron a las mujeres inferiores e incapaces de crear cultura añadió:
“Es reveladora en este aspecto la actitud de Virgilio, que no coloca a ninguna mujer en sus Campos Elíseos, o en otro, la de Mahoma que las expulsó de su paraíso. Aristóteles se admira de que los mitilenos tuvieran en sumo honor a Safo, ‘aunque era mujer’. Eurípides, más cruel, se lamenta de que ‘no haya otro medio, fuera del femenino, para perpetuar la especie’. Juicios peores abundan. J. P. Moebius trató de demostrar, con pruebas ‘científicas’, que las mujeres tenían una deficiencia mental fisiológica. Y qué decir de los padres de la Iglesia. San Pablo afirmó que la mujer era naturalmente un animal enfermo y Santo Tomás la definió como un varón mutilado. Nietzsche redujo el problema al embarazo: ‘en la mujer todo es enigma y este enigma tiene un nombre: preñez’”.
Después de este repaso, Rosario sintetiza sus opiniones: “Sé, por ellos, que la esencia de la feminidad radica fundamentalmente en aspectos negativos: la debilidad del cuerpo, la torpeza de la mente, en suma, la incapacidad para el trabajo. Las mujeres son mujeres porque no pueden hacer ni esto ni aquello, ni lo de más allá. Y esto, aquello y lo de más allá está envuelto en un término nebuloso y vago: el término de cultura”. Por ello concluye: “El mundo que para mí está cerrado tiene un nombre: se llama cultura. Sus habitantes son todos del sexo masculino. Ellos se llaman a sí mismos hombres y humanidad a la facultad de residir en el mundo de la cultura y de aclimatarse a él… Ni yo ni ninguna mujer tenemos nada que hacer allí… El hombre es el rey de la creación… Él es quien dice los discursos, organiza la política y dicta las leyes. Él es quien escribe los libros y quien los lee, quien modela las estatuas y el que las admira. Él descubre las verdades y las cree y las expresa. Es el que tiene los medios de comunicación con Dios, el que oficia en sus altares, el que interpreta la voluntad divina y el que la ejecuta. Él es el que diseña los vestidos que usarán las mujeres y el que aprueba el diseño de los vestidos… Todo está sujeto a su dominio y depende de su habilidad: las cosas, los animales, las mujeres”.
En esa investigación describe la desproporción en las obras culturales masculinas y las pocas hechas por mentes y manos femeninas. La explicación no está en la incapacidad natural creativa de las mujeres, sino en la asimetría entre las posibilidades y medios que ofrece la sociedad a unos y otras, en el condicionamiento social, en la asignación tan dispar de roles y en la interiorización de esos roles de unos y otras. En su reflexión, encuentra que los hombres logran trascender a través de la cultura. Las mujeres, por el contrario, trascienden a través de la maternidad. No significa eso que sean incapaces de crear, de investigar, de escribir. Se trata del condicionamiento social que las lleva a cumplir un papel que les es impuesto: la reproducción, los cuidados, la educación de los hijos. Por eso escribe: “La mujer, en vez de escribir libros, de investigar verdades, de hacer estatus, tiene hijos”.
Sobre cultura femenina es un parteaguas en la reflexión de las mujeres sobre su propia condición y es una obra pionera del feminismo mexicano. Con su propia vida y obra, Rosario demostró que crear cultura y ser madre, no era una disyuntiva incompatible. En toda su vasta obra literaria posterior continuó su lucha contra el destino que la sociedad asigna a las mujeres, impulsando que fueran libres de hacer, pensar y decir lo que quisieran, de tener derechos, voluntad propia.
Cada vez fue mayor su defensa de los derechos femeninos, incluida su libertad sexual, al igual que una crítica política ya no sólo contra las costumbres, la cultura masculina, la asimetría de las relaciones sociales, la pobreza y marginación, la subordinación femenina, sino también una crítica contra la represión gubernamental, como en su  Memorial de Tlatelolco , poema que denuncia la matanza de estudiantes el 2 de octubre de 1968: La pluma de Rosario escribió algunas de las páginas más bellas de la literatura mexicana sobre el amor, los sueños, la esperanza, el desamor, los celos y la desesperanza. La mejor manera de recordarla es leyéndola, discutiéndola, valorándola. Su pensamiento sigue vivo y nutre nuestra reflexión sobre la realidad que vivimos y sobre nuestras mujeres hoy.
*Historiador",2025-09-23,26 de mayo de 2025 00:03,Opinión,,Rosario Castellanos y la cultura femenina,https://www.jornada.com.mx/noticia/2025/05/26/opinion/rosario-castellanos-y-la-cultura-femenina
,Clara Zepeda ,cultura,,2025-09-23,19 de noviembre de 2024 08:32,Cultura,,Actividad cultural en México se ralentizó y se crearon menos empleos en 2023,https://www.jornada.com.mx/noticia/2024/11/19/cultura/actividad-cultural-en-mexico-se-ralentizo-y-se-crearon-menos-empleos-en-2023-2374
